[2026-07-05T20:06:48.737] [DEBUG] debug-file - watch worker: worker id should be larger than 0. Nothing will be sent to any worker thread.
[2026-07-05T20:06:48.738] [DEBUG] debug-file - watch worker: worker id should be larger than 0. Nothing will be sent to any worker thread.
[2026-07-05T20:09:28.604] [DEBUG] debug-file - session manager: set active socket. socketId=okK0VQJSeNhDPodsAAAH
[2026-07-05T20:09:28.610] [DEBUG] debug-file - watch worker: worker id should be larger than 0. Nothing will be sent to any worker thread.
[2026-07-05T20:09:28.613] [DEBUG] debug-file - Workers' log level updated to INFO
[2026-07-05T20:09:28.616] [DEBUG] debug-file - Hvigor init with startParameters:{
  hvigorfileTypeCheck: false,
  parallelExecution: true,
  incrementalExecution: true,
  printStackTrace: false,
  daemon: true,
  analyze: 0,
  logLevel: Level { level: 20000, levelStr: 'INFO', colour: 'green' },
  optimizationStrategy: 'memory',
  hotCompile: undefined,
  hotReloadBuild: undefined,
  customizedParam: undefined
}
[2026-07-05T20:09:28.621] [DEBUG] debug-file - Cache service initialization finished in 5 ms 
[2026-07-05T20:09:28.622] [DEBUG] debug-file - hvigorfile, resolving E:\hongmeng\hvigorfile.ts
[2026-07-05T20:09:28.628] [DEBUG] debug-file - hvigorfile, require result:  { default: { plugins: [] } }
[2026-07-05T20:09:28.628] [DEBUG] debug-file - hvigorfile, binding system plugins null
[2026-07-05T20:09:28.630] [DEBUG] debug-file - Starting plugin build process
[2026-07-05T20:09:28.631] [DEBUG] debug-file - App plugin prepare start...
[2026-07-05T20:09:28.631] [DEBUG] debug-file - App plugin prepare end...
[2026-07-05T20:09:28.631] [DEBUG] debug-file - App plugin creating...
[2026-07-05T20:09:28.637] [DEBUG] debug-file - App plugin register hook start...
[2026-07-05T20:09:28.637] [DEBUG] debug-file - App plugin register hook end...
[2026-07-05T20:09:28.638] [DEBUG] debug-file - Plugin build process completed
[2026-07-05T20:09:28.638] [DEBUG] debug-file - Start initialize project's product build option map with build mode debug.
[2026-07-05T20:09:28.638] [DEBUG] debug-file - Picking option from product 'default' with build mode 'debug'.
[2026-07-05T20:09:28.638] [DEBUG] debug-file - Product 'default' build option initialized
[2026-07-05T20:09:28.639] [DEBUG] debug-file - End initialize project's product build option map with build mode 'debug'.
[2026-07-05T20:09:28.641] [DEBUG] debug-file - Obtain build option for product 'default'in this build.
[2026-07-05T20:09:28.644] [DEBUG] debug-file - No signingConfig found, initRemoteHspCache failed.
[2026-07-05T20:09:28.648] [DEBUG] debug-file - Start recording SDK configuration permission data.
[2026-07-05T20:09:28.686] [DEBUG] debug-file - Sdk init in 41 ms 
[2026-07-05T20:09:28.691] [DEBUG] debug-file - Project task initialization takes 4 ms 
[2026-07-05T20:09:28.691] [DEBUG] debug-file - hvigorfile, begin to bind custom plugins...
[2026-07-05T20:09:28.691] [DEBUG] debug-file - hvigorfile, no custom plugins were found in E:\hongmeng\hvigorfile.ts
[2026-07-05T20:09:28.691] [DEBUG] debug-file - hvigorfile, resolve finished E:\hongmeng\hvigorfile.ts
[2026-07-05T20:09:28.691] [DEBUG] debug-file - hvigorfile, resolving E:\hongmeng\entry\hvigorfile.ts
[2026-07-05T20:09:28.697] [DEBUG] debug-file - hvigorfile, require result:  { default: { plugins: [] } }
[2026-07-05T20:09:28.697] [DEBUG] debug-file - hvigorfile, binding system plugins null
[2026-07-05T20:09:28.698] [DEBUG] debug-file - Starting plugin build process
[2026-07-05T20:09:28.698] [DEBUG] debug-file - Hap plugin creating...
[2026-07-05T20:09:28.699] [DEBUG] debug-file - failed to load cangjie to dynamically generate schemas: Error: Cannot find module '@ohos/cangjie-build-support/index'
Require stack:
- D:\Program Files\DevEco Studio\tools\hvigor\hvigor-ohos-plugin\src\plugin\hooks\cangjie-register.js
- D:\Program Files\DevEco Studio\tools\hvigor\hvigor-ohos-plugin\src\plugin\strategy\stage-init-strategy.js
- D:\Program Files\DevEco Studio\tools\hvigor\hvigor-ohos-plugin\src\plugin\builder\abstract-plugin-builder.js
- D:\Program Files\DevEco Studio\tools\hvigor\hvigor-ohos-plugin\src\plugin\builder\app-plugin-builder.js
- D:\Program Files\DevEco Studio\tools\hvigor\hvigor-ohos-plugin\src\plugin\factory\plugin-factory.js
- D:\Program Files\DevEco Studio\tools\hvigor\hvigor-ohos-plugin\index.js
- E:\hongmeng\hvigorfile.ts
- D:\Program Files\DevEco Studio\tools\hvigor\hvigor\src\base\internal\lifecycle\configuration.js
- D:\Program Files\DevEco Studio\tools\hvigor\hvigor\src\base\boot\index.js
- D:\Program Files\DevEco Studio\tools\hvigor\hvigor\src\base\daemon\cluster\worker-process-lifecycle.js
- D:\Program Files\DevEco Studio\tools\hvigor\hvigor\src\base\daemon\process\daemon-process-boot-script.js
[2026-07-05T20:09:28.701] [DEBUG] debug-file - Start initialize module-target build option map, moduleName=entry, buildMode=debug
[2026-07-05T20:09:28.701] [DEBUG] debug-file - Target 'default' config initialized
[2026-07-05T20:09:28.702] [DEBUG] debug-file - Target 'ohosTest' config initialized
[2026-07-05T20:09:28.702] [DEBUG] debug-file - Module 'entry' target 'default' build option initialized
[2026-07-05T20:09:28.703] [DEBUG] debug-file - Module 'entry' target 'ohosTest' build option initialized
[2026-07-05T20:09:28.703] [DEBUG] debug-file - End initialize module-target build option map, moduleName=entry
[2026-07-05T20:09:28.703] [DEBUG] debug-file - Start initialize module-target build option map, moduleName=entry, buildMode=release
[2026-07-05T20:09:28.703] [DEBUG] debug-file - Target 'default' config initialized
[2026-07-05T20:09:28.705] [DEBUG] debug-file - Target 'ohosTest' config initialized
[2026-07-05T20:09:28.705] [DEBUG] debug-file - Module 'entry' target 'default' build option initialized
[2026-07-05T20:09:28.705] [DEBUG] debug-file - Module 'entry' target 'ohosTest' build option initialized
[2026-07-05T20:09:28.705] [DEBUG] debug-file - End initialize module-target build option map, moduleName=entry
[2026-07-05T20:09:28.706] [DEBUG] debug-file - Start initialize module-target build option map, moduleName=entry, buildMode=debug
[2026-07-05T20:09:28.706] [DEBUG] debug-file - Target 'default' config initialized
[2026-07-05T20:09:28.706] [DEBUG] debug-file - Target 'ohosTest' config initialized
[2026-07-05T20:09:28.706] [DEBUG] debug-file - Module 'entry' target 'default' build option initialized
[2026-07-05T20:09:28.706] [DEBUG] debug-file - Module 'entry' target 'ohosTest' build option initialized
[2026-07-05T20:09:28.706] [DEBUG] debug-file - End initialize module-target build option map, moduleName=entry
[2026-07-05T20:09:28.706] [DEBUG] debug-file - Obtain build option for module 'entry' target 'default'in this build.
[2026-07-05T20:09:28.708] [DEBUG] debug-file - Module entry task initialization takes 1 ms 
[2026-07-05T20:09:28.708] [DEBUG] debug-file - Hap plugin register hook start...
[2026-07-05T20:09:28.708] [DEBUG] debug-file - Hap plugin register hook end...
[2026-07-05T20:09:28.708] [DEBUG] debug-file - Plugin build process completed
[2026-07-05T20:09:28.709] [DEBUG] debug-file - hvigorfile, begin to bind custom plugins...
[2026-07-05T20:09:28.709] [DEBUG] debug-file - hvigorfile, no custom plugins were found in E:\hongmeng\entry\hvigorfile.ts
[2026-07-05T20:09:28.709] [DEBUG] debug-file - hvigorfile, resolve finished E:\hongmeng\entry\hvigorfile.ts
[2026-07-05T20:09:28.750] [DEBUG] debug-file - hvigorfile, resolve hvigorfile dependencies in 42 ms 
[2026-07-05T20:09:28.751] [DEBUG] debug-file - project has submodules:entry
[2026-07-05T20:09:28.752] [DEBUG] debug-file - start to load updatedOhPackageInfo to the disk
[2026-07-05T20:09:28.754] [DEBUG] debug-file - load to the disk finished
[2026-07-05T20:09:28.755] [DEBUG] debug-file - Start to initialize dependency information.
[2026-07-05T20:09:28.761] [DEBUG] debug-file - Module hongmeng Collected Dependency: 
[2026-07-05T20:09:28.761] [DEBUG] debug-file - Module hongmeng's total dependency: 0
[2026-07-05T20:09:28.762] [DEBUG] debug-file - Start to initialize dependency information.
[2026-07-05T20:09:28.763] [DEBUG] debug-file - Module entry Collected Dependency: 
[2026-07-05T20:09:28.764] [DEBUG] debug-file - Module entry's total dependency: 0
[2026-07-05T20:09:28.765] [DEBUG] debug-file - Configuration phase cost:144 ms 
[2026-07-05T20:09:28.766] [DEBUG] debug-file - Configuration task cost before running: 153 ms 
[2026-07-05T20:09:28.771] [DEBUG] debug-file - Executing task :entry:default@PreBuild
[2026-07-05T20:09:28.774] [DEBUG] debug-file - Task 'entry:default@PreBuild' cost while wrapping incremental declarations: 1 ms 
[2026-07-05T20:09:28.782] [DEBUG] debug-file - Incremental task entry:default@PreBuild pre-execution cost: 6 ms .
[2026-07-05T20:09:28.782] [DEBUG] debug-file - entry : default@PreBuild cost memory 0.732025146484375
[2026-07-05T20:09:28.785] [INFO] debug-file - UP-TO-DATE :entry:default@PreBuild...  
[2026-07-05T20:09:28.786] [DEBUG] debug-file - Executing task :entry:default@CreateModuleInfo
[2026-07-05T20:09:28.786] [DEBUG] debug-file - Task 'entry:default@CreateModuleInfo' cost while wrapping incremental declarations: 1 ms 
[2026-07-05T20:09:28.786] [DEBUG] debug-file - entry : default@CreateModuleInfo cost memory 0.04111480712890625
[2026-07-05T20:09:28.786] [DEBUG] debug-file - runTaskFromQueue task cost before running: 173 ms 
[2026-07-05T20:09:28.787] [INFO] debug-file - Finished :entry:default@CreateModuleInfo... after 1 ms 
[2026-07-05T20:09:28.789] [DEBUG] debug-file - Executing task :entry:default@GenerateMetadata
[2026-07-05T20:09:28.790] [DEBUG] debug-file - Task 'entry:default@GenerateMetadata' cost while wrapping incremental declarations: 1 ms 
[2026-07-05T20:09:28.791] [DEBUG] debug-file - Incremental task entry:default@GenerateMetadata pre-execution cost: 1 ms .
[2026-07-05T20:09:28.791] [DEBUG] debug-file - entry : default@GenerateMetadata cost memory 0.0782623291015625
[2026-07-05T20:09:28.791] [INFO] debug-file - UP-TO-DATE :entry:default@GenerateMetadata...  
[2026-07-05T20:09:28.792] [DEBUG] debug-file - Executing task :entry:default@ConfigureCmake
[2026-07-05T20:09:28.792] [DEBUG] debug-file - entry : default@ConfigureCmake cost memory 0.0144805908203125
[2026-07-05T20:09:28.793] [DEBUG] debug-file - runTaskFromQueue task cost before running: 179 ms 
[2026-07-05T20:09:28.793] [INFO] debug-file - Finished :entry:default@ConfigureCmake... after 1 ms 
[2026-07-05T20:09:28.794] [DEBUG] debug-file - Executing task :entry:default@MergeProfile
[2026-07-05T20:09:28.794] [DEBUG] debug-file - Task 'entry:default@MergeProfile' cost while wrapping incremental declarations: 1 ms 
[2026-07-05T20:09:28.796] [DEBUG] debug-file - Incremental task entry:default@MergeProfile pre-execution cost: 2 ms .
[2026-07-05T20:09:28.796] [DEBUG] debug-file - entry : default@MergeProfile cost memory 0.1187896728515625
[2026-07-05T20:09:28.797] [INFO] debug-file - UP-TO-DATE :entry:default@MergeProfile...  
[2026-07-05T20:09:28.798] [DEBUG] debug-file - Executing task :entry:default@CreateBuildProfile
[2026-07-05T20:09:28.799] [DEBUG] debug-file - Task 'entry:default@CreateBuildProfile' cost while wrapping incremental declarations: 1 ms 
[2026-07-05T20:09:28.800] [DEBUG] debug-file - Incremental task entry:default@CreateBuildProfile pre-execution cost: 2 ms .
[2026-07-05T20:09:28.800] [DEBUG] debug-file - entry : default@CreateBuildProfile cost memory 0.0996246337890625
[2026-07-05T20:09:28.801] [INFO] debug-file - UP-TO-DATE :entry:default@CreateBuildProfile...  
[2026-07-05T20:09:28.802] [DEBUG] debug-file - Executing task :entry:default@PreCheckSyscap
[2026-07-05T20:09:28.802] [DEBUG] debug-file - entry : default@PreCheckSyscap cost memory 0.01470184326171875
[2026-07-05T20:09:28.802] [DEBUG] debug-file - runTaskFromQueue task cost before running: 189 ms 
[2026-07-05T20:09:28.803] [INFO] debug-file - Finished :entry:default@PreCheckSyscap... after 1 ms 
[2026-07-05T20:09:28.805] [DEBUG] debug-file - Executing task :entry:default@GeneratePkgContextInfo
[2026-07-05T20:09:28.809] [DEBUG] debug-file - Task 'entry:default@GeneratePkgContextInfo' cost while wrapping incremental declarations: 1 ms 
[2026-07-05T20:09:28.810] [DEBUG] debug-file - Incremental task entry:default@GeneratePkgContextInfo pre-execution cost: 1 ms .
[2026-07-05T20:09:28.810] [DEBUG] debug-file - entry : default@GeneratePkgContextInfo cost memory 0.42411041259765625
[2026-07-05T20:09:28.810] [INFO] debug-file - UP-TO-DATE :entry:default@GeneratePkgContextInfo...  
[2026-07-05T20:09:28.812] [DEBUG] debug-file - Executing task :entry:default@GeneratePkgSdkInfo
[2026-07-05T20:09:28.836] [DEBUG] debug-file - Task 'entry:default@GeneratePkgSdkInfo' cost while wrapping incremental declarations: 1 ms 
[2026-07-05T20:09:28.855] [DEBUG] debug-file - entry : default@GeneratePkgSdkInfo cost memory 0.1058807373046875
[2026-07-05T20:09:28.856] [DEBUG] debug-file - runTaskFromQueue task cost before running: 243 ms 
[2026-07-05T20:09:28.856] [INFO] debug-file - Finished :entry:default@GeneratePkgSdkInfo... after 45 ms 
[2026-07-05T20:09:28.859] [DEBUG] debug-file - Executing task :entry:default@ProcessIntegratedHsp
[2026-07-05T20:09:28.860] [DEBUG] debug-file - entry:default@ProcessIntegratedHsp is not up-to-date, since the output file 'E:\hongmeng\build\cache\default\integrated_hsp\integratedHspCache.json' does not exist.
[2026-07-05T20:09:28.860] [DEBUG] debug-file - Incremental task entry:default@ProcessIntegratedHsp pre-execution cost: 1 ms .
[2026-07-05T20:09:28.860] [DEBUG] debug-file - entry : default@ProcessIntegratedHsp cost memory 0.0534210205078125
[2026-07-05T20:09:28.860] [DEBUG] debug-file - runTaskFromQueue task cost before running: 247 ms 
[2026-07-05T20:09:28.860] [INFO] debug-file - Finished :entry:default@ProcessIntegratedHsp... after 1 ms 
[2026-07-05T20:09:28.861] [DEBUG] debug-file - Executing task :entry:default@BuildNativeWithCmake
[2026-07-05T20:09:28.862] [DEBUG] debug-file - entry : default@BuildNativeWithCmake cost memory 0.0144805908203125
[2026-07-05T20:09:28.862] [DEBUG] debug-file - runTaskFromQueue task cost before running: 248 ms 
[2026-07-05T20:09:28.862] [INFO] debug-file - Finished :entry:default@BuildNativeWithCmake... after 1 ms 
[2026-07-05T20:09:28.863] [DEBUG] debug-file - Executing task :entry:default@MakePackInfo
[2026-07-05T20:09:28.866] [DEBUG] debug-file - Incremental task entry:default@MakePackInfo pre-execution cost: 3 ms .
[2026-07-05T20:09:28.866] [DEBUG] debug-file - entry : default@MakePackInfo cost memory 0.11814117431640625
[2026-07-05T20:09:28.867] [INFO] debug-file - UP-TO-DATE :entry:default@MakePackInfo...  
[2026-07-05T20:09:28.869] [DEBUG] debug-file - Executing task :entry:default@SyscapTransform
[2026-07-05T20:09:28.869] [DEBUG] debug-file - File: 'E:\hongmeng\entry\src\main\syscap.json' from 'sysCapJsonPath' is not exists, just ignore.
[2026-07-05T20:09:28.870] [DEBUG] debug-file - Task 'entry:default@SyscapTransform' cost while wrapping incremental declarations: 1 ms 
[2026-07-05T20:09:28.872] [DEBUG] debug-file - entry:default@SyscapTransform is not up-to-date, since the output file 'E:\hongmeng\entry\build\default\intermediates\syscap\default\rpcid.sc' does not exist.
[2026-07-05T20:09:28.872] [DEBUG] debug-file - Incremental task entry:default@SyscapTransform pre-execution cost: 2 ms .
[2026-07-05T20:09:28.872] [DEBUG] debug-file - entry : default@SyscapTransform cost memory 0.14344024658203125
[2026-07-05T20:09:28.872] [DEBUG] debug-file - runTaskFromQueue task cost before running: 259 ms 
[2026-07-05T20:09:28.872] [INFO] debug-file - Finished :entry:default@SyscapTransform... after 4 ms 
[2026-07-05T20:09:28.874] [DEBUG] debug-file - Executing task :entry:default@ProcessProfile
[2026-07-05T20:09:28.875] [DEBUG] debug-file - Task 'entry:default@ProcessProfile' cost while wrapping incremental declarations: 1 ms 
[2026-07-05T20:09:28.877] [DEBUG] debug-file - Incremental task entry:default@ProcessProfile pre-execution cost: 1 ms .
[2026-07-05T20:09:28.877] [DEBUG] debug-file - entry : default@ProcessProfile cost memory 0.1298675537109375
[2026-07-05T20:09:28.877] [INFO] debug-file - UP-TO-DATE :entry:default@ProcessProfile...  
[2026-07-05T20:09:28.879] [DEBUG] debug-file - Executing task :entry:default@ProcessRouterMap
[2026-07-05T20:09:28.882] [DEBUG] debug-file - Incremental task entry:default@ProcessRouterMap pre-execution cost: 3 ms .
[2026-07-05T20:09:28.882] [DEBUG] debug-file - entry : default@ProcessRouterMap cost memory 0.13826751708984375
[2026-07-05T20:09:28.883] [INFO] debug-file - UP-TO-DATE :entry:default@ProcessRouterMap...  
[2026-07-05T20:09:28.884] [DEBUG] debug-file - Executing task :entry:default@ProcessShareConfig
[2026-07-05T20:09:28.887] [DEBUG] debug-file - Incremental task entry:default@ProcessShareConfig pre-execution cost: 2 ms .
[2026-07-05T20:09:28.887] [DEBUG] debug-file - entry : default@ProcessShareConfig cost memory 0.11655426025390625
[2026-07-05T20:09:28.888] [INFO] debug-file - UP-TO-DATE :entry:default@ProcessShareConfig...  
[2026-07-05T20:09:28.889] [DEBUG] debug-file - Executing task :entry:default@ProcessStartupConfig
[2026-07-05T20:09:28.890] [DEBUG] debug-file - Task 'entry:default@ProcessStartupConfig' cost while wrapping incremental declarations: 1 ms 
[2026-07-05T20:09:28.891] [DEBUG] debug-file - entry:default@ProcessStartupConfig is not up-to-date, since the output file 'E:\hongmeng\entry\build\default\intermediates\startup\default\startup_config.json' does not exist.
[2026-07-05T20:09:28.891] [DEBUG] debug-file - Incremental task entry:default@ProcessStartupConfig pre-execution cost: 1 ms .
[2026-07-05T20:09:28.892] [DEBUG] debug-file - entry : default@ProcessStartupConfig cost memory 0.122314453125
[2026-07-05T20:09:28.892] [DEBUG] debug-file - runTaskFromQueue task cost before running: 279 ms 
[2026-07-05T20:09:28.892] [INFO] debug-file - Finished :entry:default@ProcessStartupConfig... after 3 ms 
[2026-07-05T20:09:28.896] [DEBUG] debug-file - Executing task :entry:default@BuildNativeWithNinja
[2026-07-05T20:09:28.897] [DEBUG] debug-file - entry : default@BuildNativeWithNinja cost memory 0.01937103271484375
[2026-07-05T20:09:28.897] [DEBUG] debug-file - runTaskFromQueue task cost before running: 284 ms 
[2026-07-05T20:09:28.897] [INFO] debug-file - Finished :entry:default@BuildNativeWithNinja... after 1 ms 
[2026-07-05T20:09:28.899] [DEBUG] debug-file - restool module names: entry; moduleName=entry, taskName=default@ProcessResource
[2026-07-05T20:09:28.901] [DEBUG] debug-file - Executing task :entry:default@ProcessResource
[2026-07-05T20:09:28.901] [DEBUG] debug-file - Task 'entry:default@ProcessResource' cost while wrapping incremental declarations: 1 ms 
[2026-07-05T20:09:28.903] [DEBUG] debug-file - Incremental task entry:default@ProcessResource pre-execution cost: 1 ms .
[2026-07-05T20:09:28.903] [DEBUG] debug-file - entry : default@ProcessResource cost memory 0.1236419677734375
[2026-07-05T20:09:28.905] [INFO] debug-file - UP-TO-DATE :entry:default@ProcessResource...  
[2026-07-05T20:09:28.907] [DEBUG] debug-file - Executing task :entry:default@GenerateLoaderJson
[2026-07-05T20:09:28.908] [DEBUG] debug-file - Task 'entry:default@GenerateLoaderJson' cost while wrapping incremental declarations: 1 ms 
[2026-07-05T20:09:28.917] [DEBUG] debug-file - Incremental task entry:default@GenerateLoaderJson pre-execution cost: 6 ms .
[2026-07-05T20:09:28.917] [DEBUG] debug-file - entry : default@GenerateLoaderJson cost memory 0.4387359619140625
[2026-07-05T20:09:28.921] [INFO] debug-file - UP-TO-DATE :entry:default@GenerateLoaderJson...  
[2026-07-05T20:09:28.922] [DEBUG] debug-file - Executing task :entry:default@ProcessLibs
[2026-07-05T20:09:28.924] [DEBUG] debug-file - Incremental task entry:default@ProcessLibs pre-execution cost: 2 ms .
[2026-07-05T20:09:28.925] [DEBUG] debug-file - entry : default@ProcessLibs cost memory 0.09111785888671875
[2026-07-05T20:09:28.925] [INFO] debug-file - UP-TO-DATE :entry:default@ProcessLibs...  
[2026-07-05T20:09:28.927] [DEBUG] debug-file - restool module names: entry; moduleName=entry, taskName=default@CompileResource
[2026-07-05T20:09:28.927] [DEBUG] debug-file - Executing task :entry:default@CompileResource
[2026-07-05T20:09:28.943] [DEBUG] debug-file - Incremental task entry:default@CompileResource pre-execution cost: 15 ms .
[2026-07-05T20:09:28.944] [DEBUG] debug-file - entry : default@CompileResource cost memory -1.08447265625
[2026-07-05T20:09:28.945] [INFO] debug-file - UP-TO-DATE :entry:default@CompileResource...  
[2026-07-05T20:09:28.954] [DEBUG] debug-file - Executing task :entry:default@DoNativeStrip
[2026-07-05T20:09:28.954] [DEBUG] debug-file - File: 'E:\hongmeng\entry\build\default\intermediates\binxo\default' from 'doBinxoNativeLibs' is not exists, just ignore.
[2026-07-05T20:09:28.955] [DEBUG] debug-file - Task 'entry:default@DoNativeStrip' cost while wrapping incremental declarations: 2 ms 
[2026-07-05T20:09:28.960] [DEBUG] debug-file - Incremental task entry:default@DoNativeStrip pre-execution cost: 5 ms .
[2026-07-05T20:09:28.961] [DEBUG] debug-file - entry : default@DoNativeStrip cost memory 0.09442138671875
[2026-07-05T20:09:28.963] [INFO] debug-file - UP-TO-DATE :entry:default@DoNativeStrip...  
[2026-07-05T20:09:28.965] [DEBUG] debug-file - Executing task :entry:default@CompileArkTS
[2026-07-05T20:09:28.966] [DEBUG] debug-file - obfuscationOptions: undefined
[2026-07-05T20:09:28.967] [DEBUG] debug-file - Task 'entry:default@CompileArkTS' cost while wrapping incremental declarations: 1 ms 
[2026-07-05T20:09:28.978] [DEBUG] debug-file - Incremental task entry:default@CompileArkTS pre-execution cost: 10 ms .
[2026-07-05T20:09:28.978] [DEBUG] debug-file - entry : default@CompileArkTS cost memory 0.49273681640625
[2026-07-05T20:09:28.981] [INFO] debug-file - UP-TO-DATE :entry:default@CompileArkTS...  
[2026-07-05T20:09:28.983] [DEBUG] debug-file - Executing task :entry:default@BuildJS
[2026-07-05T20:09:28.983] [DEBUG] debug-file - Task 'entry:default@BuildJS' cost while wrapping incremental declarations: 1 ms 
[2026-07-05T20:09:28.986] [DEBUG] debug-file - entry : default@BuildJS cost memory 0.14714813232421875
[2026-07-05T20:09:28.986] [DEBUG] debug-file - runTaskFromQueue task cost before running: 373 ms 
[2026-07-05T20:09:28.986] [INFO] debug-file - Finished :entry:default@BuildJS... after 4 ms 
[2026-07-05T20:09:28.988] [DEBUG] debug-file - Executing task :entry:default@CacheNativeLibs
[2026-07-05T20:09:28.988] [DEBUG] debug-file - File: 'E:\hongmeng\entry\build\default\intermediates\binxo\default' from 'cacheBinxoNativeLibs' is not exists, just ignore.
[2026-07-05T20:09:28.988] [DEBUG] debug-file - Task 'entry:default@CacheNativeLibs' cost while wrapping incremental declarations: 1 ms 
[2026-07-05T20:09:28.990] [DEBUG] debug-file - Incremental task entry:default@CacheNativeLibs pre-execution cost: 2 ms .
[2026-07-05T20:09:28.990] [DEBUG] debug-file - entry : default@CacheNativeLibs cost memory 0.11312103271484375
[2026-07-05T20:09:28.990] [INFO] debug-file - UP-TO-DATE :entry:default@CacheNativeLibs...  
[2026-07-05T20:09:28.992] [DEBUG] debug-file - Executing task :entry:default@GeneratePkgModuleJson
[2026-07-05T20:09:28.992] [DEBUG] debug-file - File: 'E:\hongmeng\entry\build\default\intermediates\preload\default\preload.json' from 'preloadSoJsonPath' is not exists, just ignore.
[2026-07-05T20:09:28.993] [DEBUG] debug-file - Error occurs while handling @Input 'shouldDeduplicateHar': The "data" argument must be of type string or an instance of Buffer, TypedArray, or DataView. Received undefined
[2026-07-05T20:09:28.993] [DEBUG] debug-file - Task 'entry:default@GeneratePkgModuleJson' cost while wrapping incremental declarations: 2 ms 
[2026-07-05T20:09:28.996] [DEBUG] debug-file - Incremental task entry:default@GeneratePkgModuleJson pre-execution cost: 1 ms .
[2026-07-05T20:09:28.996] [DEBUG] debug-file - entry : default@GeneratePkgModuleJson cost memory -1.6200485229492188
[2026-07-05T20:09:28.996] [INFO] debug-file - UP-TO-DATE :entry:default@GeneratePkgModuleJson...  
[2026-07-05T20:09:28.997] [DEBUG] debug-file - Executing task :entry:default@ProcessCompiledResources
[2026-07-05T20:09:28.998] [DEBUG] debug-file - File: 'E:\hongmeng\entry\build\default\intermediates\preload\default\preload.json' from 'preloadSoJsonPath' is not exists, just ignore.
[2026-07-05T20:09:28.998] [DEBUG] debug-file - Task 'entry:default@ProcessCompiledResources' cost while wrapping incremental declarations: 1 ms 
[2026-07-05T20:09:28.998] [DEBUG] debug-file - entry : default@ProcessCompiledResources cost memory 0.05507659912109375
[2026-07-05T20:09:28.998] [DEBUG] debug-file - runTaskFromQueue task cost before running: 385 ms 
[2026-07-05T20:09:28.999] [INFO] debug-file - Finished :entry:default@ProcessCompiledResources... after 2 ms 
[2026-07-05T20:09:29.001] [DEBUG] debug-file - Executing task :entry:default@PackageHap
[2026-07-05T20:09:29.008] [DEBUG] debug-file - entry:default@PackageHap is not up-to-date, since the output file 'E:\hongmeng\entry\build\default\outputs\default\entry-default-unsigned.hap' does not exist.
[2026-07-05T20:09:29.008] [DEBUG] debug-file - Incremental task entry:default@PackageHap pre-execution cost: 6 ms .
[2026-07-05T20:09:29.010] [DEBUG] debug-file - Use tool [D:\Program Files\DevEco Studio\sdk\default\openharmony\toolchains\lib\app_packing_tool.jar]
 [
  'java',
  '-Dfile.encoding=GBK',
  '-jar',
  'D:\\Program Files\\DevEco Studio\\sdk\\default\\openharmony\\toolchains\\lib\\app_packing_tool.jar',
  '--mode',
  'hap',
  '--force',
  'true',
  '--lib-path',
  'E:\\hongmeng\\entry\\build\\default\\intermediates\\stripped_native_libs\\default',
  '--json-path',
  'E:\\hongmeng\\entry\\build\\default\\intermediates\\package\\default\\module.json',
  '--resources-path',
  'E:\\hongmeng\\entry\\build\\default\\intermediates\\res\\default\\resources',
  '--index-path',
  'E:\\hongmeng\\entry\\build\\default\\intermediates\\res\\default\\resources.index',
  '--pack-info-path',
  'E:\\hongmeng\\entry\\build\\default\\outputs\\default\\pack.info',
  '--out-path',
  'E:\\hongmeng\\entry\\build\\default\\outputs\\default\\entry-default-unsigned.hap',
  '--ets-path',
  'E:\\hongmeng\\entry\\build\\default\\intermediates\\loader_out\\default\\ets',
  '--pkg-context-path',
  'E:\\hongmeng\\entry\\build\\default\\intermediates\\loader\\default\\pkgContextInfo.json'
]
[2026-07-05T20:09:29.012] [DEBUG] debug-file - default@PackageHap work[0] is submitted.
[2026-07-05T20:09:29.013] [DEBUG] debug-file - default@PackageHap work[0] is pushed to ready queue.
[2026-07-05T20:09:29.013] [DEBUG] debug-file - A work dispatched to worker[15] failed because unable to get work from ready queue.
[2026-07-05T20:09:29.014] [DEBUG] debug-file - Create  resident worker with id: 14.
[2026-07-05T20:09:29.017] [DEBUG] debug-file - default@PackageHap work[0] has been dispatched to worker[14].
[2026-07-05T20:09:29.017] [DEBUG] debug-file - default@PackageHap work[0] is dispatched.
[2026-07-05T20:09:29.022] [DEBUG] debug-file - entry : default@PackageHap cost memory 0.672576904296875
[2026-07-05T20:09:30.311] [DEBUG] debug-file - current process  memoryUsage: {
  rss: 188379136,
  heapTotal: 80773120,
  heapUsed: 51105072,
  external: 2357796,
  arrayBuffers: 116119
} os memoryUsage :16.703994750976562
[2026-07-05T20:09:30.727] [DEBUG] debug-file - worker[14] has one work done.
[2026-07-05T20:09:30.728] [DEBUG] debug-file - default@PackageHap work[0] done.
[2026-07-05T20:09:30.728] [DEBUG] debug-file - A work dispatched to worker[14] failed because unable to get work from ready queue.
[2026-07-05T20:09:30.729] [INFO] debug-file - Finished :entry:default@PackageHap... after 440 ms 
[2026-07-05T20:09:30.730] [DEBUG] debug-file - Executing task :entry:default@PackingCheck
[2026-07-05T20:09:30.733] [DEBUG] debug-file - entry : default@PackingCheck cost memory 0.3902740478515625
[2026-07-05T20:09:30.734] [DEBUG] debug-file - runTaskFromQueue task cost before running: 2 s 120 ms 
[2026-07-05T20:09:30.734] [INFO] debug-file - Finished :entry:default@PackingCheck... after 4 ms 
[2026-07-05T20:09:30.735] [DEBUG] debug-file - Executing task :entry:default@SignHap
[2026-07-05T20:09:30.735] [WARN] debug-file - Will skip sign 'hos_hap'. No signingConfigs profile is configured in current project.
             If needed, configure the signingConfigs in E:\hongmeng\build-profile.json5.
[2026-07-05T20:09:30.735] [DEBUG] debug-file - entry:default@SignHap is not up-to-date, since the input file 'E:\hongmeng\entry\build\default\outputs\default\entry-default-unsigned.hap' has been changed.
[2026-07-05T20:09:30.735] [DEBUG] debug-file - Incremental task entry:default@SignHap pre-execution cost: 1 ms .
[2026-07-05T20:09:30.736] [DEBUG] debug-file - entry : default@SignHap cost memory 0.08478546142578125
[2026-07-05T20:09:30.736] [DEBUG] debug-file - runTaskFromQueue task cost before running: 2 s 122 ms 
[2026-07-05T20:09:30.736] [INFO] debug-file - Finished :entry:default@SignHap... after 1 ms 
[2026-07-05T20:09:30.737] [DEBUG] debug-file - Executing task :entry:default@CollectDebugSymbol
[2026-07-05T20:09:30.738] [DEBUG] debug-file - entry : default@CollectDebugSymbol cost memory 0.0785675048828125
[2026-07-05T20:09:30.738] [DEBUG] debug-file - runTaskFromQueue task cost before running: 2 s 124 ms 
[2026-07-05T20:09:30.738] [INFO] debug-file - Finished :entry:default@CollectDebugSymbol... after 1 ms 
[2026-07-05T20:09:30.738] [DEBUG] debug-file - Executing task :entry:assembleHap
[2026-07-05T20:09:30.738] [DEBUG] debug-file - entry : assembleHap cost memory 0.0167694091796875
[2026-07-05T20:09:30.738] [DEBUG] debug-file - runTaskFromQueue task cost before running: 2 s 125 ms 
[2026-07-05T20:09:30.738] [INFO] debug-file - Finished :entry:assembleHap... after 1 ms 
[2026-07-05T20:09:30.745] [INFO] debug-file - BUILD SUCCESSFUL in 2 s 132 ms 
[2026-07-05T20:09:30.745] [DEBUG] debug-file - There is no need to refresh cache, since the incremental task entry:default@PreBuild is up-to-date.
[2026-07-05T20:09:30.745] [DEBUG] debug-file - Update task entry:default@CreateModuleInfo output file:E:\hongmeng\entry\build\default\generated\profile\default\ModuleInfo.ts cache.
[2026-07-05T20:09:30.745] [DEBUG] debug-file - Incremental task entry:default@CreateModuleInfo post-execution cost:1 ms .
[2026-07-05T20:09:30.746] [DEBUG] debug-file - There is no need to refresh cache, since the incremental task entry:default@GenerateMetadata is up-to-date.
[2026-07-05T20:09:30.746] [DEBUG] debug-file - There is no need to refresh cache, since the incremental task entry:default@MergeProfile is up-to-date.
[2026-07-05T20:09:30.746] [DEBUG] debug-file - There is no need to refresh cache, since the incremental task entry:default@CreateBuildProfile is up-to-date.
[2026-07-05T20:09:30.746] [DEBUG] debug-file - There is no need to refresh cache, since the incremental task entry:default@GeneratePkgContextInfo is up-to-date.
[2026-07-05T20:09:30.746] [DEBUG] debug-file - Update task entry:default@GeneratePkgSdkInfo output file:E:\hongmeng\entry\build\default\intermediates\loader\default\pkgSdkInfo.json cache.
[2026-07-05T20:09:30.746] [DEBUG] debug-file - Incremental task entry:default@GeneratePkgSdkInfo post-execution cost:1 ms .
[2026-07-05T20:09:30.746] [DEBUG] debug-file - Update task entry:default@ProcessIntegratedHsp output file:E:\hongmeng\build\cache\default\integrated_hsp\integratedHspCache.json cache.
[2026-07-05T20:09:30.746] [DEBUG] debug-file - Incremental task entry:default@ProcessIntegratedHsp post-execution cost:1 ms .
[2026-07-05T20:09:30.746] [DEBUG] debug-file - There is no need to refresh cache, since the incremental task entry:default@MakePackInfo is up-to-date.
[2026-07-05T20:09:30.746] [DEBUG] debug-file - Update task entry:default@SyscapTransform input file:D:\Program Files\DevEco Studio\sdk\default\openharmony\toolchains\syscap_tool.exe cache by regenerate.
[2026-07-05T20:09:30.746] [DEBUG] debug-file - Update task entry:default@SyscapTransform input file:D:\Program Files\DevEco Studio\sdk\default\openharmony\ets\api\device-define cache by regenerate.
[2026-07-05T20:09:30.747] [DEBUG] debug-file - Update task entry:default@SyscapTransform output file:E:\hongmeng\entry\build\default\intermediates\syscap\default\rpcid.sc cache.
[2026-07-05T20:09:30.747] [DEBUG] debug-file - Incremental task entry:default@SyscapTransform post-execution cost:1 ms .
[2026-07-05T20:09:30.747] [DEBUG] debug-file - There is no need to refresh cache, since the incremental task entry:default@ProcessProfile is up-to-date.
[2026-07-05T20:09:30.747] [DEBUG] debug-file - There is no need to refresh cache, since the incremental task entry:default@ProcessRouterMap is up-to-date.
[2026-07-05T20:09:30.747] [DEBUG] debug-file - There is no need to refresh cache, since the incremental task entry:default@ProcessShareConfig is up-to-date.
[2026-07-05T20:09:30.747] [DEBUG] debug-file - Update task entry:default@ProcessStartupConfig input file:E:\hongmeng\entry\build\default\intermediates\loader\default\pkgContextInfo.json cache by regenerate.
[2026-07-05T20:09:30.747] [DEBUG] debug-file - Update task entry:default@ProcessStartupConfig output file:E:\hongmeng\entry\build\default\intermediates\startup\default\startup_config.json cache.
[2026-07-05T20:09:30.747] [DEBUG] debug-file - Incremental task entry:default@ProcessStartupConfig post-execution cost:1 ms .
[2026-07-05T20:09:30.747] [DEBUG] debug-file - There is no need to refresh cache, since the incremental task entry:default@ProcessResource is up-to-date.
[2026-07-05T20:09:30.747] [DEBUG] debug-file - There is no need to refresh cache, since the incremental task entry:default@GenerateLoaderJson is up-to-date.
[2026-07-05T20:09:30.747] [DEBUG] debug-file - There is no need to refresh cache, since the incremental task entry:default@ProcessLibs is up-to-date.
[2026-07-05T20:09:30.747] [DEBUG] debug-file - There is no need to refresh cache, since the incremental task entry:default@CompileResource is up-to-date.
[2026-07-05T20:09:30.747] [DEBUG] debug-file - There is no need to refresh cache, since the incremental task entry:default@DoNativeStrip is up-to-date.
[2026-07-05T20:09:30.747] [DEBUG] debug-file - There is no need to refresh cache, since the incremental task entry:default@CompileArkTS is up-to-date.
[2026-07-05T20:09:30.748] [DEBUG] debug-file - Update task entry:default@BuildJS input file:E:\hongmeng\entry\build\default\intermediates\loader\default cache by regenerate.
[2026-07-05T20:09:30.748] [DEBUG] debug-file - Update task entry:default@BuildJS input file:E:\hongmeng\entry\build\default\intermediates\res\default\resources\rawfile cache by regenerate.
[2026-07-05T20:09:30.748] [DEBUG] debug-file - Update task entry:default@BuildJS input file:E:\hongmeng\entry\build\default\intermediates\res\default\ResourceTable.txt cache by regenerate.
[2026-07-05T20:09:30.749] [DEBUG] debug-file - Update task entry:default@BuildJS input file:E:\hongmeng\entry\build\default\intermediates\res\default\ark_module.json cache by regenerate.
[2026-07-05T20:09:30.749] [DEBUG] debug-file - Update task entry:default@BuildJS input file:E:\hongmeng\entry\build\default\intermediates\res\default\resources\base\profile cache by regenerate.
[2026-07-05T20:09:30.749] [DEBUG] debug-file - Update task entry:default@BuildJS input file:E:\hongmeng\entry\build\default\intermediates\loader\default\pkgContextInfo.json cache by regenerate.
[2026-07-05T20:09:30.749] [DEBUG] debug-file - Update task entry:default@BuildJS output file:E:\hongmeng\entry\build\default\intermediates\loader_out\default\js cache.
[2026-07-05T20:09:30.749] [DEBUG] debug-file - Incremental task entry:default@BuildJS post-execution cost:2 ms .
[2026-07-05T20:09:30.750] [DEBUG] debug-file - There is no need to refresh cache, since the incremental task entry:default@CacheNativeLibs is up-to-date.
[2026-07-05T20:09:30.750] [DEBUG] debug-file - There is no need to refresh cache, since the incremental task entry:default@GeneratePkgModuleJson is up-to-date.
[2026-07-05T20:09:30.750] [DEBUG] debug-file - Incremental task entry:default@ProcessCompiledResources post-execution cost:1 ms .
[2026-07-05T20:09:30.750] [DEBUG] debug-file - Update task entry:default@PackageHap input file:E:\hongmeng\entry\build\default\intermediates\stripped_native_libs\default cache by regenerate.
[2026-07-05T20:09:30.750] [DEBUG] debug-file - Update task entry:default@PackageHap input file:E:\hongmeng\entry\build\default\intermediates\res\default\module.json cache by regenerate.
[2026-07-05T20:09:30.750] [DEBUG] debug-file - Update task entry:default@PackageHap input file:E:\hongmeng\entry\build\default\intermediates\res\default\resources cache by regenerate.
[2026-07-05T20:09:30.752] [DEBUG] debug-file - Update task entry:default@PackageHap input file:E:\hongmeng\entry\build\default\intermediates\res\default\resources.index cache by regenerate.
[2026-07-05T20:09:30.752] [DEBUG] debug-file - Update task entry:default@PackageHap input file:E:\hongmeng\entry\build\default\outputs\default\pack.info cache by regenerate.
[2026-07-05T20:09:30.752] [DEBUG] debug-file - Update task entry:default@PackageHap input file:E:\hongmeng\entry\build\default\intermediates\loader_out\default\ets cache by regenerate.
[2026-07-05T20:09:30.752] [DEBUG] debug-file - Update task entry:default@PackageHap input file:E:\hongmeng\entry\build\default\intermediates\loader\default\pkgContextInfo.json cache by regenerate.
[2026-07-05T20:09:30.752] [DEBUG] debug-file - Update task entry:default@PackageHap input file:E:\hongmeng\entry\build\default\intermediates\loader_out\default\ets\sourceMaps.map cache by regenerate.
[2026-07-05T20:09:30.752] [DEBUG] debug-file - Update task entry:default@PackageHap input file:E:\hongmeng\entry\build\default\generated\profile\default\BuildProfile.ets cache by regenerate.
[2026-07-05T20:09:30.752] [DEBUG] debug-file - Update task entry:default@PackageHap output file:E:\hongmeng\entry\build\default\outputs\default\entry-default-unsigned.hap cache.
[2026-07-05T20:09:30.753] [DEBUG] debug-file - Update task entry:default@PackageHap output file:E:\hongmeng\entry\build\default\intermediates\source_map\default\sourceMaps.map cache.
[2026-07-05T20:09:30.753] [DEBUG] debug-file - Update task entry:default@PackageHap output file:E:\hongmeng\entry\build\default\outputs\default\mapping\sourceMaps.map cache.
[2026-07-05T20:09:30.753] [DEBUG] debug-file - Incremental task entry:default@PackageHap post-execution cost:4 ms .
[2026-07-05T20:09:30.753] [DEBUG] debug-file - Update task entry:default@SignHap input file:E:\hongmeng\entry\build\default\outputs\default\entry-default-unsigned.hap cache from map.
[2026-07-05T20:09:30.753] [DEBUG] debug-file - Update task entry:default@SignHap output file:E:\hongmeng\entry\build\default\outputs\default\entry-default-signed.hap cache.
[2026-07-05T20:09:30.753] [DEBUG] debug-file - Incremental task entry:default@SignHap post-execution cost:1 ms .
[2026-07-05T20:09:30.753] [DEBUG] debug-file - Update task entry:default@CollectDebugSymbol input file:E:\hongmeng\entry\build\default\intermediates\loader_out\default\ets\sourceMaps.map cache by regenerate.
[2026-07-05T20:09:30.753] [DEBUG] debug-file - Update task entry:default@CollectDebugSymbol input file:E:\hongmeng\entry\build\default\intermediates\libs\default cache by regenerate.
[2026-07-05T20:09:30.754] [DEBUG] debug-file - Update task entry:default@CollectDebugSymbol output file:E:\hongmeng\entry\build\default\outputs\default\symbol cache.
[2026-07-05T20:09:30.754] [DEBUG] debug-file - Incremental task entry:default@CollectDebugSymbol post-execution cost:1 ms .
[2026-07-05T20:09:30.766] [DEBUG] debug-file - Cleanup worker 14.
[2026-07-05T20:09:30.767] [DEBUG] debug-file - Worker 14 has been cleaned up.
[2026-07-05T20:09:30.767] [DEBUG] debug-file - Current idle worker size: 0.
[2026-07-05T20:09:30.767] [DEBUG] debug-file - Current resident worker size: 1.
[2026-07-05T20:09:30.767] [DEBUG] debug-file - hvigor build process will be closed.
[2026-07-05T20:09:30.777] [DEBUG] debug-file - session manager: send message to worker process.
[2026-07-05T20:09:30.778] [DEBUG] debug-file - session manager: send message to worker process.
[2026-07-05T20:09:30.775] [DEBUG] debug-file - worker[14] exits with exit code 1.
[2026-07-05T20:09:30.777] [DEBUG] debug-file - watch worker: worker id should be larger than 0. Nothing will be sent to any worker thread.
[2026-07-05T20:09:30.778] [DEBUG] debug-file - watch worker: worker id should be larger than 0. Nothing will be sent to any worker thread.
[2026-07-30T06:39:49.866] [DEBUG] debug-file - env: nodejsVersion=v18.20.1
[2026-07-30T06:39:50.139] [DEBUG] debug-file - Hvigor init with startParameters:{
  hvigorfileTypeCheck: false,
  parallelExecution: true,
  incrementalExecution: true,
  printStackTrace: false,
  daemon: false,
  analyze: 0,
  logLevel: Level { level: 20000, levelStr: 'INFO', colour: 'green' },
  optimizationStrategy: 'memory',
  hotCompile: undefined,
  hotReloadBuild: undefined,
  customizedParam: undefined
}
[2026-07-30T06:39:51.278] [DEBUG] debug-file - hvigorfile, require result:  { default: { system: [Function: appTasks], plugins: [] } }
[2026-07-30T06:39:51.279] [DEBUG] debug-file - Starting plugin build process
[2026-07-30T06:39:51.419] [DEBUG] debug-file - App plugin register hook start...
[2026-07-30T06:39:51.421] [DEBUG] debug-file - Start initialize project's product build option map with build mode debug.
[2026-07-30T06:39:51.424] [DEBUG] debug-file - Obtain build option for product 'default'in this build.
[2026-07-30T06:39:51.435] [DEBUG] debug-file - Start recording SDK configuration permission data.
[2026-07-30T06:39:51.473] [DEBUG] debug-file - Project task initialization takes 7 ms 
[2026-07-30T06:39:51.481] [DEBUG] debug-file - failed to load cangjie to dynamically generate schemas: Error: Cannot find module '@ohos/cangjie-build-support/index'
Require stack:
- D:\Program Files\DevEco Studio\tools\hvigor\hvigor-ohos-plugin\src\plugin\hooks\cangjie-register.js
- D:\Program Files\DevEco Studio\tools\hvigor\hvigor-ohos-plugin\src\plugin\strategy\stage-init-strategy.js
- D:\Program Files\DevEco Studio\tools\hvigor\hvigor-ohos-plugin\src\plugin\builder\abstract-plugin-builder.js
- D:\Program Files\DevEco Studio\tools\hvigor\hvigor-ohos-plugin\src\plugin\builder\app-plugin-builder.js
- D:\Program Files\DevEco Studio\tools\hvigor\hvigor-ohos-plugin\src\plugin\factory\plugin-factory.js
- D:\Program Files\DevEco Studio\tools\hvigor\hvigor-ohos-plugin\index.js
- E:\0730\hongmeng1\hvigorfile.ts
- D:\Program Files\DevEco Studio\tools\hvigor\hvigor\src\base\internal\lifecycle\configuration.js
- D:\Program Files\DevEco Studio\tools\hvigor\hvigor\src\base\boot\index.js
- D:\Program Files\DevEco Studio\tools\hvigor\hvigor\src\cli\main\cli.js
- D:\Program Files\DevEco Studio\tools\hvigor\hvigor\bin\hvigor.js
[2026-07-30T06:39:51.495] [DEBUG] debug-file - Start initialize module-target build option map, moduleName=entry, buildMode=debug
[2026-07-30T06:39:51.503] [DEBUG] debug-file - start to load updatedOhPackageInfo to the disk
[2026-07-30T06:39:51.512] [DEBUG] debug-file - Start to initialize dependency information.
[2026-07-30T06:39:49.867] [DEBUG] debug-file - env: hvigor-config.json5 content = {
  modelVersion: '6.1.1',
  dependencies: {},
  execution: {},
  logging: {},
  debugging: {},
  nodeOptions: {}
}
[2026-07-30T06:39:51.502] [DEBUG] debug-file - project has submodules:entry
[2026-07-30T06:39:51.536] [DEBUG] debug-file - Create  resident worker with id: 0.
[2026-07-30T06:39:50.142] [DEBUG] debug-file - Cache service initialization finished in 4 ms 
[2026-07-30T06:39:51.278] [DEBUG] debug-file - hvigorfile, binding system plugins [Function: appTasks]
[2026-07-30T06:39:51.279] [DEBUG] debug-file - App plugin prepare start...
[2026-07-30T06:39:51.419] [DEBUG] debug-file - App plugin register hook end...
[2026-07-30T06:39:51.421] [DEBUG] debug-file - Picking option from product 'default' with build mode 'debug'.
[2026-07-30T06:39:51.429] [DEBUG] debug-file - No signingConfig found, initRemoteHspCache failed.
[2026-07-30T06:39:51.465] [DEBUG] debug-file - Sdk init in 36 ms 
[2026-07-30T06:39:51.473] [DEBUG] debug-file - hvigorfile, begin to bind custom plugins...
[2026-07-30T06:39:51.495] [DEBUG] debug-file - Target 'default' config initialized
[2026-07-30T06:39:51.505] [DEBUG] debug-file - load to the disk finished
[2026-07-30T06:39:51.514] [DEBUG] debug-file - Module entry Collected Dependency: 
[2026-07-30T06:39:49.869] [DEBUG] debug-file - env: daemon=false
[2026-07-30T06:39:51.538] [DEBUG] debug-file - Create  resident worker with id: 1.
[2026-07-30T06:39:50.144] [DEBUG] debug-file - hvigorfile, resolving E:\0730\hongmeng1\hvigorfile.ts
[2026-07-30T06:39:51.279] [DEBUG] debug-file - App plugin prepare end...
[2026-07-30T06:39:51.419] [DEBUG] debug-file - Plugin build process completed
[2026-07-30T06:39:51.421] [DEBUG] debug-file - Product 'default' build option initialized
[2026-07-30T06:39:51.430] [DEBUG] debug-file - Local scan or download HarmonyOS sdk components toolchains,ets,js,native,previewer
[2026-07-30T06:39:51.473] [DEBUG] debug-file - hvigorfile, no custom plugins were found in E:\0730\hongmeng1\hvigorfile.ts
[2026-07-30T06:39:51.495] [DEBUG] debug-file - Target 'ohosTest' config initialized
[2026-07-30T06:39:51.506] [DEBUG] debug-file - Start to initialize dependency information.
[2026-07-30T06:39:51.514] [DEBUG] debug-file - Module entry's total dependency: 0
[2026-07-30T06:39:49.869] [DEBUG] debug-file - no-daemon, use the parent process.execArgv --max-old-space-size=8192,--max-semi-space-size=16,--expose-gc
[2026-07-30T06:39:51.540] [DEBUG] debug-file - Current worker pool is stopped or closed.
[2026-07-30T06:39:51.279] [DEBUG] debug-file - App plugin creating...
[2026-07-30T06:39:51.421] [DEBUG] debug-file - End initialize project's product build option map with build mode 'debug'.
[2026-07-30T06:39:51.432] [DEBUG] debug-file - Local scan or download hmscore sdk components toolchains,ets,native
[2026-07-30T06:39:51.473] [DEBUG] debug-file - hvigorfile, resolve finished E:\0730\hongmeng1\hvigorfile.ts
[2026-07-30T06:39:51.496] [DEBUG] debug-file - Module 'entry' target 'default' build option initialized
[2026-07-30T06:39:51.511] [DEBUG] debug-file - Module hongmeng1 Collected Dependency: 
[2026-07-30T06:39:51.517] [DEBUG] debug-file - Configuration phase cost:1 s 374 ms 
[2026-07-30T06:39:51.540] [DEBUG] debug-file - Clear worker 0.
[2026-07-30T06:39:51.473] [DEBUG] debug-file - hvigorfile, resolving E:\0730\hongmeng1\entry\hvigorfile.ts
[2026-07-30T06:39:51.496] [DEBUG] debug-file - Module 'entry' target 'ohosTest' build option initialized
[2026-07-30T06:39:51.511] [DEBUG] debug-file - Module hongmeng1's total dependency: 0
[2026-07-30T06:39:51.519] [DEBUG] debug-file - Configuration task cost before running: 1 s 387 ms 
[2026-07-30T06:39:51.540] [DEBUG] debug-file - Worker 0 has been cleared.
[2026-07-30T06:39:51.479] [DEBUG] debug-file - hvigorfile, require result:  { default: { system: [Function: hapTasks], plugins: [] } }
[2026-07-30T06:39:51.496] [DEBUG] debug-file - End initialize module-target build option map, moduleName=entry
[2026-07-30T06:39:51.520] [DEBUG] debug-file - Executing task :entry:init
[2026-07-30T06:39:51.540] [DEBUG] debug-file - Current idle worker size: 1.
[2026-07-30T06:39:51.479] [DEBUG] debug-file - hvigorfile, binding system plugins [Function: hapTasks]
[2026-07-30T06:39:51.496] [DEBUG] debug-file - Start initialize module-target build option map, moduleName=entry, buildMode=release
[2026-07-30T06:39:51.520] [DEBUG] debug-file - entry : init cost memory 0.01416778564453125
[2026-07-30T06:39:51.540] [DEBUG] debug-file - Current busy worker size: 0.
[2026-07-30T06:39:51.479] [DEBUG] debug-file - Starting plugin build process
[2026-07-30T06:39:51.496] [DEBUG] debug-file - Target 'default' config initialized
[2026-07-30T06:39:51.520] [DEBUG] debug-file - runTaskFromQueue task cost before running: 1 s 388 ms 
[2026-07-30T06:39:51.540] [DEBUG] debug-file - Clear worker 1.
[2026-07-30T06:39:51.479] [DEBUG] debug-file - Hap plugin creating...
[2026-07-30T06:39:51.496] [DEBUG] debug-file - Target 'ohosTest' config initialized
[2026-07-30T06:39:51.521] [INFO] debug-file - Finished :entry:init... after 1 ms 
[2026-07-30T06:39:51.540] [DEBUG] debug-file - Worker 1 has been cleared.
[2026-07-30T06:39:51.496] [DEBUG] debug-file - Module 'entry' target 'default' build option initialized
[2026-07-30T06:39:51.521] [DEBUG] debug-file - Executing task ::init
[2026-07-30T06:39:51.540] [DEBUG] debug-file - Current idle worker size: 0.
[2026-07-30T06:39:51.496] [DEBUG] debug-file - Module 'entry' target 'ohosTest' build option initialized
[2026-07-30T06:39:51.521] [DEBUG] debug-file - hongmeng1 : init cost memory 0.0117950439453125
[2026-07-30T06:39:51.540] [DEBUG] debug-file - Current busy worker size: 0.
[2026-07-30T06:39:51.496] [DEBUG] debug-file - End initialize module-target build option map, moduleName=entry
[2026-07-30T06:39:51.522] [DEBUG] debug-file - runTaskFromQueue task cost before running: 1 s 389 ms 
[2026-07-30T06:39:51.541] [DEBUG] debug-file - hvigor build process will be closed.
[2026-07-30T06:39:51.496] [DEBUG] debug-file - Start initialize module-target build option map, moduleName=entry, buildMode=debug
[2026-07-30T06:39:51.522] [INFO] debug-file - Finished ::init... after 1 ms 
[2026-07-30T06:39:51.544] [DEBUG] debug-file - worker[0] exits with exit code 0.
[2026-07-30T06:39:51.496] [DEBUG] debug-file - Target 'default' config initialized
[2026-07-30T06:39:51.528] [DEBUG] debug-file - Obtain build option for module 'entry' target 'default'in this build.
[2026-07-30T06:39:51.546] [DEBUG] debug-file - worker[1] exits with exit code 0.
[2026-07-30T06:39:51.496] [DEBUG] debug-file - Target 'ohosTest' config initialized
[2026-07-30T06:39:51.528] [DEBUG] debug-file - Obtain build option for module 'entry' target 'ohosTest'in this build.
[2026-07-30T06:39:51.546] [DEBUG] debug-file - Current worker pool is terminated.
[2026-07-30T06:39:51.497] [DEBUG] debug-file - Module 'entry' target 'default' build option initialized
[2026-07-30T06:39:51.535] [DEBUG] debug-file - Since there is no instance or instance is terminated, create a new worker pool.
[2026-07-30T06:39:51.497] [DEBUG] debug-file - Module 'entry' target 'ohosTest' build option initialized
[2026-07-30T06:39:51.535] [DEBUG] debug-file - Worker pool is initialized with config:  {
  minPoolNum: 2,
  maxPoolNum: undefined,
  maxCoreSize: undefined,
  cacheCapacity: undefined,
  cacheTtl: undefined
}
[2026-07-30T06:39:51.497] [DEBUG] debug-file - End initialize module-target build option map, moduleName=entry
[2026-07-30T06:39:51.497] [DEBUG] debug-file - Obtain build option for module 'entry' target 'default'in this build.
[2026-07-30T06:39:51.501] [DEBUG] debug-file - Module entry task initialization takes 4 ms 
[2026-07-30T06:39:51.501] [DEBUG] debug-file - Hap plugin register hook start...
[2026-07-30T06:39:51.501] [DEBUG] debug-file - Hap plugin register hook end...
[2026-07-30T06:39:51.501] [DEBUG] debug-file - Plugin build process completed
[2026-07-30T06:39:51.501] [DEBUG] debug-file - hvigorfile, begin to bind custom plugins...
[2026-07-30T06:39:51.501] [DEBUG] debug-file - hvigorfile, no custom plugins were found in E:\0730\hongmeng1\entry\hvigorfile.ts
[2026-07-30T06:39:51.501] [DEBUG] debug-file - hvigorfile, resolve finished E:\0730\hongmeng1\entry\hvigorfile.ts
[2026-07-30T06:41:06.426] [DEBUG] debug-file - env: nodejsVersion=v18.20.1
[2026-07-30T06:41:06.507] [DEBUG] debug-file - env: daemon=true
[2026-07-30T06:41:06.428] [DEBUG] debug-file - env: hvigor-config.json5 content = {
  modelVersion: '6.1.1',
  dependencies: {},
  execution: {},
  logging: {},
  debugging: {},
  nodeOptions: {}
}
[2026-07-30T06:41:07.052] [DEBUG] debug-file - hvigor java daemon: Starting java daemon. jvmXmxValue=512m, jarPath=D:\Program Files\DevEco Studio\tools\hvigor\hvigor\lib\hvigor-java-daemon.jar
[2026-07-30T06:41:07.052] [DEBUG] debug-file - hvigor java daemon: Read cache file, 
    port=45050, pid=9144, sessionId exists=true
[2026-07-30T06:41:07.068] [DEBUG] debug-file - hvigor java daemon: tryConnect failed, Error: connect ECONNREFUSED 127.0.0.1:45050, will start new daemon
[2026-07-30T06:41:07.077] [DEBUG] debug-file - java daemon started at port 45050 pid 25524
[2026-07-30T06:41:07.102] [DEBUG] debug-file - session manager: set active socket. socketId=JDCzOUCUbTHArZpaAAAB
[2026-07-30T06:41:07.638] [DEBUG] debug-file - watch worker: worker id should be larger than 0. Nothing will be sent to any worker thread.
[2026-07-30T06:41:07.643] [DEBUG] debug-file - Since there is no instance or instance is terminated, create a new worker pool.
[2026-07-30T06:41:07.644] [DEBUG] debug-file - Worker pool is initialized with config:  {
  minPoolNum: 2,
  maxPoolNum: undefined,
  maxCoreSize: undefined,
  cacheCapacity: undefined,
  cacheTtl: undefined
}
[2026-07-30T06:41:07.645] [DEBUG] debug-file - Create  resident worker with id: 0.
[2026-07-30T06:41:07.646] [DEBUG] debug-file - Create  resident worker with id: 1.
[2026-07-30T06:41:07.648] [DEBUG] debug-file - Workers' log level updated to INFO
[2026-07-30T06:41:07.655] [DEBUG] debug-file - Hvigor init with startParameters:{
  hvigorfileTypeCheck: false,
  parallelExecution: true,
  incrementalExecution: true,
  printStackTrace: false,
  daemon: true,
  analyze: 0,
  logLevel: Level { level: 20000, levelStr: 'INFO', colour: 'green' },
  optimizationStrategy: 'memory',
  hotCompile: undefined,
  hotReloadBuild: undefined,
  customizedParam: undefined
}
[2026-07-30T06:41:07.659] [DEBUG] debug-file - Cache service initialization finished in 5 ms 
[2026-07-30T06:41:07.661] [DEBUG] debug-file - hvigorfile, resolving E:\0730\hongmeng1\hvigorfile.ts
[2026-07-30T06:41:08.979] [DEBUG] debug-file - hvigorfile, require result:  { default: { plugins: [] } }
[2026-07-30T06:41:08.979] [DEBUG] debug-file - hvigorfile, binding system plugins null
[2026-07-30T06:41:08.980] [DEBUG] debug-file - Starting plugin build process
[2026-07-30T06:41:08.980] [DEBUG] debug-file - App plugin prepare start...
[2026-07-30T06:41:08.980] [DEBUG] debug-file - App plugin prepare end...
[2026-07-30T06:41:08.980] [DEBUG] debug-file - App plugin creating...
[2026-07-30T06:41:09.156] [DEBUG] debug-file - App plugin register hook start...
[2026-07-30T06:41:09.156] [DEBUG] debug-file - App plugin register hook end...
[2026-07-30T06:41:09.157] [DEBUG] debug-file - Plugin build process completed
[2026-07-30T06:41:09.158] [DEBUG] debug-file - Start initialize project's product build option map with build mode debug.
[2026-07-30T06:41:09.158] [DEBUG] debug-file - Picking option from product 'default' with build mode 'debug'.
[2026-07-30T06:41:09.158] [DEBUG] debug-file - Product 'default' build option initialized
[2026-07-30T06:41:09.158] [DEBUG] debug-file - End initialize project's product build option map with build mode 'debug'.
[2026-07-30T06:41:09.160] [DEBUG] debug-file - Obtain build option for product 'default'in this build.
[2026-07-30T06:41:09.169] [DEBUG] debug-file - No signingConfig found, initRemoteHspCache failed.
[2026-07-30T06:41:09.171] [DEBUG] debug-file - Local scan or download HarmonyOS sdk components toolchains,ets,js,native,previewer
[2026-07-30T06:41:09.173] [DEBUG] debug-file - Local scan or download hmscore sdk components toolchains,ets,native
[2026-07-30T06:41:09.175] [DEBUG] debug-file - Start recording SDK configuration permission data.
[2026-07-30T06:41:09.208] [DEBUG] debug-file - Sdk init in 39 ms 
[2026-07-30T06:41:09.214] [DEBUG] debug-file - Project task initialization takes 4 ms 
[2026-07-30T06:41:09.214] [DEBUG] debug-file - hvigorfile, begin to bind custom plugins...
[2026-07-30T06:41:09.214] [DEBUG] debug-file - hvigorfile, no custom plugins were found in E:\0730\hongmeng1\hvigorfile.ts
[2026-07-30T06:41:09.214] [DEBUG] debug-file - hvigorfile, resolve finished E:\0730\hongmeng1\hvigorfile.ts
[2026-07-30T06:41:09.214] [DEBUG] debug-file - hvigorfile, resolving E:\0730\hongmeng1\entry\hvigorfile.ts
[2026-07-30T06:41:09.220] [DEBUG] debug-file - hvigorfile, require result:  { default: { plugins: [] } }
[2026-07-30T06:41:09.221] [DEBUG] debug-file - hvigorfile, binding system plugins null
[2026-07-30T06:41:09.221] [DEBUG] debug-file - Starting plugin build process
[2026-07-30T06:41:09.221] [DEBUG] debug-file - Hap plugin creating...
[2026-07-30T06:41:09.222] [DEBUG] debug-file - failed to load cangjie to dynamically generate schemas: Error: Cannot find module '@ohos/cangjie-build-support/index'
Require stack:
- D:\Program Files\DevEco Studio\tools\hvigor\hvigor-ohos-plugin\src\plugin\hooks\cangjie-register.js
- D:\Program Files\DevEco Studio\tools\hvigor\hvigor-ohos-plugin\src\plugin\strategy\stage-init-strategy.js
- D:\Program Files\DevEco Studio\tools\hvigor\hvigor-ohos-plugin\src\plugin\builder\abstract-plugin-builder.js
- D:\Program Files\DevEco Studio\tools\hvigor\hvigor-ohos-plugin\src\plugin\builder\app-plugin-builder.js
- D:\Program Files\DevEco Studio\tools\hvigor\hvigor-ohos-plugin\src\plugin\factory\plugin-factory.js
- D:\Program Files\DevEco Studio\tools\hvigor\hvigor-ohos-plugin\index.js
- E:\0730\hongmeng1\hvigorfile.ts
- D:\Program Files\DevEco Studio\tools\hvigor\hvigor\src\base\internal\lifecycle\configuration.js
- D:\Program Files\DevEco Studio\tools\hvigor\hvigor\src\base\boot\index.js
- D:\Program Files\DevEco Studio\tools\hvigor\hvigor\src\base\daemon\cluster\worker-process-lifecycle.js
- D:\Program Files\DevEco Studio\tools\hvigor\hvigor\src\base\daemon\process\daemon-process-boot-script.js
[2026-07-30T06:41:09.238] [DEBUG] debug-file - Start initialize module-target build option map, moduleName=entry, buildMode=debug
[2026-07-30T06:41:09.238] [DEBUG] debug-file - Target 'default' config initialized
[2026-07-30T06:41:09.239] [DEBUG] debug-file - Target 'ohosTest' config initialized
[2026-07-30T06:41:09.240] [DEBUG] debug-file - Module 'entry' target 'default' build option initialized
[2026-07-30T06:41:09.240] [DEBUG] debug-file - Module 'entry' target 'ohosTest' build option initialized
[2026-07-30T06:41:09.240] [DEBUG] debug-file - End initialize module-target build option map, moduleName=entry
[2026-07-30T06:41:09.240] [DEBUG] debug-file - Start initialize module-target build option map, moduleName=entry, buildMode=release
[2026-07-30T06:41:09.240] [DEBUG] debug-file - Target 'default' config initialized
[2026-07-30T06:41:09.240] [DEBUG] debug-file - Target 'ohosTest' config initialized
[2026-07-30T06:41:09.240] [DEBUG] debug-file - Module 'entry' target 'default' build option initialized
[2026-07-30T06:41:09.240] [DEBUG] debug-file - Module 'entry' target 'ohosTest' build option initialized
[2026-07-30T06:41:09.240] [DEBUG] debug-file - End initialize module-target build option map, moduleName=entry
[2026-07-30T06:41:09.240] [DEBUG] debug-file - Start initialize module-target build option map, moduleName=entry, buildMode=debug
[2026-07-30T06:41:09.240] [DEBUG] debug-file - Target 'default' config initialized
[2026-07-30T06:41:09.241] [DEBUG] debug-file - Target 'ohosTest' config initialized
[2026-07-30T06:41:09.241] [DEBUG] debug-file - Module 'entry' target 'default' build option initialized
[2026-07-30T06:41:09.241] [DEBUG] debug-file - Module 'entry' target 'ohosTest' build option initialized
[2026-07-30T06:41:09.241] [DEBUG] debug-file - End initialize module-target build option map, moduleName=entry
[2026-07-30T06:41:09.241] [DEBUG] debug-file - Obtain build option for module 'entry' target 'default'in this build.
[2026-07-30T06:41:09.245] [DEBUG] debug-file - Module entry task initialization takes 4 ms 
[2026-07-30T06:41:09.245] [DEBUG] debug-file - Hap plugin register hook start...
[2026-07-30T06:41:09.245] [DEBUG] debug-file - Hap plugin register hook end...
[2026-07-30T06:41:09.245] [DEBUG] debug-file - Plugin build process completed
[2026-07-30T06:41:09.245] [DEBUG] debug-file - hvigorfile, begin to bind custom plugins...
[2026-07-30T06:41:09.246] [DEBUG] debug-file - hvigorfile, no custom plugins were found in E:\0730\hongmeng1\entry\hvigorfile.ts
[2026-07-30T06:41:09.246] [DEBUG] debug-file - hvigorfile, resolve finished E:\0730\hongmeng1\entry\hvigorfile.ts
[2026-07-30T06:41:09.264] [DEBUG] debug-file - hvigorfile, resolve hvigorfile dependencies in 18 ms 
[2026-07-30T06:41:09.264] [DEBUG] debug-file - project has submodules:entry
[2026-07-30T06:41:09.265] [DEBUG] debug-file - start to load updatedOhPackageInfo to the disk
[2026-07-30T06:41:09.267] [DEBUG] debug-file - load to the disk finished
[2026-07-30T06:41:09.267] [DEBUG] debug-file - Start to initialize dependency information.
[2026-07-30T06:41:09.273] [DEBUG] debug-file - Module hongmeng1 Collected Dependency: 
[2026-07-30T06:41:09.273] [DEBUG] debug-file - Module hongmeng1's total dependency: 0
[2026-07-30T06:41:09.274] [DEBUG] debug-file - Start to initialize dependency information.
[2026-07-30T06:41:09.275] [DEBUG] debug-file - Module entry Collected Dependency: 
[2026-07-30T06:41:09.275] [DEBUG] debug-file - Module entry's total dependency: 0
[2026-07-30T06:41:09.278] [DEBUG] debug-file - Configuration phase cost:1 s 619 ms 
[2026-07-30T06:41:09.279] [DEBUG] debug-file - Configuration task cost before running: 1 s 631 ms 
[2026-07-30T06:41:09.283] [DEBUG] debug-file - Executing task :entry:default@PreBuild
[2026-07-30T06:41:09.287] [DEBUG] debug-file - Task 'entry:default@PreBuild' cost while wrapping incremental declarations: 1 ms 
[2026-07-30T06:41:09.402] [DEBUG] debug-file - current product is not Atomic service.
[2026-07-30T06:41:09.402] [DEBUG] debug-file - Use tool [win32: JAVA_HOME, CLASSPATH]
 [
  { JAVA_HOME: 'D:\\Program Files\\DevEco Studio\\jbr' },
  {
    CLASSPATH: '.;D:\\Program Files\\jdk17\\lib\\dt.jar;D:\\Program Files\\jdk17\\lib\\tools.jar'
  }
]
[2026-07-30T06:41:09.402] [DEBUG] debug-file - Use tool [win32: NODE_HOME]
 [ { NODE_HOME: 'D:\\Program Files\\DevEco Studio\\tools\\node' } ]
[2026-07-30T06:41:09.403] [DEBUG] debug-file - entry : default@PreBuild cost memory 8.088897705078125
[2026-07-30T06:41:09.403] [DEBUG] debug-file - runTaskFromQueue task cost before running: 1 s 755 ms 
[2026-07-30T06:41:09.405] [INFO] debug-file - Finished :entry:default@PreBuild... after 120 ms 
[2026-07-30T06:41:09.406] [DEBUG] debug-file - Executing task :entry:default@CreateModuleInfo
[2026-07-30T06:41:09.407] [DEBUG] debug-file - Task 'entry:default@CreateModuleInfo' cost while wrapping incremental declarations: 1 ms 
[2026-07-30T06:41:09.407] [DEBUG] debug-file - entry : default@CreateModuleInfo cost memory 0.0424346923828125
[2026-07-30T06:41:09.407] [DEBUG] debug-file - runTaskFromQueue task cost before running: 1 s 759 ms 
[2026-07-30T06:41:09.407] [INFO] debug-file - Finished :entry:default@CreateModuleInfo... after 1 ms 
[2026-07-30T06:41:09.408] [DEBUG] debug-file - Executing task :entry:default@GenerateMetadata
[2026-07-30T06:41:09.409] [DEBUG] debug-file - Task 'entry:default@GenerateMetadata' cost while wrapping incremental declarations: 1 ms 
[2026-07-30T06:41:09.411] [DEBUG] debug-file - entry : default@GenerateMetadata cost memory 0.058837890625
[2026-07-30T06:41:09.411] [DEBUG] debug-file - runTaskFromQueue task cost before running: 1 s 763 ms 
[2026-07-30T06:41:09.411] [INFO] debug-file - Finished :entry:default@GenerateMetadata... after 3 ms 
[2026-07-30T06:41:09.412] [DEBUG] debug-file - Executing task :entry:default@ConfigureCmake
[2026-07-30T06:41:09.412] [DEBUG] debug-file - entry : default@ConfigureCmake cost memory 0.0144805908203125
[2026-07-30T06:41:09.413] [DEBUG] debug-file - runTaskFromQueue task cost before running: 1 s 764 ms 
[2026-07-30T06:41:09.413] [INFO] debug-file - Finished :entry:default@ConfigureCmake... after 1 ms 
[2026-07-30T06:41:09.414] [DEBUG] debug-file - Executing task :entry:default@MergeProfile
[2026-07-30T06:41:09.414] [DEBUG] debug-file - Task 'entry:default@MergeProfile' cost while wrapping incremental declarations: 1 ms 
[2026-07-30T06:41:09.415] [DEBUG] debug-file - Change app api release type with 'Release'
[2026-07-30T06:41:09.415] [DEBUG] debug-file - Change app compile API version with '6.1.1.125'
[2026-07-30T06:41:09.415] [DEBUG] debug-file - Change app target API version with '60101024'
[2026-07-30T06:41:09.415] [DEBUG] debug-file - Change app minimum API version with '60101024'
[2026-07-30T06:41:09.416] [DEBUG] debug-file - Use cli appEnvironment
[2026-07-30T06:41:09.418] [DEBUG] debug-file - entry : default@MergeProfile cost memory 0.24437713623046875
[2026-07-30T06:41:09.419] [DEBUG] debug-file - runTaskFromQueue task cost before running: 1 s 771 ms 
[2026-07-30T06:41:09.419] [INFO] debug-file - Finished :entry:default@MergeProfile... after 5 ms 
[2026-07-30T06:41:09.421] [DEBUG] debug-file - Executing task :entry:default@CreateBuildProfile
[2026-07-30T06:41:09.422] [DEBUG] debug-file - Task 'entry:default@CreateBuildProfile' cost while wrapping incremental declarations: 1 ms 
[2026-07-30T06:41:09.425] [DEBUG] debug-file - entry : default@CreateBuildProfile cost memory 0.06792449951171875
[2026-07-30T06:41:09.425] [DEBUG] debug-file - runTaskFromQueue task cost before running: 1 s 776 ms 
[2026-07-30T06:41:09.425] [INFO] debug-file - Finished :entry:default@CreateBuildProfile... after 4 ms 
[2026-07-30T06:41:09.427] [DEBUG] debug-file - Executing task :entry:default@PreCheckSyscap
[2026-07-30T06:41:09.427] [DEBUG] debug-file - entry : default@PreCheckSyscap cost memory 0.01471710205078125
[2026-07-30T06:41:09.427] [DEBUG] debug-file - runTaskFromQueue task cost before running: 1 s 779 ms 
[2026-07-30T06:41:09.427] [INFO] debug-file - Finished :entry:default@PreCheckSyscap... after 1 ms 
[2026-07-30T06:41:09.428] [DEBUG] debug-file - Executing task :entry:default@GeneratePkgContextInfo
[2026-07-30T06:41:09.432] [DEBUG] debug-file - Task 'entry:default@GeneratePkgContextInfo' cost while wrapping incremental declarations: 1 ms 
[2026-07-30T06:41:09.434] [DEBUG] debug-file - entry : default@GeneratePkgContextInfo cost memory 0.19812774658203125
[2026-07-30T06:41:09.434] [DEBUG] debug-file - runTaskFromQueue task cost before running: 1 s 786 ms 
[2026-07-30T06:41:09.434] [INFO] debug-file - Finished :entry:default@GeneratePkgContextInfo... after 6 ms 
[2026-07-30T06:41:09.435] [DEBUG] debug-file - Executing task :entry:default@GeneratePkgSdkInfo
[2026-07-30T06:41:09.439] [DEBUG] debug-file - Task 'entry:default@GeneratePkgSdkInfo' cost while wrapping incremental declarations: 1 ms 
[2026-07-30T06:41:09.439] [DEBUG] debug-file - entry : default@GeneratePkgSdkInfo cost memory 0.139404296875
[2026-07-30T06:41:09.440] [DEBUG] debug-file - runTaskFromQueue task cost before running: 1 s 791 ms 
[2026-07-30T06:41:09.440] [INFO] debug-file - Finished :entry:default@GeneratePkgSdkInfo... after 5 ms 
[2026-07-30T06:41:09.444] [DEBUG] debug-file - Executing task :entry:default@ProcessIntegratedHsp
[2026-07-30T06:41:09.444] [DEBUG] debug-file - entry : default@ProcessIntegratedHsp cost memory 0.02899169921875
[2026-07-30T06:41:09.445] [DEBUG] debug-file - runTaskFromQueue task cost before running: 1 s 796 ms 
[2026-07-30T06:41:09.445] [INFO] debug-file - Finished :entry:default@ProcessIntegratedHsp... after 1 ms 
[2026-07-30T06:41:09.446] [DEBUG] debug-file - Executing task :entry:default@BuildNativeWithCmake
[2026-07-30T06:41:09.446] [DEBUG] debug-file - entry : default@BuildNativeWithCmake cost memory 0.0151214599609375
[2026-07-30T06:41:09.446] [DEBUG] debug-file - runTaskFromQueue task cost before running: 1 s 798 ms 
[2026-07-30T06:41:09.446] [INFO] debug-file - Finished :entry:default@BuildNativeWithCmake... after 1 ms 
[2026-07-30T06:41:09.447] [DEBUG] debug-file - Executing task :entry:default@MakePackInfo
[2026-07-30T06:41:09.450] [DEBUG] debug-file - Module Pack Info:  {
  summary: {
    app: { bundleName: 'c***u', bundleType: 'app', version: [Object] },
    modules: [ [Object] ]
  },
  packages: [
    {
      deviceType: [Array],
      moduleType: 'entry',
      deliveryWithInstall: true,
      name: 'entry-default'
    }
  ]
}
[2026-07-30T06:41:09.451] [DEBUG] debug-file - entry : default@MakePackInfo cost memory 0.11148834228515625
[2026-07-30T06:41:09.451] [DEBUG] debug-file - runTaskFromQueue task cost before running: 1 s 803 ms 
[2026-07-30T06:41:09.451] [INFO] debug-file - Finished :entry:default@MakePackInfo... after 4 ms 
[2026-07-30T06:41:09.453] [DEBUG] debug-file - Executing task :entry:default@SyscapTransform
[2026-07-30T06:41:09.453] [DEBUG] debug-file - File: 'E:\0730\hongmeng1\entry\src\main\syscap.json' from 'sysCapJsonPath' is not exists, just ignore.
[2026-07-30T06:41:09.454] [DEBUG] debug-file - Task 'entry:default@SyscapTransform' cost while wrapping incremental declarations: 1 ms 
[2026-07-30T06:41:09.455] [DEBUG] debug-file - entry : default@SyscapTransform cost memory 0.0552978515625
[2026-07-30T06:41:09.455] [DEBUG] debug-file - runTaskFromQueue task cost before running: 1 s 807 ms 
[2026-07-30T06:41:09.455] [INFO] debug-file - Finished :entry:default@SyscapTransform... after 2 ms 
[2026-07-30T06:41:09.457] [DEBUG] debug-file - Executing task :entry:default@ProcessProfile
[2026-07-30T06:41:09.458] [DEBUG] debug-file - Task 'entry:default@ProcessProfile' cost while wrapping incremental declarations: 1 ms 
[2026-07-30T06:41:09.459] [DEBUG] debug-file - [
  'D:\\Program Files\\DevEco Studio\\tools\\node\\node.exe',
  'D:\\Program Files\\DevEco Studio\\sdk\\default\\openharmony\\ets\\build-tools\\ets-loader\\bin\\ark\\ts2abc.js',
  '--target-api-version',
  '24'
]
[2026-07-30T06:41:10.316] [DEBUG] debug-file - 24.0.0.0
[2026-07-30T06:41:10.317] [DEBUG] debug-file - No need to add fake ui ability because of not in preview process.
[2026-07-30T06:41:10.318] [DEBUG] debug-file - entry : default@ProcessProfile cost memory 2.1809463500976562
[2026-07-30T06:41:10.318] [DEBUG] debug-file - runTaskFromQueue task cost before running: 2 s 669 ms 
[2026-07-30T06:41:10.318] [INFO] debug-file - Finished :entry:default@ProcessProfile... after 861 ms 
[2026-07-30T06:41:10.319] [DEBUG] debug-file - Executing task :entry:default@ProcessRouterMap
[2026-07-30T06:41:10.321] [DEBUG] debug-file - entry : default@ProcessRouterMap cost memory 0.07701873779296875
[2026-07-30T06:41:10.321] [DEBUG] debug-file - runTaskFromQueue task cost before running: 2 s 673 ms 
[2026-07-30T06:41:10.321] [INFO] debug-file - Finished :entry:default@ProcessRouterMap... after 3 ms 
[2026-07-30T06:41:10.322] [DEBUG] debug-file - Executing task :entry:default@ProcessShareConfig
[2026-07-30T06:41:10.323] [DEBUG] debug-file - entry : default@ProcessShareConfig cost memory 0.064971923828125
[2026-07-30T06:41:10.323] [DEBUG] debug-file - runTaskFromQueue task cost before running: 2 s 675 ms 
[2026-07-30T06:41:10.324] [INFO] debug-file - Finished :entry:default@ProcessShareConfig... after 2 ms 
[2026-07-30T06:41:10.324] [DEBUG] debug-file - Executing task :entry:default@ProcessStartupConfig
[2026-07-30T06:41:10.325] [DEBUG] debug-file - Task 'entry:default@ProcessStartupConfig' cost while wrapping incremental declarations: 1 ms 
[2026-07-30T06:41:10.325] [DEBUG] debug-file - entry : default@ProcessStartupConfig cost memory 0.09363555908203125
[2026-07-30T06:41:10.326] [DEBUG] debug-file - runTaskFromQueue task cost before running: 2 s 677 ms 
[2026-07-30T06:41:10.326] [INFO] debug-file - Finished :entry:default@ProcessStartupConfig... after 2 ms 
[2026-07-30T06:41:10.327] [DEBUG] debug-file - Executing task :entry:default@BuildNativeWithNinja
[2026-07-30T06:41:10.327] [DEBUG] debug-file - entry : default@BuildNativeWithNinja cost memory 0.02085113525390625
[2026-07-30T06:41:10.327] [DEBUG] debug-file - runTaskFromQueue task cost before running: 2 s 679 ms 
[2026-07-30T06:41:10.327] [INFO] debug-file - Finished :entry:default@BuildNativeWithNinja... after 1 ms 
[2026-07-30T06:41:10.329] [DEBUG] debug-file - restool module names: entry; moduleName=entry, taskName=default@ProcessResource
[2026-07-30T06:41:10.331] [DEBUG] debug-file - Executing task :entry:default@ProcessResource
[2026-07-30T06:41:10.331] [DEBUG] debug-file - Task 'entry:default@ProcessResource' cost while wrapping incremental declarations: 1 ms 
[2026-07-30T06:41:10.333] [DEBUG] debug-file - entry : default@ProcessResource cost memory 0.1259307861328125
[2026-07-30T06:41:10.333] [DEBUG] debug-file - runTaskFromQueue task cost before running: 2 s 685 ms 
[2026-07-30T06:41:10.334] [INFO] debug-file - Finished :entry:default@ProcessResource... after 4 ms 
[2026-07-30T06:41:10.335] [DEBUG] debug-file - Executing task :entry:default@GenerateLoaderJson
[2026-07-30T06:41:10.337] [DEBUG] debug-file - Task 'entry:default@GenerateLoaderJson' cost while wrapping incremental declarations: 1 ms 
[2026-07-30T06:41:10.345] [DEBUG] debug-file - entry : default@GenerateLoaderJson cost memory 0.7576217651367188
[2026-07-30T06:41:10.345] [DEBUG] debug-file - runTaskFromQueue task cost before running: 2 s 697 ms 
[2026-07-30T06:41:10.347] [INFO] debug-file - Finished :entry:default@GenerateLoaderJson... after 10 ms 
[2026-07-30T06:41:10.348] [DEBUG] debug-file - Executing task :entry:default@ProcessLibs
[2026-07-30T06:41:10.351] [DEBUG] debug-file - Worker dispatch failed, running processLibs on main thread.
[2026-07-30T06:41:10.352] [DEBUG] debug-file - entry : default@ProcessLibs cost memory 0.5083160400390625
[2026-07-30T06:41:10.352] [DEBUG] debug-file - runTaskFromQueue task cost before running: 2 s 704 ms 
[2026-07-30T06:41:10.353] [INFO] debug-file - Finished :entry:default@ProcessLibs... after 5 ms 
[2026-07-30T06:41:10.354] [DEBUG] debug-file - restool module names: entry; moduleName=entry, taskName=default@CompileResource
[2026-07-30T06:41:10.354] [DEBUG] debug-file - Executing task :entry:default@CompileResource
[2026-07-30T06:41:10.360] [DEBUG] debug-file - Use tool [D:\Program Files\DevEco Studio\sdk\default\openharmony\toolchains\restool.exe]
 [
  'D:\\Program Files\\DevEco Studio\\sdk\\default\\openharmony\\toolchains\\restool.exe',
  '-l',
  'E:\\0730\\hongmeng1\\entry\\build\\default\\intermediates\\res\\default\\resConfig.json'
]
[2026-07-30T06:41:10.362] [DEBUG] debug-file - current process  memoryUsage: {
  rss: 262246400,
  heapTotal: 163733504,
  heapUsed: 130105264,
  external: 3123628,
  arrayBuffers: 127002
} os memoryUsage :16.62273406982422
[2026-07-30T06:41:10.870] [DEBUG] debug-file - Info: Pack: normal pack mode

[2026-07-30T06:41:11.086] [DEBUG] debug-file - Info: hardware concurrency count is : 16

[2026-07-30T06:41:11.086] [DEBUG] debug-file - Info: thread count is : 16
Info: thread pool is started

[2026-07-30T06:41:11.087] [DEBUG] debug-file - Info: GenericCompiler::CompileFiles

[2026-07-30T06:41:11.091] [DEBUG] debug-file - Info: GenericCompiler::CompileFiles

[2026-07-30T06:41:11.091] [DEBUG] debug-file - Warning: 'E:\0730\hongmeng1\entry\src\main\resources\base\media\background.png' is defined repeatedly.
Warning: 'E:\0730\hongmeng1\entry\src\main\resources\base\media\foreground.png' is defined repeatedly.
Warning: 'E:\0730\hongmeng1\entry\src\main\resources\base\media\layered_image.json' is defined repeatedly.

[2026-07-30T06:41:11.092] [DEBUG] debug-file - Info: GenericCompiler::CompileFiles

[2026-07-30T06:41:11.095] [DEBUG] debug-file - 07-30 06:41:11.096 17316 26124 E C01400/ImageTranscoderUtils: DecodeToRGBA IN

[2026-07-30T06:41:11.095] [DEBUG] debug-file - 07-30 06:41:11.096 17316 26124 E C01400/ImageTranscoderUtils: ImageFilter IN E:\0730\hongmeng1\AppScope\resources\base\media\background.png

[2026-07-30T06:41:11.134] [DEBUG] debug-file - 07-30 06:41:11.135 17316 26124 E C01400/ImageTranscoderUtils: DecodeToRGBA IN
07-30 06:41:11.135 17316 26124 E C01400/ImageTranscoderUtils: ImageFilter IN E:\0730\hongmeng1\AppScope\resources\base\media\foreground.png

[2026-07-30T06:41:11.173] [DEBUG] debug-file - Info: can't scale media json file.

[2026-07-30T06:41:11.173] [DEBUG] debug-file - Warning: The width or height of the png file referenced by the icon exceeds the limit (41 pixels)
at E:\0730\hongmeng1\AppScope\resources\base\media\background.png
Warning: The width or height of the png file referenced by the icon exceeds the limit (41 pixels)
at E:\0730\hongmeng1\AppScope\resources\base\media\foreground.png
Warning: E:\0730\hongmeng1\AppScope\resources\base\media\layered_image.json is not png format

[2026-07-30T06:41:11.174] [DEBUG] debug-file - Info: restool resources compile success.

[2026-07-30T06:41:11.175] [DEBUG] debug-file - Info: thread pool is stopped

[2026-07-30T06:41:11.234] [DEBUG] debug-file - entry : default@CompileResource cost memory -11.912124633789062
[2026-07-30T06:41:11.235] [DEBUG] debug-file - runTaskFromQueue task cost before running: 3 s 586 ms 
[2026-07-30T06:41:11.235] [INFO] debug-file - Finished :entry:default@CompileResource... after 881 ms 
[2026-07-30T06:41:11.237] [DEBUG] debug-file - Executing task :entry:default@DoNativeStrip
[2026-07-30T06:41:11.237] [DEBUG] debug-file - File: 'E:\0730\hongmeng1\entry\build\default\intermediates\binxo\default' from 'doBinxoNativeLibs' is not exists, just ignore.
[2026-07-30T06:41:11.237] [DEBUG] debug-file - Task 'entry:default@DoNativeStrip' cost while wrapping incremental declarations: 1 ms 
[2026-07-30T06:41:11.239] [DEBUG] debug-file - entry : default@DoNativeStrip cost memory 0.07143402099609375
[2026-07-30T06:41:11.239] [DEBUG] debug-file - runTaskFromQueue task cost before running: 3 s 591 ms 
[2026-07-30T06:41:11.239] [INFO] debug-file - Finished :entry:default@DoNativeStrip... after 3 ms 
[2026-07-30T06:41:11.241] [DEBUG] debug-file - Executing task :entry:default@CompileArkTS
[2026-07-30T06:41:11.241] [DEBUG] debug-file - obfuscationOptions: undefined
[2026-07-30T06:41:11.242] [DEBUG] debug-file - Task 'entry:default@CompileArkTS' cost while wrapping incremental declarations: 1 ms 
[2026-07-30T06:41:11.255] [DEBUG] debug-file - build config:
[2026-07-30T06:41:11.256] [DEBUG] debug-file - {
  moduleType: 'entry',
  perf: 0,
  targetName: '.default',
  packageManagerType: 'ohpm',
  localPropertiesPath: 'E:\\0730\\hongmeng1\\local.properties',
  isPreview: false,
  isOhosTest: false,
  isLocalTest: false,
  buildMode: 'Debug',
  hotReloadBuild: undefined,
  watchMode: 'false',
  aceProfilePath: 'E:\\0730\\hongmeng1\\entry\\build\\default\\intermediates\\res\\default\\resources\\base\\profile',
  etsLoaderPath: 'D:\\Program Files\\DevEco Studio\\sdk\\default\\openharmony\\ets\\build-tools\\ets-loader',
  modulePath: 'E:\\0730\\hongmeng1\\entry',
  testFrameworkPar: {
    testMode: undefined,
    coveragePathFilter: undefined,
    coverageMode: undefined
  },
  needCoverageInsert: false,
  debugLine: false,
  projectTopDir: 'E:\\0730\\hongmeng1',
  compileSdkVersion: 24,
  compatibleSdkVersion: 24,
  originCompatibleSdkVersion: '6.1.1(24)',
  compatibleSdkVersionStage: undefined,
  bundleName: 'c***u',
  etsLoaderVersion: '6.1.1.125',
  etsLoaderReleaseType: 'Release',
  aotCompileMode: 'type',
  apPath: 'E:\\0730\\hongmeng1\\entry\\modules.ap',
  entryModuleName: 'entry',
  entryModuleVersion: '1.0.0',
  entryPackageName: 'entry',
  allModuleNameHash: '0b3ae234c739ce534a5d110fbc6132a54e338810eb756783129ed33f057aa2f2',
  externalApiPaths: [ 'D:\\Program Files\\DevEco Studio\\sdk\\default\\hms\\ets' ],
  compilerTypes: [],
  isCrossplatform: false,
  hvigorPluginFile: undefined,
  compilePluginPath: undefined,
  buildGeneratedProfilePath: 'E:\\0730\\hongmeng1\\entry\\build\\default\\generated\\profile\\default',
  bundleType: 'app',
  arkTSVersion: undefined,
  apiVersion: 24,
  needCompleteSourcesMap: false,
  isFaMode: false,
  buildDir: 'E:\\0730\\hongmeng1\\entry\\build',
  deviceTypes: [ 'phone' ],
  pkgContextInfo: {
    '@ohos/hypium': {
      packageName: '@ohos/hypium',
      bundleName: '*****',
      moduleName: '',
      version: '1.0.25',
      entryPath: 'index.js',
      isSO: false,
      dependencyAlias: ''
    },
    '@ohos/hamock': {
      packageName: '@ohos/hamock',
      bundleName: '*****',
      moduleName: '',
      version: '1.0.0',
      entryPath: 'index.ets',
      isSO: false,
      dependencyAlias: ''
    },
    entry: {
      packageName: 'entry',
      bundleName: '*****',
      moduleName: '',
      version: '',
      entryPath: 'src/main/',
      isSO: false,
      dependencyAlias: ''
    }
  },
  ohPackagePathMap: {},
  dependencyAliasMap: {},
  permission: { requestPermissions: [ [Object] ], definePermissions: undefined },
  useGetCurrentBundleName: false,
  projectArkOption: undefined,
  sourceMapDir: undefined,
  branchElimination: false,
  transformLib: undefined,
  tsImportSendable: false,
  resolveConflictMode: true,
  depName2RootPath: {},
  depName2DepInfo: {},
  depName2OhExports: {},
  rootPathSet: [ 'E:\\0730\\hongmeng1' ],
  useNativeResolver: true,
  shouldEmitJs: true,
  useTscResolve: false,
  singleFileEmit: false,
  userProjectConfig: {
    autoLazyImport: false,
    allowEmptyBundleName: false,
    reExportCheckMode: 'noCheck',
    executionMode: 'memory',
    usePathPlaceholder: false,
    writeRollupCache: true,
    isExpandImportEnabled: false,
    expandImportExclude: '',
    lazyImportExclude: '',
    lazyImportInclude: '',
    ignoreCrossplatformCheck: false,
    isHarDeduplicateEnabled: false,
    skipOhModulesLint: false,
    enableStrictCheckOHModule: false,
    disableSendableCheckRules: [],
    useDeclarationFileSignature: false,
    customizedOptions: undefined,
    integratedHsp: false,
    isPreloadSoEnabled: false
  },
  executionMode: 'memory',
  arkCompileCachePath: 'E:\\0730\\hongmeng1\\entry\\build\\default\\cache\\default\\default@CompileArkTS\\esmodule',
  autoLazyFilter: undefined,
  isHarDeduplicateEnabled: false,
  intermediateHarDuplicateDirPath: 'E:\\0730\\hongmeng1\\entry\\build\\default\\intermediates\\har_duplicate\\default',
  autoLazyImport: false,
  allowEmptyBundleName: false,
  reExportCheckMode: 'noCheck',
  usePathPlaceholder: false,
  writeRollupCache: true,
  isExpandImportEnabled: false,
  expandImportExclude: '',
  lazyImportExclude: '',
  lazyImportInclude: '',
  ignoreCrossplatformCheck: false,
  skipOhModulesLint: false,
  enableStrictCheckOHModule: false,
  disableSendableCheckRules: [],
  useDeclarationFileSignature: false,
  customizedOptions: undefined,
  integratedHsp: false,
  isPreloadSoEnabled: false,
  strictMode: {
    caseSensitiveCheck: true,
    useNormalizedOHMUrl: true,
    noExternalImportByPath: true
  },
  useNormalizedOHMUrl: true,
  caseSensitiveCheck: true,
  strictCheckerOnly: false,
  aceModuleJsonPath: 'E:\\0730\\hongmeng1\\entry\\build\\default\\intermediates\\res\\default\\ark_module.json',
  appResource: 'E:\\0730\\hongmeng1\\entry\\build\\default\\intermediates\\res\\default\\ResourceTable.txt',
  rawFileResource: 'E:\\0730\\hongmeng1\\entry\\build\\default\\intermediates\\res\\default\\resources\\rawfile',
  resourceTableHash: 'd81a83941c07883d4327563ba2cfe0ac7f68042912820a1577b99d29cbd144cc',
  runtimeOS: 'HarmonyOS',
  sdkInfo: 'false:24:6.1.1.125:Release',
  aceModuleRoot: 'E:\\0730\\hongmeng1\\entry\\src\\main\\ets',
  compileMode: 'esmodule',
  aceSuperVisualPath: 'E:\\0730\\hongmeng1\\entry\\src\\main\\supervisual',
  aceBuildJson: 'E:\\0730\\hongmeng1\\entry\\build\\default\\intermediates\\loader\\default\\loader.json',
  cachePath: 'E:\\0730\\hongmeng1\\entry\\build\\default\\cache\\default\\default@CompileArkTS\\esmodule\\debug',
  aceModuleBuild: 'E:\\0730\\hongmeng1\\entry\\build\\default\\intermediates\\loader_out\\default\\ets',
  supportChunks: true,
  declaredFilesPath: undefined,
  shouldCollectDirectImportees: false,
  isByteCodeHarOptimize: false,
  expandImportPath: undefined,
  resourceTableTs: 'E:\\0730\\hongmeng1\\entry\\build\\default\\generated\\r\\default\\ResourceTable.ts',
  moduleMetaInfoFiles: [
    {
      filePath: 'E:\\0730\\hongmeng1\\entry\\build\\default\\generated\\r\\default\\ResourceTable.ts',
      ohmurl: '&entry/build/generated/r/ResourceTable&'
    }
  ],
  pkgNameToPkgBriefInfo: {
    entry: {
      pkgRoot: 'E:\\0730\\hongmeng1\\entry',
      originalSourceRoots: undefined,
      sourceRoots: [Array],
      pkgName: 'entry'
    }
  },
  projectModel: {
    'E:\\0730\\hongmeng1\\entry\\src\\main': {
      moduleName: 'entry',
      modulePkgPath: 'E:\\0730\\hongmeng1\\entry',
      belongProjectPath: 'E:\\0730\\hongmeng1'
    },
    'E:\\0730\\hongmeng1\\entry\\.test\\default\\intermediates\\src\\ohosTest\\ets': {
      moduleName: 'entry_test',
      modulePkgPath: 'E:\\0730\\hongmeng1\\entry',
      belongProjectPath: 'E:\\0730\\hongmeng1'
    },
    'E:\\0730\\hongmeng1\\entry\\src\\ohosTest': {
      moduleName: 'entry_test',
      modulePkgPath: 'E:\\0730\\hongmeng1\\entry',
      belongProjectPath: 'E:\\0730\\hongmeng1'
    },
    'E:\\0730\\hongmeng1\\entry': {
      moduleName: 'entry',
      modulePkgPath: 'E:\\0730\\hongmeng1\\entry',
      belongProjectPath: 'E:\\0730\\hongmeng1'
    },
    'E:\\0730\\hongmeng1': {
      moduleName: 'hongmeng1',
      modulePkgPath: 'E:\\0730\\hongmeng1',
      belongProjectPath: 'E:\\0730\\hongmeng1'
    }
  },
  pkgJsonFileHash: '5fe8383df5fd82f84de69074092b8e2a0e11bd016c3f1f79ff0c32866c0ed8f5',
  allModulePaths: [ 'E:\\0730\\hongmeng1\\entry' ],
  routerMap: {},
  obfuscationOptions: undefined,
  byteCodeHarToDependencyKeys: undefined,
  compileBlockPkg: [],
  mockParams: {
    decorator: '@MockSetup',
    packageName: '@ohos/hamock',
    etsSourceRootPath: 'src/main/ets',
    mockConfigPath: 'E:\\0730\\hongmeng1\\entry\\src\\mock\\mock-config.json5',
    mockConfigKey2ModuleInfo: {},
    source2ModuleIdMap: {}
  },
  copyCodeResourceEnable: false,
  copyCodeResourceExcludes: [],
  copyCodeResourceIncludes: undefined,
  uiTransformOptimization: false,
  sdkPath: 'D:/Program Files/DevEco Studio/sdk',
  needPreloadSoFileSet: {},
  preloadSoFilePath: 'E:\\0730\\hongmeng1\\entry\\build\\default\\intermediates\\preload\\default\\preload.json',
  useSourceHash: false,
  localModuleParamMap: {},
  otherPaths: {
    'entry/*': [
      '..\\*',
      '..\\..\\..\\build\\default\\generated\\profile\\default\\*'
    ]
  },
  collectImportersConfig: undefined
}
[2026-07-30T06:41:11.256] [DEBUG] debug-file - Compile arkts with external api path: D:\Program Files\DevEco Studio\sdk\default\hms\ets
[2026-07-30T06:41:11.257] [DEBUG] debug-file - default@CompileArkTS work[0] is submitted.
[2026-07-30T06:41:11.258] [DEBUG] debug-file - default@CompileArkTS work[0] is pushed to ready queue.
[2026-07-30T06:41:11.258] [DEBUG] debug-file - A work dispatched to worker[15] failed because unable to get work from ready queue.
[2026-07-30T06:41:11.258] [DEBUG] debug-file - A work dispatched to worker[14] failed because unable to get work from ready queue.
[2026-07-30T06:41:11.258] [DEBUG] debug-file - A work dispatched to worker[13] failed because unable to get work from ready queue.
[2026-07-30T06:41:11.258] [DEBUG] debug-file - A work dispatched to worker[12] failed because unable to get work from ready queue.
[2026-07-30T06:41:11.258] [DEBUG] debug-file - A work dispatched to worker[11] failed because unable to get work from ready queue.
[2026-07-30T06:41:11.258] [DEBUG] debug-file - A work dispatched to worker[10] failed because unable to get work from ready queue.
[2026-07-30T06:41:11.258] [DEBUG] debug-file - A work dispatched to worker[9] failed because unable to get work from ready queue.
[2026-07-30T06:41:11.258] [DEBUG] debug-file - A work dispatched to worker[8] failed because unable to get work from ready queue.
[2026-07-30T06:41:11.258] [DEBUG] debug-file - A work dispatched to worker[7] failed because unable to get work from ready queue.
[2026-07-30T06:41:11.258] [DEBUG] debug-file - A work dispatched to worker[6] failed because unable to get work from ready queue.
[2026-07-30T06:41:11.258] [DEBUG] debug-file - A work dispatched to worker[5] failed because unable to get work from ready queue.
[2026-07-30T06:41:11.258] [DEBUG] debug-file - Create  resident worker with id: 4.
[2026-07-30T06:41:11.259] [DEBUG] debug-file - default@CompileArkTS work[0] has been dispatched to worker[4].
[2026-07-30T06:41:11.259] [DEBUG] debug-file - default@CompileArkTS work[0] is dispatched.
[2026-07-30T06:41:11.260] [DEBUG] debug-file - entry : default@CompileArkTS cost memory 2.24151611328125
[2026-07-30T06:41:11.261] [DEBUG] debug-file - Executing task :entry:default@BuildJS
[2026-07-30T06:41:11.261] [DEBUG] debug-file - Task 'entry:default@BuildJS' cost while wrapping incremental declarations: 1 ms 
[2026-07-30T06:41:11.263] [DEBUG] debug-file - entry : default@BuildJS cost memory 0.152099609375
[2026-07-30T06:41:11.263] [DEBUG] debug-file - runTaskFromQueue task cost before running: 3 s 615 ms 
[2026-07-30T06:41:11.263] [INFO] debug-file - Finished :entry:default@BuildJS... after 3 ms 
[2026-07-30T06:41:11.264] [DEBUG] debug-file - Executing task :entry:default@CacheNativeLibs
[2026-07-30T06:41:11.264] [DEBUG] debug-file - File: 'E:\0730\hongmeng1\entry\build\default\intermediates\binxo\default' from 'cacheBinxoNativeLibs' is not exists, just ignore.
[2026-07-30T06:41:11.265] [DEBUG] debug-file - Task 'entry:default@CacheNativeLibs' cost while wrapping incremental declarations: 1 ms 
[2026-07-30T06:41:11.265] [DEBUG] debug-file - default@CacheNativeLibs work[1] is submitted.
[2026-07-30T06:41:11.265] [DEBUG] debug-file - default@CacheNativeLibs work[1] is pushed to ready queue.
[2026-07-30T06:41:11.265] [DEBUG] debug-file - A work dispatched to worker[15] failed because unable to get work from ready queue.
[2026-07-30T06:41:11.265] [DEBUG] debug-file - Create  resident worker with id: 14.
[2026-07-30T06:41:11.266] [DEBUG] debug-file - default@CacheNativeLibs work[1] has been dispatched to worker[14].
[2026-07-30T06:41:11.266] [DEBUG] debug-file - default@CacheNativeLibs work[1] is dispatched.
[2026-07-30T06:41:11.266] [DEBUG] debug-file - entry : default@CacheNativeLibs cost memory 0.17313385009765625
[2026-07-30T06:41:12.037] [DEBUG] debug-file - worker[14] has one work done.
[2026-07-30T06:41:12.038] [DEBUG] debug-file - default@CacheNativeLibs work[1] done.
[2026-07-30T06:41:12.038] [DEBUG] debug-file - A work dispatched to worker[14] failed because unable to get work from ready queue.
[2026-07-30T06:41:12.038] [INFO] debug-file - Finished :entry:default@CacheNativeLibs... after 8 ms 
[2026-07-30T06:41:17.995] [WARN] debug-file - [33mWARN: [33m[33mArkTS:WARN File: E:/0730/hongmeng1/entry/src/main/ets/pages/Index.ets:496:17
 'show' has been deprecated.
[39m[39m
[33mWARN: [33m[33mArkTS:WARN File: E:/0730/hongmeng1/entry/src/main/ets/pages/Index.ets:504:17
 'show' has been deprecated.
[39m[39m

[2026-07-30T06:41:17.995] [DEBUG] debug-file - Ark compile task finished.finished time is 589914747746700
[2026-07-30T06:41:17.996] [DEBUG] debug-file - worker[4] has one work done.
[2026-07-30T06:41:17.997] [DEBUG] debug-file - default@CompileArkTS work[0] done.
[2026-07-30T06:41:17.997] [DEBUG] debug-file - A work dispatched to worker[4] failed because unable to get work from ready queue.
[2026-07-30T06:41:17.999] [INFO] debug-file - Finished :entry:default@CompileArkTS... after 5 s 7 ms 
[2026-07-30T06:41:18.000] [DEBUG] debug-file - Executing task :entry:default@GeneratePkgModuleJson
[2026-07-30T06:41:18.000] [DEBUG] debug-file - File: 'E:\0730\hongmeng1\entry\build\default\intermediates\preload\default\preload.json' from 'preloadSoJsonPath' is not exists, just ignore.
[2026-07-30T06:41:18.001] [DEBUG] debug-file - Error occurs while handling @Input 'shouldDeduplicateHar': The "data" argument must be of type string or an instance of Buffer, TypedArray, or DataView. Received undefined
[2026-07-30T06:41:18.001] [DEBUG] debug-file - Task 'entry:default@GeneratePkgModuleJson' cost while wrapping incremental declarations: 1 ms 
[2026-07-30T06:41:18.003] [DEBUG] debug-file - entry : default@GeneratePkgModuleJson cost memory 0.16172027587890625
[2026-07-30T06:41:18.004] [DEBUG] debug-file - runTaskFromQueue task cost before running: 10 s 355 ms 
[2026-07-30T06:41:18.004] [INFO] debug-file - Finished :entry:default@GeneratePkgModuleJson... after 4 ms 
[2026-07-30T06:41:18.005] [DEBUG] debug-file - Executing task :entry:default@ProcessCompiledResources
[2026-07-30T06:41:18.006] [DEBUG] debug-file - File: 'E:\0730\hongmeng1\entry\build\default\intermediates\preload\default\preload.json' from 'preloadSoJsonPath' is not exists, just ignore.
[2026-07-30T06:41:18.006] [DEBUG] debug-file - Task 'entry:default@ProcessCompiledResources' cost while wrapping incremental declarations: 1 ms 
[2026-07-30T06:41:18.006] [DEBUG] debug-file - entry : default@ProcessCompiledResources cost memory 0.05684661865234375
[2026-07-30T06:41:18.007] [DEBUG] debug-file - runTaskFromQueue task cost before running: 10 s 358 ms 
[2026-07-30T06:41:18.007] [INFO] debug-file - Finished :entry:default@ProcessCompiledResources... after 2 ms 
[2026-07-30T06:41:18.009] [DEBUG] debug-file - Executing task :entry:default@PackageHap
[2026-07-30T06:41:18.012] [DEBUG] debug-file - Use tool [D:\Program Files\DevEco Studio\sdk\default\openharmony\toolchains\lib\app_packing_tool.jar]
 [
  'java',
  '-Dfile.encoding=GBK',
  '-jar',
  'D:\\Program Files\\DevEco Studio\\sdk\\default\\openharmony\\toolchains\\lib\\app_packing_tool.jar',
  '--mode',
  'hap',
  '--force',
  'true',
  '--lib-path',
  'E:\\0730\\hongmeng1\\entry\\build\\default\\intermediates\\stripped_native_libs\\default',
  '--json-path',
  'E:\\0730\\hongmeng1\\entry\\build\\default\\intermediates\\package\\default\\module.json',
  '--resources-path',
  'E:\\0730\\hongmeng1\\entry\\build\\default\\intermediates\\res\\default\\resources',
  '--index-path',
  'E:\\0730\\hongmeng1\\entry\\build\\default\\intermediates\\res\\default\\resources.index',
  '--pack-info-path',
  'E:\\0730\\hongmeng1\\entry\\build\\default\\outputs\\default\\pack.info',
  '--out-path',
  'E:\\0730\\hongmeng1\\entry\\build\\default\\outputs\\default\\entry-default-unsigned.hap',
  '--ets-path',
  'E:\\0730\\hongmeng1\\entry\\build\\default\\intermediates\\loader_out\\default\\ets',
  '--pkg-context-path',
  'E:\\0730\\hongmeng1\\entry\\build\\default\\intermediates\\loader\\default\\pkgContextInfo.json'
]
[2026-07-30T06:41:18.013] [DEBUG] debug-file - default@PackageHap work[2] is submitted.
[2026-07-30T06:41:18.013] [DEBUG] debug-file - default@PackageHap work[2] is pushed to ready queue.
[2026-07-30T06:41:18.013] [DEBUG] debug-file - A work dispatched to worker[15] failed because unable to get work from ready queue.
[2026-07-30T06:41:18.013] [DEBUG] debug-file - default@PackageHap work[2] has been dispatched to worker[14].
[2026-07-30T06:41:18.013] [DEBUG] debug-file - default@PackageHap work[2] is dispatched.
[2026-07-30T06:41:18.016] [DEBUG] debug-file - entry : default@PackageHap cost memory 0.333160400390625
[2026-07-30T06:41:18.090] [DEBUG] debug-file - current process  memoryUsage: {
  rss: 702324736,
  heapTotal: 80773120,
  heapUsed: 54059496,
  external: 2399982,
  arrayBuffers: 158305
} os memoryUsage :17.93050765991211
[2026-07-30T06:41:18.520] [DEBUG] debug-file - worker[14] has one work done.
[2026-07-30T06:41:18.520] [DEBUG] debug-file - default@PackageHap work[2] done.
[2026-07-30T06:41:18.520] [DEBUG] debug-file - A work dispatched to worker[14] failed because unable to get work from ready queue.
[2026-07-30T06:41:18.521] [INFO] debug-file - Finished :entry:default@PackageHap... after 439 ms 
[2026-07-30T06:41:18.522] [DEBUG] debug-file - Executing task :entry:default@PackingCheck
[2026-07-30T06:41:18.526] [DEBUG] debug-file - entry : default@PackingCheck cost memory 0.7808456420898438
[2026-07-30T06:41:18.526] [DEBUG] debug-file - runTaskFromQueue task cost before running: 10 s 878 ms 
[2026-07-30T06:41:18.526] [INFO] debug-file - Finished :entry:default@PackingCheck... after 4 ms 
[2026-07-30T06:41:18.527] [DEBUG] debug-file - Executing task :entry:default@SignHap
[2026-07-30T06:41:18.527] [WARN] debug-file - Will skip sign 'hos_hap'. No signingConfigs profile is configured in current project.
             If needed, configure the signingConfigs in E:\0730\hongmeng1\build-profile.json5.
[2026-07-30T06:41:18.528] [DEBUG] debug-file - entry : default@SignHap cost memory 0.05450439453125
[2026-07-30T06:41:18.529] [DEBUG] debug-file - runTaskFromQueue task cost before running: 10 s 880 ms 
[2026-07-30T06:41:18.529] [INFO] debug-file - Finished :entry:default@SignHap... after 2 ms 
[2026-07-30T06:41:18.530] [DEBUG] debug-file - Executing task :entry:default@CollectDebugSymbol
[2026-07-30T06:41:18.530] [DEBUG] debug-file - entry : default@CollectDebugSymbol cost memory 0.08188629150390625
[2026-07-30T06:41:18.530] [DEBUG] debug-file - runTaskFromQueue task cost before running: 10 s 882 ms 
[2026-07-30T06:41:18.531] [INFO] debug-file - Finished :entry:default@CollectDebugSymbol... after 1 ms 
[2026-07-30T06:41:18.531] [DEBUG] debug-file - Executing task :entry:assembleHap
[2026-07-30T06:41:18.531] [DEBUG] debug-file - entry : assembleHap cost memory 0.0128326416015625
[2026-07-30T06:41:18.531] [DEBUG] debug-file - runTaskFromQueue task cost before running: 10 s 883 ms 
[2026-07-30T06:41:18.531] [INFO] debug-file - Finished :entry:assembleHap... after 1 ms 
[2026-07-30T06:41:18.540] [INFO] debug-file - BUILD SUCCESSFUL in 10 s 892 ms 
[2026-07-30T06:41:18.541] [DEBUG] debug-file - Update task entry:default@PreBuild input file:E:\0730\hongmeng1\AppScope\app.json5 cache by regenerate.
[2026-07-30T06:41:18.541] [DEBUG] debug-file - Update task entry:default@PreBuild input file:E:\0730\hongmeng1\entry\src\main\module.json5 cache by regenerate.
[2026-07-30T06:41:18.541] [DEBUG] debug-file - Update task entry:default@PreBuild input file:E:\0730\hongmeng1\build-profile.json5 cache by regenerate.
[2026-07-30T06:41:18.541] [DEBUG] debug-file - Update task entry:default@PreBuild input file:E:\0730\hongmeng1\entry\build-profile.json5 cache by regenerate.
[2026-07-30T06:41:18.542] [DEBUG] debug-file - Update task entry:default@PreBuild input file:E:\0730\hongmeng1\entry\src\main\resources\base\profile\main_pages.json cache by regenerate.
[2026-07-30T06:41:18.542] [DEBUG] debug-file - Update task entry:default@PreBuild input file:E:\0730\hongmeng1\hvigor\hvigor-config.json5 cache by regenerate.
[2026-07-30T06:41:18.542] [DEBUG] debug-file - Update task entry:default@PreBuild input file:E:\0730\hongmeng1\entry\src\mock\mock-config.json5 cache by regenerate.
[2026-07-30T06:41:18.542] [DEBUG] debug-file - Update task entry:default@PreBuild input file:E:\0730\hongmeng1\entry\oh-package.json5 cache by regenerate.
[2026-07-30T06:41:18.542] [DEBUG] debug-file - Update task entry:default@PreBuild input file:E:\0730\hongmeng1\oh-package.json5 cache by regenerate.
[2026-07-30T06:41:18.542] [DEBUG] debug-file - Incremental task entry:default@PreBuild post-execution cost:2 ms .
[2026-07-30T06:41:18.542] [DEBUG] debug-file - Update task entry:default@CreateModuleInfo output file:E:\0730\hongmeng1\entry\build\default\generated\profile\default\ModuleInfo.ts cache.
[2026-07-30T06:41:18.542] [DEBUG] debug-file - Incremental task entry:default@CreateModuleInfo post-execution cost:1 ms .
[2026-07-30T06:41:18.543] [DEBUG] debug-file - Update task entry:default@GenerateMetadata input file:E:\0730\hongmeng1\entry\src\main\module.json5 cache by regenerate.
[2026-07-30T06:41:18.543] [DEBUG] debug-file - Update task entry:default@GenerateMetadata output file:E:\0730\hongmeng1\entry\build\default\intermediates\hap_metadata\default\output_metadata.json cache.
[2026-07-30T06:41:18.543] [DEBUG] debug-file - Incremental task entry:default@GenerateMetadata post-execution cost:1 ms .
[2026-07-30T06:41:18.543] [DEBUG] debug-file - Update task entry:default@MergeProfile input file:E:\0730\hongmeng1\AppScope\app.json5 cache by regenerate.
[2026-07-30T06:41:18.543] [DEBUG] debug-file - Update task entry:default@MergeProfile input file:E:\0730\hongmeng1\build-profile.json5 cache by regenerate.
[2026-07-30T06:41:18.543] [DEBUG] debug-file - Update task entry:default@MergeProfile input file:E:\0730\hongmeng1\entry\src\main\module.json5 cache by regenerate.
[2026-07-30T06:41:18.543] [DEBUG] debug-file - Update task entry:default@MergeProfile output file:E:\0730\hongmeng1\entry\build\default\intermediates\merge_profile\default\module.json cache.
[2026-07-30T06:41:18.543] [DEBUG] debug-file - Incremental task entry:default@MergeProfile post-execution cost:1 ms .
[2026-07-30T06:41:18.543] [DEBUG] debug-file - Update task entry:default@CreateBuildProfile input file:E:\0730\hongmeng1\AppScope\app.json5 cache by regenerate.
[2026-07-30T06:41:18.543] [DEBUG] debug-file - Update task entry:default@CreateBuildProfile input file:E:\0730\hongmeng1\build-profile.json5 cache by regenerate.
[2026-07-30T06:41:18.544] [DEBUG] debug-file - Update task entry:default@CreateBuildProfile output file:E:\0730\hongmeng1\entry\build\default\generated\profile\default\BuildProfile.ets cache.
[2026-07-30T06:41:18.544] [DEBUG] debug-file - Incremental task entry:default@CreateBuildProfile post-execution cost:1 ms .
[2026-07-30T06:41:18.544] [DEBUG] debug-file - Update task entry:default@GeneratePkgContextInfo output file:E:\0730\hongmeng1\entry\build\default\intermediates\loader\default\pkgContextInfo.json cache.
[2026-07-30T06:41:18.544] [DEBUG] debug-file - Incremental task entry:default@GeneratePkgContextInfo post-execution cost:1 ms .
[2026-07-30T06:41:18.544] [DEBUG] debug-file - Update task entry:default@GeneratePkgSdkInfo output file:E:\0730\hongmeng1\entry\build\default\intermediates\loader\default\pkgSdkInfo.json cache.
[2026-07-30T06:41:18.544] [DEBUG] debug-file - Incremental task entry:default@GeneratePkgSdkInfo post-execution cost:1 ms .
[2026-07-30T06:41:18.544] [DEBUG] debug-file - Update task entry:default@ProcessIntegratedHsp output file:E:\0730\hongmeng1\build\cache\default\integrated_hsp\integratedHspCache.json cache.
[2026-07-30T06:41:18.544] [DEBUG] debug-file - Incremental task entry:default@ProcessIntegratedHsp post-execution cost:1 ms .
[2026-07-30T06:41:18.544] [DEBUG] debug-file - Update task entry:default@MakePackInfo input file:E:\0730\hongmeng1\AppScope\app.json5 cache by regenerate.
[2026-07-30T06:41:18.544] [DEBUG] debug-file - Update task entry:default@MakePackInfo input file:E:\0730\hongmeng1\entry\src\main\module.json5 cache by regenerate.
[2026-07-30T06:41:18.545] [DEBUG] debug-file - Update task entry:default@MakePackInfo input file:E:\0730\hongmeng1\build-profile.json5 cache by regenerate.
[2026-07-30T06:41:18.545] [DEBUG] debug-file - Update task entry:default@MakePackInfo input file:E:\0730\hongmeng1\entry\src\main\resources\base\profile\backup_config.json cache by regenerate.
[2026-07-30T06:41:18.545] [DEBUG] debug-file - Update task entry:default@MakePackInfo output file:E:\0730\hongmeng1\entry\build\default\outputs\default\pack.info cache.
[2026-07-30T06:41:18.545] [DEBUG] debug-file - Incremental task entry:default@MakePackInfo post-execution cost:1 ms .
[2026-07-30T06:41:18.545] [DEBUG] debug-file - Update task entry:default@SyscapTransform input file:D:\Program Files\DevEco Studio\sdk\default\openharmony\toolchains\syscap_tool.exe cache by regenerate.
[2026-07-30T06:41:18.545] [DEBUG] debug-file - Update task entry:default@SyscapTransform input file:D:\Program Files\DevEco Studio\sdk\default\openharmony\ets\api\device-define cache by regenerate.
[2026-07-30T06:41:18.546] [DEBUG] debug-file - Update task entry:default@SyscapTransform output file:E:\0730\hongmeng1\entry\build\default\intermediates\syscap\default\rpcid.sc cache.
[2026-07-30T06:41:18.546] [DEBUG] debug-file - Incremental task entry:default@SyscapTransform post-execution cost:1 ms .
[2026-07-30T06:41:18.546] [DEBUG] debug-file - Update task entry:default@ProcessProfile input file:E:\0730\hongmeng1\entry\build\default\intermediates\merge_profile\default\module.json cache by regenerate.
[2026-07-30T06:41:18.546] [DEBUG] debug-file - Update task entry:default@ProcessProfile output file:E:\0730\hongmeng1\entry\build\default\intermediates\process_profile\default\module.json cache.
[2026-07-30T06:41:18.546] [DEBUG] debug-file - Incremental task entry:default@ProcessProfile post-execution cost:1 ms .
[2026-07-30T06:41:18.546] [DEBUG] debug-file - Update task entry:default@ProcessRouterMap input file:E:\0730\hongmeng1\entry\oh-package.json5 cache by regenerate.
[2026-07-30T06:41:18.546] [DEBUG] debug-file - Update task entry:default@ProcessRouterMap input file:E:\0730\hongmeng1\oh-package.json5 cache by regenerate.
[2026-07-30T06:41:18.547] [DEBUG] debug-file - Update task entry:default@ProcessRouterMap input file:E:\0730\hongmeng1\entry\src\main\module.json5 cache by regenerate.
[2026-07-30T06:41:18.547] [DEBUG] debug-file - Update task entry:default@ProcessRouterMap input file:E:\0730\hongmeng1\entry\build\default\intermediates\loader\default\pkgContextInfo.json cache by regenerate.
[2026-07-30T06:41:18.547] [DEBUG] debug-file - Update task entry:default@ProcessRouterMap output file:E:\0730\hongmeng1\entry\build\default\intermediates\router_map\default\temp-router-map.json cache.
[2026-07-30T06:41:18.547] [DEBUG] debug-file - Update task entry:default@ProcessRouterMap output file:E:\0730\hongmeng1\entry\build\default\intermediates\router_map\default\loader-router-map.json cache.
[2026-07-30T06:41:18.547] [DEBUG] debug-file - Incremental task entry:default@ProcessRouterMap post-execution cost:1 ms .
[2026-07-30T06:41:18.547] [DEBUG] debug-file - Update task entry:default@ProcessShareConfig input file:E:\0730\hongmeng1\entry\oh-package.json5 cache by regenerate.
[2026-07-30T06:41:18.547] [DEBUG] debug-file - Update task entry:default@ProcessShareConfig input file:E:\0730\hongmeng1\oh-package.json5 cache by regenerate.
[2026-07-30T06:41:18.548] [DEBUG] debug-file - Update task entry:default@ProcessShareConfig input file:E:\0730\hongmeng1\entry\src\main\module.json5 cache by regenerate.
[2026-07-30T06:41:18.548] [DEBUG] debug-file - Update task entry:default@ProcessShareConfig input file:E:\0730\hongmeng1\entry\build\default\intermediates\loader\default\pkgContextInfo.json cache by regenerate.
[2026-07-30T06:41:18.548] [DEBUG] debug-file - Update task entry:default@ProcessShareConfig output file:E:\0730\hongmeng1\entry\build\default\intermediates\share_config\default\temp-share-config.json cache.
[2026-07-30T06:41:18.548] [DEBUG] debug-file - Incremental task entry:default@ProcessShareConfig post-execution cost:1 ms .
[2026-07-30T06:41:18.548] [DEBUG] debug-file - Update task entry:default@ProcessStartupConfig input file:E:\0730\hongmeng1\entry\build\default\intermediates\loader\default\pkgContextInfo.json cache by regenerate.
[2026-07-30T06:41:18.548] [DEBUG] debug-file - Update task entry:default@ProcessStartupConfig output file:E:\0730\hongmeng1\entry\build\default\intermediates\startup\default\startup_config.json cache.
[2026-07-30T06:41:18.548] [DEBUG] debug-file - Incremental task entry:default@ProcessStartupConfig post-execution cost:1 ms .
[2026-07-30T06:41:18.548] [DEBUG] debug-file - Update task entry:default@ProcessResource output file:E:\0730\hongmeng1\entry\build\default\intermediates\res\default\resConfig.json cache.
[2026-07-30T06:41:18.549] [DEBUG] debug-file - Update task entry:default@ProcessResource output file:E:\0730\hongmeng1\entry\build\default\intermediates\res\default\opt-compression.json cache.
[2026-07-30T06:41:18.549] [DEBUG] debug-file - Incremental task entry:default@ProcessResource post-execution cost:1 ms .
[2026-07-30T06:41:18.549] [DEBUG] debug-file - Update task entry:default@GenerateLoaderJson input file:E:\0730\hongmeng1\entry\src\mock\mock-config.json5 cache by regenerate.
[2026-07-30T06:41:18.549] [DEBUG] debug-file - Update task entry:default@GenerateLoaderJson input file:E:\0730\hongmeng1\entry\build\default\intermediates\loader\default\pkgContextInfo.json cache by regenerate.
[2026-07-30T06:41:18.549] [DEBUG] debug-file - Update task entry:default@GenerateLoaderJson input file:E:\0730\hongmeng1\entry\build\default\intermediates\router_map\default\temp-router-map.json cache by regenerate.
[2026-07-30T06:41:18.549] [DEBUG] debug-file - Update task entry:default@GenerateLoaderJson output file:E:\0730\hongmeng1\entry\build\default\intermediates\loader\default\loader.json cache.
[2026-07-30T06:41:18.549] [DEBUG] debug-file - Incremental task entry:default@GenerateLoaderJson post-execution cost:1 ms .
[2026-07-30T06:41:18.550] [DEBUG] debug-file - Update task entry:default@ProcessLibs input file:E:\0730\hongmeng1\build-profile.json5 cache by regenerate.
[2026-07-30T06:41:18.550] [DEBUG] debug-file - Update task entry:default@ProcessLibs input file:E:\0730\hongmeng1\entry\build-profile.json5 cache by regenerate.
[2026-07-30T06:41:18.550] [DEBUG] debug-file - Update task entry:default@ProcessLibs output file:E:\0730\hongmeng1\entry\build\default\intermediates\libs\default cache.
[2026-07-30T06:41:18.550] [DEBUG] debug-file - Incremental task entry:default@ProcessLibs post-execution cost:1 ms .
[2026-07-30T06:41:18.550] [DEBUG] debug-file - Update task entry:default@CompileResource input file:E:\0730\hongmeng1\entry\src\main\resources cache by regenerate.
[2026-07-30T06:41:18.551] [DEBUG] debug-file - Update task entry:default@CompileResource input file:E:\0730\hongmeng1\AppScope\resources cache by regenerate.
[2026-07-30T06:41:18.553] [DEBUG] debug-file - Update task entry:default@CompileResource input file:E:\0730\hongmeng1\entry\build\default\intermediates\process_profile\default\module.json cache by regenerate.
[2026-07-30T06:41:18.553] [DEBUG] debug-file - Update task entry:default@CompileResource input file:E:\0730\hongmeng1\entry\build\default\intermediates\res\default\resConfig.json cache by regenerate.
[2026-07-30T06:41:18.553] [DEBUG] debug-file - Update task entry:default@CompileResource output file:E:\0730\hongmeng1\entry\build\default\intermediates\res\default cache.
[2026-07-30T06:41:18.555] [DEBUG] debug-file - Update task entry:default@CompileResource output file:E:\0730\hongmeng1\entry\build\default\generated\r\default\ResourceTable.h cache.
[2026-07-30T06:41:18.555] [DEBUG] debug-file - Update task entry:default@CompileResource output file:E:\0730\hongmeng1\entry\build\default\generated\r\default\ResourceTable.ts cache.
[2026-07-30T06:41:18.555] [DEBUG] debug-file - Update task entry:default@CompileResource output file:E:\0730\hongmeng1\entry\build\default\generated\r\default cache.
[2026-07-30T06:41:18.555] [DEBUG] debug-file - Incremental task entry:default@CompileResource post-execution cost:6 ms .
[2026-07-30T06:41:18.555] [DEBUG] debug-file - Update task entry:default@DoNativeStrip input file:E:\0730\hongmeng1\entry\build\default\intermediates\libs\default cache by regenerate.
[2026-07-30T06:41:18.555] [DEBUG] debug-file - Update task entry:default@DoNativeStrip output file:E:\0730\hongmeng1\entry\build\default\intermediates\stripped_native_libs\default cache.
[2026-07-30T06:41:18.555] [DEBUG] debug-file - Incremental task entry:default@DoNativeStrip post-execution cost:1 ms .
[2026-07-30T06:41:18.556] [DEBUG] debug-file - Update task entry:default@CompileArkTS input file:E:\0730\hongmeng1\entry\build\default\intermediates\loader\default cache by regenerate.
[2026-07-30T06:41:18.556] [DEBUG] debug-file - Update task entry:default@CompileArkTS input file:E:\0730\hongmeng1\entry\build\default\intermediates\res\default\resources\rawfile cache by regenerate.
[2026-07-30T06:41:18.556] [DEBUG] debug-file - Update task entry:default@CompileArkTS input file:E:\0730\hongmeng1\entry\build\default\intermediates\res\default\ResourceTable.txt cache by regenerate.
[2026-07-30T06:41:18.557] [DEBUG] debug-file - Update task entry:default@CompileArkTS input file:E:\0730\hongmeng1\entry\build\default\intermediates\res\default\ark_module.json cache by regenerate.
[2026-07-30T06:41:18.557] [DEBUG] debug-file - Update task entry:default@CompileArkTS input file:E:\0730\hongmeng1\entry\build\default\intermediates\res\default\resources\base\profile cache by regenerate.
[2026-07-30T06:41:18.557] [DEBUG] debug-file - Update task entry:default@CompileArkTS input file:E:\0730\hongmeng1\entry\src\main\ets cache by regenerate.
[2026-07-30T06:41:18.557] [DEBUG] debug-file - Update task entry:default@CompileArkTS input file:E:\0730\hongmeng1\entry\build\default\intermediates\loader\default\pkgContextInfo.json cache by regenerate.
[2026-07-30T06:41:18.557] [DEBUG] debug-file - Update task entry:default@CompileArkTS input file:E:\0730\hongmeng1\entry\build\default\generated\profile\default\BuildProfile.ets cache by regenerate.
[2026-07-30T06:41:18.557] [DEBUG] debug-file - Update task entry:default@CompileArkTS input file:E:\0730\hongmeng1\entry\src\mock\mock-config.json5 cache by regenerate.
[2026-07-30T06:41:18.557] [DEBUG] debug-file - Update task entry:default@CompileArkTS output file:E:\0730\hongmeng1\entry\build\default\intermediates\loader_out\default\ets cache.
[2026-07-30T06:41:18.558] [DEBUG] debug-file - Incremental task entry:default@CompileArkTS post-execution cost:3 ms .
[2026-07-30T06:41:18.558] [DEBUG] debug-file - Update task entry:default@BuildJS input file:E:\0730\hongmeng1\entry\build\default\intermediates\loader\default cache by regenerate.
[2026-07-30T06:41:18.558] [DEBUG] debug-file - Update task entry:default@BuildJS input file:E:\0730\hongmeng1\entry\build\default\intermediates\res\default\resources\rawfile cache by regenerate.
[2026-07-30T06:41:18.558] [DEBUG] debug-file - Update task entry:default@BuildJS input file:E:\0730\hongmeng1\entry\build\default\intermediates\res\default\ResourceTable.txt cache by regenerate.
[2026-07-30T06:41:18.559] [DEBUG] debug-file - Update task entry:default@BuildJS input file:E:\0730\hongmeng1\entry\build\default\intermediates\res\default\ark_module.json cache by regenerate.
[2026-07-30T06:41:18.559] [DEBUG] debug-file - Update task entry:default@BuildJS input file:E:\0730\hongmeng1\entry\build\default\intermediates\res\default\resources\base\profile cache by regenerate.
[2026-07-30T06:41:18.559] [DEBUG] debug-file - Update task entry:default@BuildJS input file:E:\0730\hongmeng1\entry\build\default\intermediates\loader\default\pkgContextInfo.json cache by regenerate.
[2026-07-30T06:41:18.559] [DEBUG] debug-file - Update task entry:default@BuildJS output file:E:\0730\hongmeng1\entry\build\default\intermediates\loader_out\default\js cache.
[2026-07-30T06:41:18.559] [DEBUG] debug-file - Incremental task entry:default@BuildJS post-execution cost:2 ms .
[2026-07-30T06:41:18.559] [DEBUG] debug-file - Update task entry:default@CacheNativeLibs input file:E:\0730\hongmeng1\entry\build\default\intermediates\stripped_native_libs\default cache by regenerate.
[2026-07-30T06:41:18.559] [DEBUG] debug-file - Update task entry:default@CacheNativeLibs input file:E:\0730\hongmeng1\entry\build\default\intermediates\libs\default cache by regenerate.
[2026-07-30T06:41:18.559] [DEBUG] debug-file - Update task entry:default@CacheNativeLibs output file:E:\0730\hongmeng1\entry\build\default\intermediates\patch\default\base_native_libs.json cache.
[2026-07-30T06:41:18.559] [DEBUG] debug-file - Update task entry:default@CacheNativeLibs output file:E:\0730\hongmeng1\entry\build\default\intermediates\patch\default\binxo_native_libs.json cache.
[2026-07-30T06:41:18.560] [DEBUG] debug-file - Incremental task entry:default@CacheNativeLibs post-execution cost:1 ms .
[2026-07-30T06:41:18.560] [DEBUG] debug-file - Update task entry:default@GeneratePkgModuleJson input file:E:\0730\hongmeng1\entry\build\default\intermediates\res\default\module.json cache by regenerate.
[2026-07-30T06:41:18.560] [DEBUG] debug-file - Update task entry:default@GeneratePkgModuleJson output file:E:\0730\hongmeng1\entry\build\default\intermediates\package\default\module.json cache.
[2026-07-30T06:41:18.560] [DEBUG] debug-file - Incremental task entry:default@GeneratePkgModuleJson post-execution cost:1 ms .
[2026-07-30T06:41:18.560] [DEBUG] debug-file - Incremental task entry:default@ProcessCompiledResources post-execution cost:1 ms .
[2026-07-30T06:41:18.560] [DEBUG] debug-file - Update task entry:default@PackageHap input file:E:\0730\hongmeng1\entry\build\default\intermediates\stripped_native_libs\default cache by regenerate.
[2026-07-30T06:41:18.560] [DEBUG] debug-file - Update task entry:default@PackageHap input file:E:\0730\hongmeng1\entry\build\default\intermediates\res\default\module.json cache by regenerate.
[2026-07-30T06:41:18.560] [DEBUG] debug-file - Update task entry:default@PackageHap input file:E:\0730\hongmeng1\entry\build\default\intermediates\res\default\resources cache by regenerate.
[2026-07-30T06:41:18.561] [DEBUG] debug-file - Update task entry:default@PackageHap input file:E:\0730\hongmeng1\entry\build\default\intermediates\res\default\resources.index cache by regenerate.
[2026-07-30T06:41:18.561] [DEBUG] debug-file - Update task entry:default@PackageHap input file:E:\0730\hongmeng1\entry\build\default\outputs\default\pack.info cache by regenerate.
[2026-07-30T06:41:18.561] [DEBUG] debug-file - Update task entry:default@PackageHap input file:E:\0730\hongmeng1\entry\build\default\intermediates\loader_out\default\ets cache by regenerate.
[2026-07-30T06:41:18.561] [DEBUG] debug-file - Update task entry:default@PackageHap input file:E:\0730\hongmeng1\entry\build\default\intermediates\loader\default\pkgContextInfo.json cache by regenerate.
[2026-07-30T06:41:18.561] [DEBUG] debug-file - Update task entry:default@PackageHap input file:E:\0730\hongmeng1\entry\build\default\intermediates\loader_out\default\ets\sourceMaps.map cache by regenerate.
[2026-07-30T06:41:18.561] [DEBUG] debug-file - Update task entry:default@PackageHap input file:E:\0730\hongmeng1\entry\build\default\generated\profile\default\BuildProfile.ets cache by regenerate.
[2026-07-30T06:41:18.562] [DEBUG] debug-file - Update task entry:default@PackageHap output file:E:\0730\hongmeng1\entry\build\default\outputs\default\entry-default-unsigned.hap cache.
[2026-07-30T06:41:18.562] [DEBUG] debug-file - Update task entry:default@PackageHap output file:E:\0730\hongmeng1\entry\build\default\intermediates\source_map\default\sourceMaps.map cache.
[2026-07-30T06:41:18.562] [DEBUG] debug-file - Update task entry:default@PackageHap output file:E:\0730\hongmeng1\entry\build\default\outputs\default\mapping\sourceMaps.map cache.
[2026-07-30T06:41:18.562] [DEBUG] debug-file - Incremental task entry:default@PackageHap post-execution cost:2 ms .
[2026-07-30T06:41:18.562] [DEBUG] debug-file - Update task entry:default@SignHap input file:E:\0730\hongmeng1\entry\build\default\outputs\default\entry-default-unsigned.hap cache by regenerate.
[2026-07-30T06:41:18.562] [DEBUG] debug-file - Update task entry:default@SignHap output file:E:\0730\hongmeng1\entry\build\default\outputs\default\entry-default-signed.hap cache.
[2026-07-30T06:41:18.562] [DEBUG] debug-file - Incremental task entry:default@SignHap post-execution cost:1 ms .
[2026-07-30T06:41:18.562] [DEBUG] debug-file - Update task entry:default@CollectDebugSymbol input file:E:\0730\hongmeng1\entry\build\default\intermediates\loader_out\default\ets\sourceMaps.map cache by regenerate.
[2026-07-30T06:41:18.562] [DEBUG] debug-file - Update task entry:default@CollectDebugSymbol input file:E:\0730\hongmeng1\entry\build\default\intermediates\libs\default cache by regenerate.
[2026-07-30T06:41:18.562] [DEBUG] debug-file - Update task entry:default@CollectDebugSymbol output file:E:\0730\hongmeng1\entry\build\default\outputs\default\symbol cache.
[2026-07-30T06:41:18.563] [DEBUG] debug-file - Incremental task entry:default@CollectDebugSymbol post-execution cost:1 ms .
[2026-07-30T06:41:18.587] [DEBUG] debug-file - Cleanup worker 0.
[2026-07-30T06:41:18.587] [DEBUG] debug-file - Worker 0 has been cleaned up.
[2026-07-30T06:41:18.587] [DEBUG] debug-file - Current idle worker size: 3.
[2026-07-30T06:41:18.587] [DEBUG] debug-file - Current resident worker size: 4.
[2026-07-30T06:41:18.587] [DEBUG] debug-file - Cleanup worker 1.
[2026-07-30T06:41:18.587] [DEBUG] debug-file - Worker 1 has been cleaned up.
[2026-07-30T06:41:18.587] [DEBUG] debug-file - Current idle worker size: 2.
[2026-07-30T06:41:18.587] [DEBUG] debug-file - Current resident worker size: 4.
[2026-07-30T06:41:18.587] [DEBUG] debug-file - Cleanup worker 14.
[2026-07-30T06:41:18.588] [DEBUG] debug-file - Worker 14 has been cleaned up.
[2026-07-30T06:41:18.588] [DEBUG] debug-file - Current idle worker size: 1.
[2026-07-30T06:41:18.588] [DEBUG] debug-file - Current resident worker size: 4.
[2026-07-30T06:41:18.589] [DEBUG] debug-file - hvigor build process will be closed.
[2026-07-30T06:41:18.593] [DEBUG] debug-file - session manager: send message to worker process.
[2026-07-30T06:41:18.593] [DEBUG] debug-file - session manager: send message to worker process.
[2026-07-30T06:41:18.591] [DEBUG] debug-file - worker[0] exits with exit code 1.
[2026-07-30T06:41:18.593] [DEBUG] debug-file - watch worker: worker id should be larger than 0. Nothing will be sent to any worker thread.
[2026-07-30T06:41:18.593] [DEBUG] debug-file - watch worker: worker id should be larger than 0. Nothing will be sent to any worker thread.
[2026-07-30T06:41:18.595] [DEBUG] debug-file - worker[1] exits with exit code 1.
[2026-07-30T06:41:18.604] [DEBUG] debug-file - worker[14] exits with exit code 1.
[2026-07-30T06:49:41.677] [DEBUG] debug-file - session manager: set active socket. socketId=s-Obr91D4Dp4imlnAAAD
[2026-07-30T06:49:41.683] [DEBUG] debug-file - watch worker: worker id should be larger than 0. Nothing will be sent to any worker thread.
[2026-07-30T06:49:41.686] [DEBUG] debug-file - Workers' log level updated to INFO
[2026-07-30T06:49:41.690] [DEBUG] debug-file - Hvigor init with startParameters:{
  hvigorfileTypeCheck: false,
  parallelExecution: true,
  incrementalExecution: true,
  printStackTrace: false,
  daemon: true,
  analyze: 0,
  logLevel: Level { level: 20000, levelStr: 'INFO', colour: 'green' },
  optimizationStrategy: 'memory',
  hotCompile: undefined,
  hotReloadBuild: undefined,
  customizedParam: undefined
}
[2026-07-30T06:49:41.694] [DEBUG] debug-file - Cache service initialization finished in 4 ms 
[2026-07-30T06:49:41.696] [DEBUG] debug-file - hvigorfile, resolving E:\0730\hongmeng1\hvigorfile.ts
[2026-07-30T06:49:41.701] [DEBUG] debug-file - hvigorfile, require result:  { default: { plugins: [] } }
[2026-07-30T06:49:41.701] [DEBUG] debug-file - hvigorfile, binding system plugins null
[2026-07-30T06:49:41.702] [DEBUG] debug-file - Starting plugin build process
[2026-07-30T06:49:41.703] [DEBUG] debug-file - App plugin prepare start...
[2026-07-30T06:49:41.703] [DEBUG] debug-file - App plugin prepare end...
[2026-07-30T06:49:41.703] [DEBUG] debug-file - App plugin creating...
[2026-07-30T06:49:41.705] [DEBUG] debug-file - App plugin register hook start...
[2026-07-30T06:49:41.705] [DEBUG] debug-file - App plugin register hook end...
[2026-07-30T06:49:41.705] [DEBUG] debug-file - Plugin build process completed
[2026-07-30T06:49:41.706] [DEBUG] debug-file - Start initialize project's product build option map with build mode debug.
[2026-07-30T06:49:41.706] [DEBUG] debug-file - Picking option from product 'default' with build mode 'debug'.
[2026-07-30T06:49:41.706] [DEBUG] debug-file - Product 'default' build option initialized
[2026-07-30T06:49:41.706] [DEBUG] debug-file - End initialize project's product build option map with build mode 'debug'.
[2026-07-30T06:49:41.707] [DEBUG] debug-file - Obtain build option for product 'default'in this build.
[2026-07-30T06:49:41.709] [DEBUG] debug-file - No signingConfig found, initRemoteHspCache failed.
[2026-07-30T06:49:41.711] [DEBUG] debug-file - Start recording SDK configuration permission data.
[2026-07-30T06:49:41.736] [DEBUG] debug-file - Sdk init in 27 ms 
[2026-07-30T06:49:41.738] [DEBUG] debug-file - Project task initialization takes 2 ms 
[2026-07-30T06:49:41.738] [DEBUG] debug-file - hvigorfile, begin to bind custom plugins...
[2026-07-30T06:49:41.738] [DEBUG] debug-file - hvigorfile, no custom plugins were found in E:\0730\hongmeng1\hvigorfile.ts
[2026-07-30T06:49:41.738] [DEBUG] debug-file - hvigorfile, resolve finished E:\0730\hongmeng1\hvigorfile.ts
[2026-07-30T06:49:41.738] [DEBUG] debug-file - hvigorfile, resolving E:\0730\hongmeng1\entry\hvigorfile.ts
[2026-07-30T06:49:41.741] [DEBUG] debug-file - hvigorfile, require result:  { default: { plugins: [] } }
[2026-07-30T06:49:41.741] [DEBUG] debug-file - hvigorfile, binding system plugins null
[2026-07-30T06:49:41.741] [DEBUG] debug-file - Starting plugin build process
[2026-07-30T06:49:41.741] [DEBUG] debug-file - Hap plugin creating...
[2026-07-30T06:49:41.742] [DEBUG] debug-file - failed to load cangjie to dynamically generate schemas: Error: Cannot find module '@ohos/cangjie-build-support/index'
Require stack:
- D:\Program Files\DevEco Studio\tools\hvigor\hvigor-ohos-plugin\src\plugin\hooks\cangjie-register.js
- D:\Program Files\DevEco Studio\tools\hvigor\hvigor-ohos-plugin\src\plugin\strategy\stage-init-strategy.js
- D:\Program Files\DevEco Studio\tools\hvigor\hvigor-ohos-plugin\src\plugin\builder\abstract-plugin-builder.js
- D:\Program Files\DevEco Studio\tools\hvigor\hvigor-ohos-plugin\src\plugin\builder\app-plugin-builder.js
- D:\Program Files\DevEco Studio\tools\hvigor\hvigor-ohos-plugin\src\plugin\factory\plugin-factory.js
- D:\Program Files\DevEco Studio\tools\hvigor\hvigor-ohos-plugin\index.js
- E:\0730\hongmeng1\hvigorfile.ts
- D:\Program Files\DevEco Studio\tools\hvigor\hvigor\src\base\internal\lifecycle\configuration.js
- D:\Program Files\DevEco Studio\tools\hvigor\hvigor\src\base\boot\index.js
- D:\Program Files\DevEco Studio\tools\hvigor\hvigor\src\base\daemon\cluster\worker-process-lifecycle.js
- D:\Program Files\DevEco Studio\tools\hvigor\hvigor\src\base\daemon\process\daemon-process-boot-script.js
[2026-07-30T06:49:41.746] [DEBUG] debug-file - Start initialize module-target build option map, moduleName=entry, buildMode=debug
[2026-07-30T06:49:41.746] [DEBUG] debug-file - Target 'default' config initialized
[2026-07-30T06:49:41.746] [DEBUG] debug-file - Target 'ohosTest' config initialized
[2026-07-30T06:49:41.746] [DEBUG] debug-file - Module 'entry' target 'default' build option initialized
[2026-07-30T06:49:41.746] [DEBUG] debug-file - Module 'entry' target 'ohosTest' build option initialized
[2026-07-30T06:49:41.746] [DEBUG] debug-file - End initialize module-target build option map, moduleName=entry
[2026-07-30T06:49:41.747] [DEBUG] debug-file - Start initialize module-target build option map, moduleName=entry, buildMode=release
[2026-07-30T06:49:41.747] [DEBUG] debug-file - Target 'default' config initialized
[2026-07-30T06:49:41.747] [DEBUG] debug-file - Target 'ohosTest' config initialized
[2026-07-30T06:49:41.747] [DEBUG] debug-file - Module 'entry' target 'default' build option initialized
[2026-07-30T06:49:41.747] [DEBUG] debug-file - Module 'entry' target 'ohosTest' build option initialized
[2026-07-30T06:49:41.747] [DEBUG] debug-file - End initialize module-target build option map, moduleName=entry
[2026-07-30T06:49:41.747] [DEBUG] debug-file - Start initialize module-target build option map, moduleName=entry, buildMode=debug
[2026-07-30T06:49:41.747] [DEBUG] debug-file - Target 'default' config initialized
[2026-07-30T06:49:41.748] [DEBUG] debug-file - Target 'ohosTest' config initialized
[2026-07-30T06:49:41.748] [DEBUG] debug-file - Module 'entry' target 'default' build option initialized
[2026-07-30T06:49:41.748] [DEBUG] debug-file - Module 'entry' target 'ohosTest' build option initialized
[2026-07-30T06:49:41.748] [DEBUG] debug-file - End initialize module-target build option map, moduleName=entry
[2026-07-30T06:49:41.748] [DEBUG] debug-file - Obtain build option for module 'entry' target 'default'in this build.
[2026-07-30T06:49:41.749] [DEBUG] debug-file - Module entry task initialization takes 1 ms 
[2026-07-30T06:49:41.749] [DEBUG] debug-file - Hap plugin register hook start...
[2026-07-30T06:49:41.749] [DEBUG] debug-file - Hap plugin register hook end...
[2026-07-30T06:49:41.749] [DEBUG] debug-file - Plugin build process completed
[2026-07-30T06:49:41.749] [DEBUG] debug-file - hvigorfile, begin to bind custom plugins...
[2026-07-30T06:49:41.749] [DEBUG] debug-file - hvigorfile, no custom plugins were found in E:\0730\hongmeng1\entry\hvigorfile.ts
[2026-07-30T06:49:41.749] [DEBUG] debug-file - hvigorfile, resolve finished E:\0730\hongmeng1\entry\hvigorfile.ts
[2026-07-30T06:49:41.762] [DEBUG] debug-file - hvigorfile, resolve hvigorfile dependencies in 14 ms 
[2026-07-30T06:49:41.763] [DEBUG] debug-file - project has submodules:entry
[2026-07-30T06:49:41.763] [DEBUG] debug-file - start to load updatedOhPackageInfo to the disk
[2026-07-30T06:49:41.764] [DEBUG] debug-file - load to the disk finished
[2026-07-30T06:49:41.764] [DEBUG] debug-file - Start to initialize dependency information.
[2026-07-30T06:49:41.769] [DEBUG] debug-file - Module hongmeng1 Collected Dependency: 
[2026-07-30T06:49:41.769] [DEBUG] debug-file - Module hongmeng1's total dependency: 0
[2026-07-30T06:49:41.770] [DEBUG] debug-file - Start to initialize dependency information.
[2026-07-30T06:49:41.771] [DEBUG] debug-file - Module entry Collected Dependency: 
[2026-07-30T06:49:41.771] [DEBUG] debug-file - Module entry's total dependency: 0
[2026-07-30T06:49:41.772] [DEBUG] debug-file - Configuration phase cost:78 ms 
[2026-07-30T06:49:41.773] [DEBUG] debug-file - Configuration task cost before running: 86 ms 
[2026-07-30T06:49:41.775] [DEBUG] debug-file - Executing task :entry:default@PreBuild
[2026-07-30T06:49:41.776] [DEBUG] debug-file - Task 'entry:default@PreBuild' cost while wrapping incremental declarations: 1 ms 
[2026-07-30T06:49:41.780] [DEBUG] debug-file - Incremental task entry:default@PreBuild pre-execution cost: 3 ms .
[2026-07-30T06:49:41.780] [DEBUG] debug-file - entry : default@PreBuild cost memory 0.6028366088867188
[2026-07-30T06:49:41.781] [INFO] debug-file - UP-TO-DATE :entry:default@PreBuild...  
[2026-07-30T06:49:41.781] [DEBUG] debug-file - Executing task :entry:default@CreateModuleInfo
[2026-07-30T06:49:41.781] [DEBUG] debug-file - Task 'entry:default@CreateModuleInfo' cost while wrapping incremental declarations: 1 ms 
[2026-07-30T06:49:41.782] [DEBUG] debug-file - entry : default@CreateModuleInfo cost memory 0.04178619384765625
[2026-07-30T06:49:41.782] [DEBUG] debug-file - runTaskFromQueue task cost before running: 95 ms 
[2026-07-30T06:49:41.782] [INFO] debug-file - Finished :entry:default@CreateModuleInfo... after 1 ms 
[2026-07-30T06:49:41.783] [DEBUG] debug-file - Executing task :entry:default@GenerateMetadata
[2026-07-30T06:49:41.783] [DEBUG] debug-file - Task 'entry:default@GenerateMetadata' cost while wrapping incremental declarations: 1 ms 
[2026-07-30T06:49:41.783] [DEBUG] debug-file - Incremental task entry:default@GenerateMetadata pre-execution cost: 1 ms .
[2026-07-30T06:49:41.784] [DEBUG] debug-file - entry : default@GenerateMetadata cost memory 0.08385467529296875
[2026-07-30T06:49:41.784] [INFO] debug-file - UP-TO-DATE :entry:default@GenerateMetadata...  
[2026-07-30T06:49:41.784] [DEBUG] debug-file - Executing task :entry:default@ConfigureCmake
[2026-07-30T06:49:41.784] [DEBUG] debug-file - entry : default@ConfigureCmake cost memory 0.0145416259765625
[2026-07-30T06:49:41.784] [DEBUG] debug-file - runTaskFromQueue task cost before running: 98 ms 
[2026-07-30T06:49:41.784] [INFO] debug-file - Finished :entry:default@ConfigureCmake... after 1 ms 
[2026-07-30T06:49:41.785] [DEBUG] debug-file - Executing task :entry:default@MergeProfile
[2026-07-30T06:49:41.785] [DEBUG] debug-file - Task 'entry:default@MergeProfile' cost while wrapping incremental declarations: 1 ms 
[2026-07-30T06:49:41.785] [DEBUG] debug-file - Incremental task entry:default@MergeProfile pre-execution cost: 1 ms .
[2026-07-30T06:49:41.785] [DEBUG] debug-file - entry : default@MergeProfile cost memory 0.12481689453125
[2026-07-30T06:49:41.786] [INFO] debug-file - UP-TO-DATE :entry:default@MergeProfile...  
[2026-07-30T06:49:41.786] [DEBUG] debug-file - Executing task :entry:default@CreateBuildProfile
[2026-07-30T06:49:41.786] [DEBUG] debug-file - Task 'entry:default@CreateBuildProfile' cost while wrapping incremental declarations: 1 ms 
[2026-07-30T06:49:41.787] [DEBUG] debug-file - Incremental task entry:default@CreateBuildProfile pre-execution cost: 1 ms .
[2026-07-30T06:49:41.787] [DEBUG] debug-file - entry : default@CreateBuildProfile cost memory 0.10417938232421875
[2026-07-30T06:49:41.787] [INFO] debug-file - UP-TO-DATE :entry:default@CreateBuildProfile...  
[2026-07-30T06:49:41.788] [DEBUG] debug-file - Executing task :entry:default@PreCheckSyscap
[2026-07-30T06:49:41.788] [DEBUG] debug-file - entry : default@PreCheckSyscap cost memory 0.01477813720703125
[2026-07-30T06:49:41.788] [DEBUG] debug-file - runTaskFromQueue task cost before running: 102 ms 
[2026-07-30T06:49:41.788] [INFO] debug-file - Finished :entry:default@PreCheckSyscap... after 1 ms 
[2026-07-30T06:49:41.789] [DEBUG] debug-file - Executing task :entry:default@GeneratePkgContextInfo
[2026-07-30T06:49:41.790] [DEBUG] debug-file - Task 'entry:default@GeneratePkgContextInfo' cost while wrapping incremental declarations: 1 ms 
[2026-07-30T06:49:41.791] [DEBUG] debug-file - Incremental task entry:default@GeneratePkgContextInfo pre-execution cost: 1 ms .
[2026-07-30T06:49:41.791] [DEBUG] debug-file - entry : default@GeneratePkgContextInfo cost memory 0.20780181884765625
[2026-07-30T06:49:41.791] [INFO] debug-file - UP-TO-DATE :entry:default@GeneratePkgContextInfo...  
[2026-07-30T06:49:41.791] [DEBUG] debug-file - Executing task :entry:default@GeneratePkgSdkInfo
[2026-07-30T06:49:41.792] [DEBUG] debug-file - Task 'entry:default@GeneratePkgSdkInfo' cost while wrapping incremental declarations: 1 ms 
[2026-07-30T06:49:41.792] [DEBUG] debug-file - entry : default@GeneratePkgSdkInfo cost memory 0.1199798583984375
[2026-07-30T06:49:41.792] [DEBUG] debug-file - runTaskFromQueue task cost before running: 106 ms 
[2026-07-30T06:49:41.792] [INFO] debug-file - Finished :entry:default@GeneratePkgSdkInfo... after 1 ms 
[2026-07-30T06:49:41.793] [DEBUG] debug-file - Executing task :entry:default@ProcessIntegratedHsp
[2026-07-30T06:49:41.793] [DEBUG] debug-file - entry:default@ProcessIntegratedHsp is not up-to-date, since the output file 'E:\0730\hongmeng1\build\cache\default\integrated_hsp\integratedHspCache.json' does not exist.
[2026-07-30T06:49:41.794] [DEBUG] debug-file - Incremental task entry:default@ProcessIntegratedHsp pre-execution cost: 1 ms .
[2026-07-30T06:49:41.794] [DEBUG] debug-file - entry : default@ProcessIntegratedHsp cost memory 0.0547027587890625
[2026-07-30T06:49:41.794] [DEBUG] debug-file - runTaskFromQueue task cost before running: 107 ms 
[2026-07-30T06:49:41.794] [INFO] debug-file - Finished :entry:default@ProcessIntegratedHsp... after 1 ms 
[2026-07-30T06:49:41.794] [DEBUG] debug-file - Executing task :entry:default@BuildNativeWithCmake
[2026-07-30T06:49:41.794] [DEBUG] debug-file - entry : default@BuildNativeWithCmake cost memory 0.0144805908203125
[2026-07-30T06:49:41.795] [DEBUG] debug-file - runTaskFromQueue task cost before running: 108 ms 
[2026-07-30T06:49:41.795] [INFO] debug-file - Finished :entry:default@BuildNativeWithCmake... after 1 ms 
[2026-07-30T06:49:41.795] [DEBUG] debug-file - Executing task :entry:default@MakePackInfo
[2026-07-30T06:49:41.796] [DEBUG] debug-file - Incremental task entry:default@MakePackInfo pre-execution cost: 2 ms .
[2026-07-30T06:49:41.797] [DEBUG] debug-file - entry : default@MakePackInfo cost memory 0.13106536865234375
[2026-07-30T06:49:41.797] [INFO] debug-file - UP-TO-DATE :entry:default@MakePackInfo...  
[2026-07-30T06:49:41.798] [DEBUG] debug-file - Executing task :entry:default@SyscapTransform
[2026-07-30T06:49:41.798] [DEBUG] debug-file - File: 'E:\0730\hongmeng1\entry\src\main\syscap.json' from 'sysCapJsonPath' is not exists, just ignore.
[2026-07-30T06:49:41.799] [DEBUG] debug-file - Task 'entry:default@SyscapTransform' cost while wrapping incremental declarations: 1 ms 
[2026-07-30T06:49:41.800] [DEBUG] debug-file - entry:default@SyscapTransform is not up-to-date, since the output file 'E:\0730\hongmeng1\entry\build\default\intermediates\syscap\default\rpcid.sc' does not exist.
[2026-07-30T06:49:41.800] [DEBUG] debug-file - Incremental task entry:default@SyscapTransform pre-execution cost: 2 ms .
[2026-07-30T06:49:41.800] [DEBUG] debug-file - entry : default@SyscapTransform cost memory 0.3902740478515625
[2026-07-30T06:49:41.800] [DEBUG] debug-file - runTaskFromQueue task cost before running: 114 ms 
[2026-07-30T06:49:41.800] [INFO] debug-file - Finished :entry:default@SyscapTransform... after 3 ms 
[2026-07-30T06:49:41.801] [DEBUG] debug-file - Executing task :entry:default@ProcessProfile
[2026-07-30T06:49:41.802] [DEBUG] debug-file - Task 'entry:default@ProcessProfile' cost while wrapping incremental declarations: 1 ms 
[2026-07-30T06:49:41.803] [DEBUG] debug-file - Incremental task entry:default@ProcessProfile pre-execution cost: 1 ms .
[2026-07-30T06:49:41.803] [DEBUG] debug-file - entry : default@ProcessProfile cost memory -1.4442977905273438
[2026-07-30T06:49:41.803] [INFO] debug-file - UP-TO-DATE :entry:default@ProcessProfile...  
[2026-07-30T06:49:41.804] [DEBUG] debug-file - Executing task :entry:default@ProcessRouterMap
[2026-07-30T06:49:41.805] [DEBUG] debug-file - Incremental task entry:default@ProcessRouterMap pre-execution cost: 1 ms .
[2026-07-30T06:49:41.805] [DEBUG] debug-file - entry : default@ProcessRouterMap cost memory 0.1539764404296875
[2026-07-30T06:49:41.805] [INFO] debug-file - UP-TO-DATE :entry:default@ProcessRouterMap...  
[2026-07-30T06:49:41.806] [DEBUG] debug-file - Executing task :entry:default@ProcessShareConfig
[2026-07-30T06:49:41.807] [DEBUG] debug-file - Incremental task entry:default@ProcessShareConfig pre-execution cost: 1 ms .
[2026-07-30T06:49:41.807] [DEBUG] debug-file - entry : default@ProcessShareConfig cost memory 0.130340576171875
[2026-07-30T06:49:41.807] [INFO] debug-file - UP-TO-DATE :entry:default@ProcessShareConfig...  
[2026-07-30T06:49:41.808] [DEBUG] debug-file - Executing task :entry:default@ProcessStartupConfig
[2026-07-30T06:49:41.808] [DEBUG] debug-file - Task 'entry:default@ProcessStartupConfig' cost while wrapping incremental declarations: 1 ms 
[2026-07-30T06:49:41.808] [DEBUG] debug-file - entry:default@ProcessStartupConfig is not up-to-date, since the output file 'E:\0730\hongmeng1\entry\build\default\intermediates\startup\default\startup_config.json' does not exist.
[2026-07-30T06:49:41.808] [DEBUG] debug-file - Incremental task entry:default@ProcessStartupConfig pre-execution cost: 1 ms .
[2026-07-30T06:49:41.809] [DEBUG] debug-file - entry : default@ProcessStartupConfig cost memory 0.17388916015625
[2026-07-30T06:49:41.809] [DEBUG] debug-file - runTaskFromQueue task cost before running: 122 ms 
[2026-07-30T06:49:41.809] [INFO] debug-file - Finished :entry:default@ProcessStartupConfig... after 1 ms 
[2026-07-30T06:49:41.809] [DEBUG] debug-file - Executing task :entry:default@BuildNativeWithNinja
[2026-07-30T06:49:41.810] [DEBUG] debug-file - entry : default@BuildNativeWithNinja cost memory 0.0200042724609375
[2026-07-30T06:49:41.810] [DEBUG] debug-file - runTaskFromQueue task cost before running: 123 ms 
[2026-07-30T06:49:41.810] [INFO] debug-file - Finished :entry:default@BuildNativeWithNinja... after 1 ms 
[2026-07-30T06:49:41.811] [DEBUG] debug-file - restool module names: entry; moduleName=entry, taskName=default@ProcessResource
[2026-07-30T06:49:41.811] [DEBUG] debug-file - Executing task :entry:default@ProcessResource
[2026-07-30T06:49:41.811] [DEBUG] debug-file - Task 'entry:default@ProcessResource' cost while wrapping incremental declarations: 1 ms 
[2026-07-30T06:49:41.812] [DEBUG] debug-file - Incremental task entry:default@ProcessResource pre-execution cost: 1 ms .
[2026-07-30T06:49:41.812] [DEBUG] debug-file - entry : default@ProcessResource cost memory 0.130859375
[2026-07-30T06:49:41.813] [INFO] debug-file - UP-TO-DATE :entry:default@ProcessResource...  
[2026-07-30T06:49:41.813] [DEBUG] debug-file - Executing task :entry:default@GenerateLoaderJson
[2026-07-30T06:49:41.814] [DEBUG] debug-file - Task 'entry:default@GenerateLoaderJson' cost while wrapping incremental declarations: 1 ms 
[2026-07-30T06:49:41.818] [DEBUG] debug-file - Incremental task entry:default@GenerateLoaderJson pre-execution cost: 3 ms .
[2026-07-30T06:49:41.818] [DEBUG] debug-file - entry : default@GenerateLoaderJson cost memory -1.1861801147460938
[2026-07-30T06:49:41.819] [INFO] debug-file - UP-TO-DATE :entry:default@GenerateLoaderJson...  
[2026-07-30T06:49:41.820] [DEBUG] debug-file - Executing task :entry:default@ProcessLibs
[2026-07-30T06:49:41.821] [DEBUG] debug-file - Incremental task entry:default@ProcessLibs pre-execution cost: 1 ms .
[2026-07-30T06:49:41.821] [DEBUG] debug-file - entry : default@ProcessLibs cost memory 0.09683990478515625
[2026-07-30T06:49:41.821] [INFO] debug-file - UP-TO-DATE :entry:default@ProcessLibs...  
[2026-07-30T06:49:41.822] [DEBUG] debug-file - restool module names: entry; moduleName=entry, taskName=default@CompileResource
[2026-07-30T06:49:41.822] [DEBUG] debug-file - Executing task :entry:default@CompileResource
[2026-07-30T06:49:41.827] [DEBUG] debug-file - Incremental task entry:default@CompileResource pre-execution cost: 5 ms .
[2026-07-30T06:49:41.827] [DEBUG] debug-file - entry : default@CompileResource cost memory 0.7061080932617188
[2026-07-30T06:49:41.827] [INFO] debug-file - UP-TO-DATE :entry:default@CompileResource...  
[2026-07-30T06:49:41.828] [DEBUG] debug-file - Executing task :entry:default@DoNativeStrip
[2026-07-30T06:49:41.828] [DEBUG] debug-file - File: 'E:\0730\hongmeng1\entry\build\default\intermediates\binxo\default' from 'doBinxoNativeLibs' is not exists, just ignore.
[2026-07-30T06:49:41.828] [DEBUG] debug-file - Task 'entry:default@DoNativeStrip' cost while wrapping incremental declarations: 1 ms 
[2026-07-30T06:49:41.829] [DEBUG] debug-file - Incremental task entry:default@DoNativeStrip pre-execution cost: 1 ms .
[2026-07-30T06:49:41.829] [DEBUG] debug-file - entry : default@DoNativeStrip cost memory 0.3348541259765625
[2026-07-30T06:49:41.829] [INFO] debug-file - UP-TO-DATE :entry:default@DoNativeStrip...  
[2026-07-30T06:49:41.829] [DEBUG] debug-file - Executing task :entry:default@CompileArkTS
[2026-07-30T06:49:41.830] [DEBUG] debug-file - obfuscationOptions: undefined
[2026-07-30T06:49:41.830] [DEBUG] debug-file - Task 'entry:default@CompileArkTS' cost while wrapping incremental declarations: 1 ms 
[2026-07-30T06:49:41.834] [DEBUG] debug-file - Incremental task entry:default@CompileArkTS pre-execution cost: 4 ms .
[2026-07-30T06:49:41.835] [DEBUG] debug-file - entry : default@CompileArkTS cost memory -1.1643218994140625
[2026-07-30T06:49:41.835] [INFO] debug-file - UP-TO-DATE :entry:default@CompileArkTS...  
[2026-07-30T06:49:41.836] [DEBUG] debug-file - Executing task :entry:default@BuildJS
[2026-07-30T06:49:41.836] [DEBUG] debug-file - Task 'entry:default@BuildJS' cost while wrapping incremental declarations: 1 ms 
[2026-07-30T06:49:41.837] [DEBUG] debug-file - entry : default@BuildJS cost memory 0.151458740234375
[2026-07-30T06:49:41.837] [DEBUG] debug-file - runTaskFromQueue task cost before running: 151 ms 
[2026-07-30T06:49:41.838] [INFO] debug-file - Finished :entry:default@BuildJS... after 2 ms 
[2026-07-30T06:49:41.838] [DEBUG] debug-file - Executing task :entry:default@CacheNativeLibs
[2026-07-30T06:49:41.838] [DEBUG] debug-file - File: 'E:\0730\hongmeng1\entry\build\default\intermediates\binxo\default' from 'cacheBinxoNativeLibs' is not exists, just ignore.
[2026-07-30T06:49:41.838] [DEBUG] debug-file - Task 'entry:default@CacheNativeLibs' cost while wrapping incremental declarations: 1 ms 
[2026-07-30T06:49:41.839] [DEBUG] debug-file - Incremental task entry:default@CacheNativeLibs pre-execution cost: 1 ms .
[2026-07-30T06:49:41.839] [DEBUG] debug-file - entry : default@CacheNativeLibs cost memory 0.119720458984375
[2026-07-30T06:49:41.839] [INFO] debug-file - UP-TO-DATE :entry:default@CacheNativeLibs...  
[2026-07-30T06:49:41.840] [DEBUG] debug-file - Executing task :entry:default@GeneratePkgModuleJson
[2026-07-30T06:49:41.840] [DEBUG] debug-file - File: 'E:\0730\hongmeng1\entry\build\default\intermediates\preload\default\preload.json' from 'preloadSoJsonPath' is not exists, just ignore.
[2026-07-30T06:49:41.840] [DEBUG] debug-file - Error occurs while handling @Input 'shouldDeduplicateHar': The "data" argument must be of type string or an instance of Buffer, TypedArray, or DataView. Received undefined
[2026-07-30T06:49:41.840] [DEBUG] debug-file - Task 'entry:default@GeneratePkgModuleJson' cost while wrapping incremental declarations: 1 ms 
[2026-07-30T06:49:41.840] [DEBUG] debug-file - Incremental task entry:default@GeneratePkgModuleJson pre-execution cost: 1 ms .
[2026-07-30T06:49:41.840] [DEBUG] debug-file - entry : default@GeneratePkgModuleJson cost memory 0.104095458984375
[2026-07-30T06:49:41.840] [INFO] debug-file - UP-TO-DATE :entry:default@GeneratePkgModuleJson...  
[2026-07-30T06:49:41.841] [DEBUG] debug-file - Executing task :entry:default@ProcessCompiledResources
[2026-07-30T06:49:41.841] [DEBUG] debug-file - File: 'E:\0730\hongmeng1\entry\build\default\intermediates\preload\default\preload.json' from 'preloadSoJsonPath' is not exists, just ignore.
[2026-07-30T06:49:41.841] [DEBUG] debug-file - Task 'entry:default@ProcessCompiledResources' cost while wrapping incremental declarations: 1 ms 
[2026-07-30T06:49:41.841] [DEBUG] debug-file - entry : default@ProcessCompiledResources cost memory 0.05663299560546875
[2026-07-30T06:49:41.841] [DEBUG] debug-file - runTaskFromQueue task cost before running: 155 ms 
[2026-07-30T06:49:41.841] [INFO] debug-file - Finished :entry:default@ProcessCompiledResources... after 1 ms 
[2026-07-30T06:49:41.842] [DEBUG] debug-file - Executing task :entry:default@PackageHap
[2026-07-30T06:49:41.845] [DEBUG] debug-file - Incremental task entry:default@PackageHap pre-execution cost: 4 ms .
[2026-07-30T06:49:41.846] [DEBUG] debug-file - entry : default@PackageHap cost memory -1.3008956909179688
[2026-07-30T06:49:41.846] [INFO] debug-file - UP-TO-DATE :entry:default@PackageHap...  
[2026-07-30T06:49:41.847] [DEBUG] debug-file - Executing task :entry:default@PackingCheck
[2026-07-30T06:49:41.849] [DEBUG] debug-file - entry : default@PackingCheck cost memory 0.31975555419921875
[2026-07-30T06:49:41.849] [DEBUG] debug-file - runTaskFromQueue task cost before running: 163 ms 
[2026-07-30T06:49:41.849] [INFO] debug-file - Finished :entry:default@PackingCheck... after 3 ms 
[2026-07-30T06:49:41.850] [DEBUG] debug-file - Executing task :entry:default@SignHap
[2026-07-30T06:49:41.850] [WARN] debug-file - Will skip sign 'hos_hap'. No signingConfigs profile is configured in current project.
             If needed, configure the signingConfigs in E:\0730\hongmeng1\build-profile.json5.
[2026-07-30T06:49:41.850] [DEBUG] debug-file - entry:default@SignHap is not up-to-date, since the output file 'E:\0730\hongmeng1\entry\build\default\outputs\default\entry-default-signed.hap' does not exist.
[2026-07-30T06:49:41.851] [DEBUG] debug-file - Incremental task entry:default@SignHap pre-execution cost: 1 ms .
[2026-07-30T06:49:41.851] [DEBUG] debug-file - entry : default@SignHap cost memory 0.08982086181640625
[2026-07-30T06:49:41.851] [DEBUG] debug-file - runTaskFromQueue task cost before running: 164 ms 
[2026-07-30T06:49:41.851] [INFO] debug-file - Finished :entry:default@SignHap... after 1 ms 
[2026-07-30T06:49:41.851] [DEBUG] debug-file - Executing task :entry:default@CollectDebugSymbol
[2026-07-30T06:49:41.852] [DEBUG] debug-file - entry : default@CollectDebugSymbol cost memory 0.08190155029296875
[2026-07-30T06:49:41.852] [DEBUG] debug-file - runTaskFromQueue task cost before running: 165 ms 
[2026-07-30T06:49:41.852] [INFO] debug-file - Finished :entry:default@CollectDebugSymbol... after 1 ms 
[2026-07-30T06:49:41.852] [DEBUG] debug-file - Executing task :entry:assembleHap
[2026-07-30T06:49:41.852] [DEBUG] debug-file - entry : assembleHap cost memory 0.0126800537109375
[2026-07-30T06:49:41.852] [DEBUG] debug-file - runTaskFromQueue task cost before running: 166 ms 
[2026-07-30T06:49:41.853] [INFO] debug-file - Finished :entry:assembleHap... after 1 ms 
[2026-07-30T06:49:41.859] [INFO] debug-file - BUILD SUCCESSFUL in 172 ms 
[2026-07-30T06:49:41.859] [DEBUG] debug-file - There is no need to refresh cache, since the incremental task entry:default@PreBuild is up-to-date.
[2026-07-30T06:49:41.859] [DEBUG] debug-file - Update task entry:default@CreateModuleInfo output file:E:\0730\hongmeng1\entry\build\default\generated\profile\default\ModuleInfo.ts cache.
[2026-07-30T06:49:41.859] [DEBUG] debug-file - Incremental task entry:default@CreateModuleInfo post-execution cost:1 ms .
[2026-07-30T06:49:41.859] [DEBUG] debug-file - There is no need to refresh cache, since the incremental task entry:default@GenerateMetadata is up-to-date.
[2026-07-30T06:49:41.859] [DEBUG] debug-file - There is no need to refresh cache, since the incremental task entry:default@MergeProfile is up-to-date.
[2026-07-30T06:49:41.859] [DEBUG] debug-file - There is no need to refresh cache, since the incremental task entry:default@CreateBuildProfile is up-to-date.
[2026-07-30T06:49:41.859] [DEBUG] debug-file - There is no need to refresh cache, since the incremental task entry:default@GeneratePkgContextInfo is up-to-date.
[2026-07-30T06:49:41.859] [DEBUG] debug-file - Update task entry:default@GeneratePkgSdkInfo output file:E:\0730\hongmeng1\entry\build\default\intermediates\loader\default\pkgSdkInfo.json cache.
[2026-07-30T06:49:41.860] [DEBUG] debug-file - Incremental task entry:default@GeneratePkgSdkInfo post-execution cost:1 ms .
[2026-07-30T06:49:41.860] [DEBUG] debug-file - Update task entry:default@ProcessIntegratedHsp output file:E:\0730\hongmeng1\build\cache\default\integrated_hsp\integratedHspCache.json cache.
[2026-07-30T06:49:41.860] [DEBUG] debug-file - Incremental task entry:default@ProcessIntegratedHsp post-execution cost:1 ms .
[2026-07-30T06:49:41.860] [DEBUG] debug-file - There is no need to refresh cache, since the incremental task entry:default@MakePackInfo is up-to-date.
[2026-07-30T06:49:41.860] [DEBUG] debug-file - Update task entry:default@SyscapTransform input file:D:\Program Files\DevEco Studio\sdk\default\openharmony\toolchains\syscap_tool.exe cache by regenerate.
[2026-07-30T06:49:41.860] [DEBUG] debug-file - Update task entry:default@SyscapTransform input file:D:\Program Files\DevEco Studio\sdk\default\openharmony\ets\api\device-define cache by regenerate.
[2026-07-30T06:49:41.860] [DEBUG] debug-file - Update task entry:default@SyscapTransform output file:E:\0730\hongmeng1\entry\build\default\intermediates\syscap\default\rpcid.sc cache.
[2026-07-30T06:49:41.860] [DEBUG] debug-file - Incremental task entry:default@SyscapTransform post-execution cost:1 ms .
[2026-07-30T06:49:41.860] [DEBUG] debug-file - There is no need to refresh cache, since the incremental task entry:default@ProcessProfile is up-to-date.
[2026-07-30T06:49:41.860] [DEBUG] debug-file - There is no need to refresh cache, since the incremental task entry:default@ProcessRouterMap is up-to-date.
[2026-07-30T06:49:41.861] [DEBUG] debug-file - There is no need to refresh cache, since the incremental task entry:default@ProcessShareConfig is up-to-date.
[2026-07-30T06:49:41.861] [DEBUG] debug-file - Update task entry:default@ProcessStartupConfig input file:E:\0730\hongmeng1\entry\build\default\intermediates\loader\default\pkgContextInfo.json cache by regenerate.
[2026-07-30T06:49:41.861] [DEBUG] debug-file - Update task entry:default@ProcessStartupConfig output file:E:\0730\hongmeng1\entry\build\default\intermediates\startup\default\startup_config.json cache.
[2026-07-30T06:49:41.861] [DEBUG] debug-file - Incremental task entry:default@ProcessStartupConfig post-execution cost:1 ms .
[2026-07-30T06:49:41.861] [DEBUG] debug-file - There is no need to refresh cache, since the incremental task entry:default@ProcessResource is up-to-date.
[2026-07-30T06:49:41.861] [DEBUG] debug-file - There is no need to refresh cache, since the incremental task entry:default@GenerateLoaderJson is up-to-date.
[2026-07-30T06:49:41.861] [DEBUG] debug-file - There is no need to refresh cache, since the incremental task entry:default@ProcessLibs is up-to-date.
[2026-07-30T06:49:41.861] [DEBUG] debug-file - There is no need to refresh cache, since the incremental task entry:default@CompileResource is up-to-date.
[2026-07-30T06:49:41.861] [DEBUG] debug-file - There is no need to refresh cache, since the incremental task entry:default@DoNativeStrip is up-to-date.
[2026-07-30T06:49:41.861] [DEBUG] debug-file - There is no need to refresh cache, since the incremental task entry:default@CompileArkTS is up-to-date.
[2026-07-30T06:49:41.861] [DEBUG] debug-file - Update task entry:default@BuildJS input file:E:\0730\hongmeng1\entry\build\default\intermediates\loader\default cache by regenerate.
[2026-07-30T06:49:41.862] [DEBUG] debug-file - Update task entry:default@BuildJS input file:E:\0730\hongmeng1\entry\build\default\intermediates\res\default\resources\rawfile cache by regenerate.
[2026-07-30T06:49:41.862] [DEBUG] debug-file - Update task entry:default@BuildJS input file:E:\0730\hongmeng1\entry\build\default\intermediates\res\default\ResourceTable.txt cache by regenerate.
[2026-07-30T06:49:41.862] [DEBUG] debug-file - Update task entry:default@BuildJS input file:E:\0730\hongmeng1\entry\build\default\intermediates\res\default\ark_module.json cache by regenerate.
[2026-07-30T06:49:41.862] [DEBUG] debug-file - Update task entry:default@BuildJS input file:E:\0730\hongmeng1\entry\build\default\intermediates\res\default\resources\base\profile cache by regenerate.
[2026-07-30T06:49:41.862] [DEBUG] debug-file - Update task entry:default@BuildJS input file:E:\0730\hongmeng1\entry\build\default\intermediates\loader\default\pkgContextInfo.json cache by regenerate.
[2026-07-30T06:49:41.862] [DEBUG] debug-file - Update task entry:default@BuildJS output file:E:\0730\hongmeng1\entry\build\default\intermediates\loader_out\default\js cache.
[2026-07-30T06:49:41.862] [DEBUG] debug-file - Incremental task entry:default@BuildJS post-execution cost:2 ms .
[2026-07-30T06:49:41.862] [DEBUG] debug-file - There is no need to refresh cache, since the incremental task entry:default@CacheNativeLibs is up-to-date.
[2026-07-30T06:49:41.863] [DEBUG] debug-file - There is no need to refresh cache, since the incremental task entry:default@GeneratePkgModuleJson is up-to-date.
[2026-07-30T06:49:41.863] [DEBUG] debug-file - Incremental task entry:default@ProcessCompiledResources post-execution cost:1 ms .
[2026-07-30T06:49:41.863] [DEBUG] debug-file - There is no need to refresh cache, since the incremental task entry:default@PackageHap is up-to-date.
[2026-07-30T06:49:41.863] [DEBUG] debug-file - Update task entry:default@SignHap input file:E:\0730\hongmeng1\entry\build\default\outputs\default\entry-default-unsigned.hap cache by regenerate.
[2026-07-30T06:49:41.863] [DEBUG] debug-file - Update task entry:default@SignHap output file:E:\0730\hongmeng1\entry\build\default\outputs\default\entry-default-signed.hap cache.
[2026-07-30T06:49:41.863] [DEBUG] debug-file - Incremental task entry:default@SignHap post-execution cost:1 ms .
[2026-07-30T06:49:41.864] [DEBUG] debug-file - Update task entry:default@CollectDebugSymbol input file:E:\0730\hongmeng1\entry\build\default\intermediates\loader_out\default\ets\sourceMaps.map cache by regenerate.
[2026-07-30T06:49:41.864] [DEBUG] debug-file - Update task entry:default@CollectDebugSymbol input file:E:\0730\hongmeng1\entry\build\default\intermediates\libs\default cache by regenerate.
[2026-07-30T06:49:41.864] [DEBUG] debug-file - Update task entry:default@CollectDebugSymbol output file:E:\0730\hongmeng1\entry\build\default\outputs\default\symbol cache.
[2026-07-30T06:49:41.864] [DEBUG] debug-file - Incremental task entry:default@CollectDebugSymbol post-execution cost:1 ms .
[2026-07-30T06:49:41.879] [DEBUG] debug-file - hvigor build process will be closed.
[2026-07-30T06:49:41.884] [DEBUG] debug-file - session manager: send message to worker process.
[2026-07-30T06:49:41.885] [DEBUG] debug-file - session manager: send message to worker process.
[2026-07-30T06:49:41.885] [DEBUG] debug-file - watch worker: worker id should be larger than 0. Nothing will be sent to any worker thread.
[2026-07-30T06:49:41.885] [DEBUG] debug-file - watch worker: worker id should be larger than 0. Nothing will be sent to any worker thread.
[2026-07-30T07:30:45.887] [DEBUG] debug-file - env: nodejsVersion=v18.20.1
[2026-07-30T07:30:45.958] [DEBUG] debug-file - env: daemon=true
[2026-07-30T07:30:45.888] [DEBUG] debug-file - env: hvigor-config.json5 content = {
  modelVersion: '6.1.1',
  dependencies: {},
  execution: {},
  logging: {},
  debugging: {},
  nodeOptions: {}
}
[2026-07-30T07:30:46.739] [DEBUG] debug-file - hvigor java daemon: Starting java daemon. jvmXmxValue=512m, jarPath=D:\Program Files\DevEco Studio\tools\hvigor\hvigor\lib\hvigor-java-daemon.jar
[2026-07-30T07:30:46.739] [DEBUG] debug-file - hvigor java daemon: Read cache file, 
    port=45050, pid=25716, sessionId exists=true
[2026-07-30T07:30:46.758] [DEBUG] debug-file - hvigor java daemon: tryConnect failed, Error: connect ECONNREFUSED 127.0.0.1:45050, will start new daemon
[2026-07-30T07:30:46.772] [DEBUG] debug-file - java daemon started at port 45050 pid 29216
[2026-07-30T07:30:46.825] [DEBUG] debug-file - session manager: set active socket. socketId=T1FxjJi2CiAJD5NTAAAB
[2026-07-30T07:30:47.424] [DEBUG] debug-file - watch worker: worker id should be larger than 0. Nothing will be sent to any worker thread.
[2026-07-30T07:30:47.429] [DEBUG] debug-file - Since there is no instance or instance is terminated, create a new worker pool.
[2026-07-30T07:30:47.430] [DEBUG] debug-file - Worker pool is initialized with config:  {
  minPoolNum: 2,
  maxPoolNum: undefined,
  maxCoreSize: undefined,
  cacheCapacity: undefined,
  cacheTtl: undefined
}
[2026-07-30T07:30:47.430] [DEBUG] debug-file - Create  resident worker with id: 0.
[2026-07-30T07:30:47.432] [DEBUG] debug-file - Create  resident worker with id: 1.
[2026-07-30T07:30:47.434] [DEBUG] debug-file - Workers' log level updated to INFO
[2026-07-30T07:30:47.440] [DEBUG] debug-file - Hvigor init with startParameters:{
  hvigorfileTypeCheck: false,
  parallelExecution: true,
  incrementalExecution: true,
  printStackTrace: false,
  daemon: true,
  analyze: 0,
  logLevel: Level { level: 20000, levelStr: 'INFO', colour: 'green' },
  optimizationStrategy: 'memory',
  hotCompile: undefined,
  hotReloadBuild: undefined,
  customizedParam: undefined
}
[2026-07-30T07:30:47.447] [DEBUG] debug-file - Cache service initialization finished in 7 ms 
[2026-07-30T07:30:47.449] [DEBUG] debug-file - hvigorfile, resolving E:\0730\hongmeng1\hvigorfile.ts
[2026-07-30T07:30:48.622] [DEBUG] debug-file - hvigorfile, require result:  { default: { plugins: [] } }
[2026-07-30T07:30:48.622] [DEBUG] debug-file - hvigorfile, binding system plugins null
[2026-07-30T07:30:48.622] [DEBUG] debug-file - Starting plugin build process
[2026-07-30T07:30:48.622] [DEBUG] debug-file - App plugin prepare start...
[2026-07-30T07:30:48.623] [DEBUG] debug-file - App plugin prepare end...
[2026-07-30T07:30:48.623] [DEBUG] debug-file - App plugin creating...
[2026-07-30T07:30:48.760] [DEBUG] debug-file - App plugin register hook start...
[2026-07-30T07:30:48.761] [DEBUG] debug-file - App plugin register hook end...
[2026-07-30T07:30:48.761] [DEBUG] debug-file - Plugin build process completed
[2026-07-30T07:30:48.762] [DEBUG] debug-file - Start initialize project's product build option map with build mode debug.
[2026-07-30T07:30:48.762] [DEBUG] debug-file - Picking option from product 'default' with build mode 'debug'.
[2026-07-30T07:30:48.762] [DEBUG] debug-file - Product 'default' build option initialized
[2026-07-30T07:30:48.762] [DEBUG] debug-file - End initialize project's product build option map with build mode 'debug'.
[2026-07-30T07:30:48.763] [DEBUG] debug-file - Obtain build option for product 'default'in this build.
[2026-07-30T07:30:48.770] [DEBUG] debug-file - No signingConfig found, initRemoteHspCache failed.
[2026-07-30T07:30:48.772] [DEBUG] debug-file - Local scan or download HarmonyOS sdk components toolchains,ets,js,native,previewer
[2026-07-30T07:30:48.775] [DEBUG] debug-file - Local scan or download hmscore sdk components toolchains,ets,native
[2026-07-30T07:30:48.777] [DEBUG] debug-file - Start recording SDK configuration permission data.
[2026-07-30T07:30:48.805] [DEBUG] debug-file - Sdk init in 34 ms 
[2026-07-30T07:30:48.810] [DEBUG] debug-file - Project task initialization takes 4 ms 
[2026-07-30T07:30:48.810] [DEBUG] debug-file - hvigorfile, begin to bind custom plugins...
[2026-07-30T07:30:48.810] [DEBUG] debug-file - hvigorfile, no custom plugins were found in E:\0730\hongmeng1\hvigorfile.ts
[2026-07-30T07:30:48.810] [DEBUG] debug-file - hvigorfile, resolve finished E:\0730\hongmeng1\hvigorfile.ts
[2026-07-30T07:30:48.811] [DEBUG] debug-file - hvigorfile, resolving E:\0730\hongmeng1\entry\hvigorfile.ts
[2026-07-30T07:30:48.816] [DEBUG] debug-file - hvigorfile, require result:  { default: { plugins: [] } }
[2026-07-30T07:30:48.816] [DEBUG] debug-file - hvigorfile, binding system plugins null
[2026-07-30T07:30:48.816] [DEBUG] debug-file - Starting plugin build process
[2026-07-30T07:30:48.816] [DEBUG] debug-file - Hap plugin creating...
[2026-07-30T07:30:48.817] [DEBUG] debug-file - failed to load cangjie to dynamically generate schemas: Error: Cannot find module '@ohos/cangjie-build-support/index'
Require stack:
- D:\Program Files\DevEco Studio\tools\hvigor\hvigor-ohos-plugin\src\plugin\hooks\cangjie-register.js
- D:\Program Files\DevEco Studio\tools\hvigor\hvigor-ohos-plugin\src\plugin\strategy\stage-init-strategy.js
- D:\Program Files\DevEco Studio\tools\hvigor\hvigor-ohos-plugin\src\plugin\builder\abstract-plugin-builder.js
- D:\Program Files\DevEco Studio\tools\hvigor\hvigor-ohos-plugin\src\plugin\builder\app-plugin-builder.js
- D:\Program Files\DevEco Studio\tools\hvigor\hvigor-ohos-plugin\src\plugin\factory\plugin-factory.js
- D:\Program Files\DevEco Studio\tools\hvigor\hvigor-ohos-plugin\index.js
- E:\0730\hongmeng1\hvigorfile.ts
- D:\Program Files\DevEco Studio\tools\hvigor\hvigor\src\base\internal\lifecycle\configuration.js
- D:\Program Files\DevEco Studio\tools\hvigor\hvigor\src\base\boot\index.js
- D:\Program Files\DevEco Studio\tools\hvigor\hvigor\src\base\daemon\cluster\worker-process-lifecycle.js
- D:\Program Files\DevEco Studio\tools\hvigor\hvigor\src\base\daemon\process\daemon-process-boot-script.js
[2026-07-30T07:30:48.831] [DEBUG] debug-file - Start initialize module-target build option map, moduleName=entry, buildMode=debug
[2026-07-30T07:30:48.831] [DEBUG] debug-file - Target 'default' config initialized
[2026-07-30T07:30:48.832] [DEBUG] debug-file - Target 'ohosTest' config initialized
[2026-07-30T07:30:48.832] [DEBUG] debug-file - Module 'entry' target 'default' build option initialized
[2026-07-30T07:30:48.832] [DEBUG] debug-file - Module 'entry' target 'ohosTest' build option initialized
[2026-07-30T07:30:48.832] [DEBUG] debug-file - End initialize module-target build option map, moduleName=entry
[2026-07-30T07:30:48.832] [DEBUG] debug-file - Start initialize module-target build option map, moduleName=entry, buildMode=release
[2026-07-30T07:30:48.833] [DEBUG] debug-file - Target 'default' config initialized
[2026-07-30T07:30:48.833] [DEBUG] debug-file - Target 'ohosTest' config initialized
[2026-07-30T07:30:48.833] [DEBUG] debug-file - Module 'entry' target 'default' build option initialized
[2026-07-30T07:30:48.833] [DEBUG] debug-file - Module 'entry' target 'ohosTest' build option initialized
[2026-07-30T07:30:48.833] [DEBUG] debug-file - End initialize module-target build option map, moduleName=entry
[2026-07-30T07:30:48.833] [DEBUG] debug-file - Start initialize module-target build option map, moduleName=entry, buildMode=debug
[2026-07-30T07:30:48.833] [DEBUG] debug-file - Target 'default' config initialized
[2026-07-30T07:30:48.834] [DEBUG] debug-file - Target 'ohosTest' config initialized
[2026-07-30T07:30:48.834] [DEBUG] debug-file - Module 'entry' target 'default' build option initialized
[2026-07-30T07:30:48.834] [DEBUG] debug-file - Module 'entry' target 'ohosTest' build option initialized
[2026-07-30T07:30:48.834] [DEBUG] debug-file - End initialize module-target build option map, moduleName=entry
[2026-07-30T07:30:48.834] [DEBUG] debug-file - Obtain build option for module 'entry' target 'default'in this build.
[2026-07-30T07:30:48.838] [DEBUG] debug-file - Module entry task initialization takes 4 ms 
[2026-07-30T07:30:48.838] [DEBUG] debug-file - Hap plugin register hook start...
[2026-07-30T07:30:48.838] [DEBUG] debug-file - Hap plugin register hook end...
[2026-07-30T07:30:48.838] [DEBUG] debug-file - Plugin build process completed
[2026-07-30T07:30:48.838] [DEBUG] debug-file - hvigorfile, begin to bind custom plugins...
[2026-07-30T07:30:48.838] [DEBUG] debug-file - hvigorfile, no custom plugins were found in E:\0730\hongmeng1\entry\hvigorfile.ts
[2026-07-30T07:30:48.838] [DEBUG] debug-file - hvigorfile, resolve finished E:\0730\hongmeng1\entry\hvigorfile.ts
[2026-07-30T07:30:48.859] [DEBUG] debug-file - hvigorfile, resolve hvigorfile dependencies in 20 ms 
[2026-07-30T07:30:48.859] [DEBUG] debug-file - project has submodules:entry
[2026-07-30T07:30:48.860] [DEBUG] debug-file - start to load updatedOhPackageInfo to the disk
[2026-07-30T07:30:48.861] [DEBUG] debug-file - load to the disk finished
[2026-07-30T07:30:48.862] [DEBUG] debug-file - Start to initialize dependency information.
[2026-07-30T07:30:48.868] [DEBUG] debug-file - Module hongmeng1 Collected Dependency: 
[2026-07-30T07:30:48.868] [DEBUG] debug-file - Module hongmeng1's total dependency: 0
[2026-07-30T07:30:48.869] [DEBUG] debug-file - Start to initialize dependency information.
[2026-07-30T07:30:48.871] [DEBUG] debug-file - Module entry Collected Dependency: 
[2026-07-30T07:30:48.871] [DEBUG] debug-file - Module entry's total dependency: 0
[2026-07-30T07:30:48.873] [DEBUG] debug-file - Configuration phase cost:1 s 426 ms 
[2026-07-30T07:30:48.875] [DEBUG] debug-file - Configuration task cost before running: 1 s 441 ms 
[2026-07-30T07:30:48.875] [DEBUG] debug-file - Executing task :entry:init
[2026-07-30T07:30:48.876] [DEBUG] debug-file - entry : init cost memory 0.0164642333984375
[2026-07-30T07:30:48.876] [DEBUG] debug-file - runTaskFromQueue task cost before running: 1 s 442 ms 
[2026-07-30T07:30:48.876] [INFO] debug-file - Finished :entry:init... after 1 ms 
[2026-07-30T07:30:48.876] [DEBUG] debug-file - Executing task ::init
[2026-07-30T07:30:48.876] [DEBUG] debug-file - hongmeng1 : init cost memory 0.0141754150390625
[2026-07-30T07:30:48.876] [DEBUG] debug-file - runTaskFromQueue task cost before running: 1 s 443 ms 
[2026-07-30T07:30:48.876] [INFO] debug-file - Finished ::init... after 1 ms 
[2026-07-30T07:30:48.883] [DEBUG] debug-file - Obtain build option for module 'entry' target 'default'in this build.
[2026-07-30T07:30:48.883] [DEBUG] debug-file - Obtain build option for module 'entry' target 'ohosTest'in this build.
[2026-07-30T07:30:48.888] [DEBUG] debug-file - Cleanup worker 0.
[2026-07-30T07:30:48.888] [DEBUG] debug-file - Worker 0 has been cleaned up.
[2026-07-30T07:30:48.888] [DEBUG] debug-file - Current idle worker size: 1.
[2026-07-30T07:30:48.888] [DEBUG] debug-file - Current resident worker size: 2.
[2026-07-30T07:30:48.888] [DEBUG] debug-file - Cleanup worker 1.
[2026-07-30T07:30:48.888] [DEBUG] debug-file - Worker 1 has been cleaned up.
[2026-07-30T07:30:48.888] [DEBUG] debug-file - Current idle worker size: 0.
[2026-07-30T07:30:48.888] [DEBUG] debug-file - Current resident worker size: 2.
[2026-07-30T07:30:48.893] [DEBUG] debug-file - session manager: send message to worker process.
[2026-07-30T07:30:48.893] [DEBUG] debug-file - session manager: send message to worker process.
[2026-07-30T07:30:48.889] [DEBUG] debug-file - hvigor build process will be closed.
[2026-07-30T07:30:48.893] [DEBUG] debug-file - watch worker: worker id should be larger than 0. Nothing will be sent to any worker thread.
[2026-07-30T07:30:48.894] [DEBUG] debug-file - watch worker: worker id should be larger than 0. Nothing will be sent to any worker thread.
[2026-07-30T07:30:48.895] [DEBUG] debug-file - worker[1] exits with exit code 1.
[2026-07-30T07:30:48.895] [DEBUG] debug-file - worker[0] exits with exit code 1.
[2026-07-30T07:31:00.572] [DEBUG] debug-file - session manager: set active socket. socketId=D-e62M8R_NdVIK90AAAD
[2026-07-30T07:31:00.577] [DEBUG] debug-file - watch worker: worker id should be larger than 0. Nothing will be sent to any worker thread.
[2026-07-30T07:31:00.580] [DEBUG] debug-file - Workers' log level updated to INFO
[2026-07-30T07:31:00.583] [DEBUG] debug-file - Hvigor init with startParameters:{
  hvigorfileTypeCheck: false,
  parallelExecution: true,
  incrementalExecution: true,
  printStackTrace: false,
  daemon: true,
  analyze: 0,
  logLevel: Level { level: 20000, levelStr: 'INFO', colour: 'green' },
  optimizationStrategy: 'memory',
  hotCompile: undefined,
  hotReloadBuild: undefined,
  customizedParam: undefined
}
[2026-07-30T07:31:00.588] [DEBUG] debug-file - Cache service initialization finished in 5 ms 
[2026-07-30T07:31:00.588] [DEBUG] debug-file - hvigorfile, resolving E:\0730\hongmeng1\hvigorfile.ts
[2026-07-30T07:31:00.594] [DEBUG] debug-file - hvigorfile, require result:  { default: { plugins: [] } }
[2026-07-30T07:31:00.594] [DEBUG] debug-file - hvigorfile, binding system plugins null
[2026-07-30T07:31:00.594] [DEBUG] debug-file - Starting plugin build process
[2026-07-30T07:31:00.594] [DEBUG] debug-file - App plugin prepare start...
[2026-07-30T07:31:00.594] [DEBUG] debug-file - App plugin prepare end...
[2026-07-30T07:31:00.594] [DEBUG] debug-file - App plugin creating...
[2026-07-30T07:31:00.598] [DEBUG] debug-file - App plugin register hook start...
[2026-07-30T07:31:00.598] [DEBUG] debug-file - App plugin register hook end...
[2026-07-30T07:31:00.598] [DEBUG] debug-file - Plugin build process completed
[2026-07-30T07:31:00.598] [DEBUG] debug-file - Start initialize project's product build option map with build mode debug.
[2026-07-30T07:31:00.598] [DEBUG] debug-file - Picking option from product 'default' with build mode 'debug'.
[2026-07-30T07:31:00.599] [DEBUG] debug-file - Product 'default' build option initialized
[2026-07-30T07:31:00.599] [DEBUG] debug-file - End initialize project's product build option map with build mode 'debug'.
[2026-07-30T07:31:00.599] [DEBUG] debug-file - Obtain build option for product 'default'in this build.
[2026-07-30T07:31:00.601] [DEBUG] debug-file - No signingConfig found, initRemoteHspCache failed.
[2026-07-30T07:31:00.603] [DEBUG] debug-file - Start recording SDK configuration permission data.
[2026-07-30T07:31:00.623] [DEBUG] debug-file - Sdk init in 22 ms 
[2026-07-30T07:31:00.626] [DEBUG] debug-file - Project task initialization takes 2 ms 
[2026-07-30T07:31:00.626] [DEBUG] debug-file - hvigorfile, begin to bind custom plugins...
[2026-07-30T07:31:00.626] [DEBUG] debug-file - hvigorfile, no custom plugins were found in E:\0730\hongmeng1\hvigorfile.ts
[2026-07-30T07:31:00.626] [DEBUG] debug-file - hvigorfile, resolve finished E:\0730\hongmeng1\hvigorfile.ts
[2026-07-30T07:31:00.626] [DEBUG] debug-file - hvigorfile, resolving E:\0730\hongmeng1\entry\hvigorfile.ts
[2026-07-30T07:31:00.629] [DEBUG] debug-file - hvigorfile, require result:  { default: { plugins: [] } }
[2026-07-30T07:31:00.629] [DEBUG] debug-file - hvigorfile, binding system plugins null
[2026-07-30T07:31:00.629] [DEBUG] debug-file - Starting plugin build process
[2026-07-30T07:31:00.629] [DEBUG] debug-file - Hap plugin creating...
[2026-07-30T07:31:00.630] [DEBUG] debug-file - failed to load cangjie to dynamically generate schemas: Error: Cannot find module '@ohos/cangjie-build-support/index'
Require stack:
- D:\Program Files\DevEco Studio\tools\hvigor\hvigor-ohos-plugin\src\plugin\hooks\cangjie-register.js
- D:\Program Files\DevEco Studio\tools\hvigor\hvigor-ohos-plugin\src\plugin\strategy\stage-init-strategy.js
- D:\Program Files\DevEco Studio\tools\hvigor\hvigor-ohos-plugin\src\plugin\builder\abstract-plugin-builder.js
- D:\Program Files\DevEco Studio\tools\hvigor\hvigor-ohos-plugin\src\plugin\builder\app-plugin-builder.js
- D:\Program Files\DevEco Studio\tools\hvigor\hvigor-ohos-plugin\src\plugin\factory\plugin-factory.js
- D:\Program Files\DevEco Studio\tools\hvigor\hvigor-ohos-plugin\index.js
- E:\0730\hongmeng1\hvigorfile.ts
- D:\Program Files\DevEco Studio\tools\hvigor\hvigor\src\base\internal\lifecycle\configuration.js
- D:\Program Files\DevEco Studio\tools\hvigor\hvigor\src\base\boot\index.js
- D:\Program Files\DevEco Studio\tools\hvigor\hvigor\src\base\daemon\cluster\worker-process-lifecycle.js
- D:\Program Files\DevEco Studio\tools\hvigor\hvigor\src\base\daemon\process\daemon-process-boot-script.js
[2026-07-30T07:31:00.631] [DEBUG] debug-file - Start initialize module-target build option map, moduleName=entry, buildMode=debug
[2026-07-30T07:31:00.632] [DEBUG] debug-file - Target 'default' config initialized
[2026-07-30T07:31:00.632] [DEBUG] debug-file - Target 'ohosTest' config initialized
[2026-07-30T07:31:00.632] [DEBUG] debug-file - Module 'entry' target 'default' build option initialized
[2026-07-30T07:31:00.632] [DEBUG] debug-file - Module 'entry' target 'ohosTest' build option initialized
[2026-07-30T07:31:00.632] [DEBUG] debug-file - End initialize module-target build option map, moduleName=entry
[2026-07-30T07:31:00.632] [DEBUG] debug-file - Start initialize module-target build option map, moduleName=entry, buildMode=release
[2026-07-30T07:31:00.632] [DEBUG] debug-file - Target 'default' config initialized
[2026-07-30T07:31:00.632] [DEBUG] debug-file - Target 'ohosTest' config initialized
[2026-07-30T07:31:00.632] [DEBUG] debug-file - Module 'entry' target 'default' build option initialized
[2026-07-30T07:31:00.633] [DEBUG] debug-file - Module 'entry' target 'ohosTest' build option initialized
[2026-07-30T07:31:00.633] [DEBUG] debug-file - End initialize module-target build option map, moduleName=entry
[2026-07-30T07:31:00.633] [DEBUG] debug-file - Start initialize module-target build option map, moduleName=entry, buildMode=debug
[2026-07-30T07:31:00.633] [DEBUG] debug-file - Target 'default' config initialized
[2026-07-30T07:31:00.633] [DEBUG] debug-file - Target 'ohosTest' config initialized
[2026-07-30T07:31:00.633] [DEBUG] debug-file - Module 'entry' target 'default' build option initialized
[2026-07-30T07:31:00.633] [DEBUG] debug-file - Module 'entry' target 'ohosTest' build option initialized
[2026-07-30T07:31:00.633] [DEBUG] debug-file - End initialize module-target build option map, moduleName=entry
[2026-07-30T07:31:00.633] [DEBUG] debug-file - Obtain build option for module 'entry' target 'default'in this build.
[2026-07-30T07:31:00.634] [DEBUG] debug-file - Module entry task initialization takes 1 ms 
[2026-07-30T07:31:00.634] [DEBUG] debug-file - Hap plugin register hook start...
[2026-07-30T07:31:00.634] [DEBUG] debug-file - Hap plugin register hook end...
[2026-07-30T07:31:00.634] [DEBUG] debug-file - Plugin build process completed
[2026-07-30T07:31:00.634] [DEBUG] debug-file - hvigorfile, begin to bind custom plugins...
[2026-07-30T07:31:00.634] [DEBUG] debug-file - hvigorfile, no custom plugins were found in E:\0730\hongmeng1\entry\hvigorfile.ts
[2026-07-30T07:31:00.634] [DEBUG] debug-file - hvigorfile, resolve finished E:\0730\hongmeng1\entry\hvigorfile.ts
[2026-07-30T07:31:00.650] [DEBUG] debug-file - hvigorfile, resolve hvigorfile dependencies in 16 ms 
[2026-07-30T07:31:00.650] [DEBUG] debug-file - project has submodules:entry
[2026-07-30T07:31:00.651] [DEBUG] debug-file - start to load updatedOhPackageInfo to the disk
[2026-07-30T07:31:00.652] [DEBUG] debug-file - load to the disk finished
[2026-07-30T07:31:00.653] [DEBUG] debug-file - Start to initialize dependency information.
[2026-07-30T07:31:00.655] [DEBUG] debug-file - Module hongmeng1 Collected Dependency: 
[2026-07-30T07:31:00.655] [DEBUG] debug-file - Module hongmeng1's total dependency: 0
[2026-07-30T07:31:00.655] [DEBUG] debug-file - Start to initialize dependency information.
[2026-07-30T07:31:00.657] [DEBUG] debug-file - Module entry Collected Dependency: 
[2026-07-30T07:31:00.657] [DEBUG] debug-file - Module entry's total dependency: 0
[2026-07-30T07:31:00.658] [DEBUG] debug-file - Configuration phase cost:71 ms 
[2026-07-30T07:31:00.659] [DEBUG] debug-file - Configuration task cost before running: 79 ms 
[2026-07-30T07:31:00.663] [DEBUG] debug-file - Executing task :entry:default@PreBuild
[2026-07-30T07:31:00.666] [DEBUG] debug-file - Task 'entry:default@PreBuild' cost while wrapping incremental declarations: 1 ms 
[2026-07-30T07:31:00.671] [DEBUG] debug-file - Incremental task entry:default@PreBuild pre-execution cost: 4 ms .
[2026-07-30T07:31:00.671] [DEBUG] debug-file - entry : default@PreBuild cost memory 0.7144851684570312
[2026-07-30T07:31:00.672] [INFO] debug-file - UP-TO-DATE :entry:default@PreBuild...  
[2026-07-30T07:31:00.673] [DEBUG] debug-file - Executing task :entry:default@CreateModuleInfo
[2026-07-30T07:31:00.673] [DEBUG] debug-file - Task 'entry:default@CreateModuleInfo' cost while wrapping incremental declarations: 1 ms 
[2026-07-30T07:31:00.674] [DEBUG] debug-file - entry : default@CreateModuleInfo cost memory 0.04460906982421875
[2026-07-30T07:31:00.674] [DEBUG] debug-file - runTaskFromQueue task cost before running: 93 ms 
[2026-07-30T07:31:00.674] [INFO] debug-file - Finished :entry:default@CreateModuleInfo... after 1 ms 
[2026-07-30T07:31:00.675] [DEBUG] debug-file - Executing task :entry:default@GenerateMetadata
[2026-07-30T07:31:00.675] [DEBUG] debug-file - Task 'entry:default@GenerateMetadata' cost while wrapping incremental declarations: 1 ms 
[2026-07-30T07:31:00.676] [DEBUG] debug-file - Incremental task entry:default@GenerateMetadata pre-execution cost: 1 ms .
[2026-07-30T07:31:00.676] [DEBUG] debug-file - entry : default@GenerateMetadata cost memory 0.0966949462890625
[2026-07-30T07:31:00.676] [INFO] debug-file - UP-TO-DATE :entry:default@GenerateMetadata...  
[2026-07-30T07:31:00.677] [DEBUG] debug-file - Executing task :entry:default@ConfigureCmake
[2026-07-30T07:31:00.677] [DEBUG] debug-file - entry : default@ConfigureCmake cost memory 0.01593017578125
[2026-07-30T07:31:00.677] [DEBUG] debug-file - runTaskFromQueue task cost before running: 97 ms 
[2026-07-30T07:31:00.677] [INFO] debug-file - Finished :entry:default@ConfigureCmake... after 1 ms 
[2026-07-30T07:31:00.678] [DEBUG] debug-file - Executing task :entry:default@MergeProfile
[2026-07-30T07:31:00.678] [DEBUG] debug-file - Task 'entry:default@MergeProfile' cost while wrapping incremental declarations: 1 ms 
[2026-07-30T07:31:00.680] [DEBUG] debug-file - Incremental task entry:default@MergeProfile pre-execution cost: 1 ms .
[2026-07-30T07:31:00.680] [DEBUG] debug-file - entry : default@MergeProfile cost memory 0.1412506103515625
[2026-07-30T07:31:00.680] [INFO] debug-file - UP-TO-DATE :entry:default@MergeProfile...  
[2026-07-30T07:31:00.681] [DEBUG] debug-file - Executing task :entry:default@CreateBuildProfile
[2026-07-30T07:31:00.681] [DEBUG] debug-file - Task 'entry:default@CreateBuildProfile' cost while wrapping incremental declarations: 1 ms 
[2026-07-30T07:31:00.682] [DEBUG] debug-file - Incremental task entry:default@CreateBuildProfile pre-execution cost: 1 ms .
[2026-07-30T07:31:00.682] [DEBUG] debug-file - entry : default@CreateBuildProfile cost memory 0.105010986328125
[2026-07-30T07:31:00.682] [INFO] debug-file - UP-TO-DATE :entry:default@CreateBuildProfile...  
[2026-07-30T07:31:00.683] [DEBUG] debug-file - Executing task :entry:default@PreCheckSyscap
[2026-07-30T07:31:00.683] [DEBUG] debug-file - entry : default@PreCheckSyscap cost memory 0.01470184326171875
[2026-07-30T07:31:00.683] [DEBUG] debug-file - runTaskFromQueue task cost before running: 103 ms 
[2026-07-30T07:31:00.683] [INFO] debug-file - Finished :entry:default@PreCheckSyscap... after 1 ms 
[2026-07-30T07:31:00.684] [DEBUG] debug-file - Executing task :entry:default@GeneratePkgContextInfo
[2026-07-30T07:31:00.688] [DEBUG] debug-file - Task 'entry:default@GeneratePkgContextInfo' cost while wrapping incremental declarations: 1 ms 
[2026-07-30T07:31:00.688] [DEBUG] debug-file - Incremental task entry:default@GeneratePkgContextInfo pre-execution cost: 1 ms .
[2026-07-30T07:31:00.688] [DEBUG] debug-file - entry : default@GeneratePkgContextInfo cost memory 0.21595001220703125
[2026-07-30T07:31:00.688] [INFO] debug-file - UP-TO-DATE :entry:default@GeneratePkgContextInfo...  
[2026-07-30T07:31:00.689] [DEBUG] debug-file - Executing task :entry:default@GeneratePkgSdkInfo
[2026-07-30T07:31:00.691] [DEBUG] debug-file - Task 'entry:default@GeneratePkgSdkInfo' cost while wrapping incremental declarations: 1 ms 
[2026-07-30T07:31:00.691] [DEBUG] debug-file - entry : default@GeneratePkgSdkInfo cost memory 0.121063232421875
[2026-07-30T07:31:00.691] [DEBUG] debug-file - runTaskFromQueue task cost before running: 111 ms 
[2026-07-30T07:31:00.691] [INFO] debug-file - Finished :entry:default@GeneratePkgSdkInfo... after 2 ms 
[2026-07-30T07:31:00.693] [DEBUG] debug-file - Executing task :entry:default@ProcessIntegratedHsp
[2026-07-30T07:31:00.693] [DEBUG] debug-file - entry:default@ProcessIntegratedHsp is not up-to-date, since the output file 'E:\0730\hongmeng1\build\cache\default\integrated_hsp\integratedHspCache.json' does not exist.
[2026-07-30T07:31:00.693] [DEBUG] debug-file - Incremental task entry:default@ProcessIntegratedHsp pre-execution cost: 1 ms .
[2026-07-30T07:31:00.694] [DEBUG] debug-file - entry : default@ProcessIntegratedHsp cost memory 0.055328369140625
[2026-07-30T07:31:00.694] [DEBUG] debug-file - runTaskFromQueue task cost before running: 113 ms 
[2026-07-30T07:31:00.694] [INFO] debug-file - Finished :entry:default@ProcessIntegratedHsp... after 1 ms 
[2026-07-30T07:31:00.694] [DEBUG] debug-file - Executing task :entry:default@BuildNativeWithCmake
[2026-07-30T07:31:00.695] [DEBUG] debug-file - entry : default@BuildNativeWithCmake cost memory 0.0146026611328125
[2026-07-30T07:31:00.695] [DEBUG] debug-file - runTaskFromQueue task cost before running: 114 ms 
[2026-07-30T07:31:00.695] [INFO] debug-file - Finished :entry:default@BuildNativeWithCmake... after 1 ms 
[2026-07-30T07:31:00.696] [DEBUG] debug-file - Executing task :entry:default@MakePackInfo
[2026-07-30T07:31:00.697] [DEBUG] debug-file - Incremental task entry:default@MakePackInfo pre-execution cost: 1 ms .
[2026-07-30T07:31:00.697] [DEBUG] debug-file - entry : default@MakePackInfo cost memory 0.1283721923828125
[2026-07-30T07:31:00.698] [INFO] debug-file - UP-TO-DATE :entry:default@MakePackInfo...  
[2026-07-30T07:31:00.698] [DEBUG] debug-file - Executing task :entry:default@SyscapTransform
[2026-07-30T07:31:00.698] [DEBUG] debug-file - File: 'E:\0730\hongmeng1\entry\src\main\syscap.json' from 'sysCapJsonPath' is not exists, just ignore.
[2026-07-30T07:31:00.699] [DEBUG] debug-file - Task 'entry:default@SyscapTransform' cost while wrapping incremental declarations: 1 ms 
[2026-07-30T07:31:00.709] [DEBUG] debug-file - entry:default@SyscapTransform is not up-to-date, since the output file 'E:\0730\hongmeng1\entry\build\default\intermediates\syscap\default\rpcid.sc' does not exist.
[2026-07-30T07:31:00.709] [DEBUG] debug-file - Incremental task entry:default@SyscapTransform pre-execution cost: 10 ms .
[2026-07-30T07:31:00.709] [DEBUG] debug-file - entry : default@SyscapTransform cost memory -3.2341079711914062
[2026-07-30T07:31:00.709] [DEBUG] debug-file - runTaskFromQueue task cost before running: 129 ms 
[2026-07-30T07:31:00.709] [INFO] debug-file - Finished :entry:default@SyscapTransform... after 11 ms 
[2026-07-30T07:31:00.711] [DEBUG] debug-file - Executing task :entry:default@ProcessProfile
[2026-07-30T07:31:00.711] [DEBUG] debug-file - Task 'entry:default@ProcessProfile' cost while wrapping incremental declarations: 1 ms 
[2026-07-30T07:31:00.712] [DEBUG] debug-file - Incremental task entry:default@ProcessProfile pre-execution cost: 1 ms .
[2026-07-30T07:31:00.712] [DEBUG] debug-file - entry : default@ProcessProfile cost memory 0.13521575927734375
[2026-07-30T07:31:00.712] [INFO] debug-file - UP-TO-DATE :entry:default@ProcessProfile...  
[2026-07-30T07:31:00.713] [DEBUG] debug-file - Executing task :entry:default@ProcessRouterMap
[2026-07-30T07:31:00.714] [DEBUG] debug-file - Incremental task entry:default@ProcessRouterMap pre-execution cost: 1 ms .
[2026-07-30T07:31:00.714] [DEBUG] debug-file - entry : default@ProcessRouterMap cost memory 0.15512847900390625
[2026-07-30T07:31:00.714] [INFO] debug-file - UP-TO-DATE :entry:default@ProcessRouterMap...  
[2026-07-30T07:31:00.715] [DEBUG] debug-file - Executing task :entry:default@ProcessShareConfig
[2026-07-30T07:31:00.716] [DEBUG] debug-file - Incremental task entry:default@ProcessShareConfig pre-execution cost: 1 ms .
[2026-07-30T07:31:00.716] [DEBUG] debug-file - entry : default@ProcessShareConfig cost memory 0.130889892578125
[2026-07-30T07:31:00.717] [INFO] debug-file - UP-TO-DATE :entry:default@ProcessShareConfig...  
[2026-07-30T07:31:00.718] [DEBUG] debug-file - Executing task :entry:default@ProcessStartupConfig
[2026-07-30T07:31:00.718] [DEBUG] debug-file - Task 'entry:default@ProcessStartupConfig' cost while wrapping incremental declarations: 1 ms 
[2026-07-30T07:31:00.719] [DEBUG] debug-file - entry:default@ProcessStartupConfig is not up-to-date, since the output file 'E:\0730\hongmeng1\entry\build\default\intermediates\startup\default\startup_config.json' does not exist.
[2026-07-30T07:31:00.719] [DEBUG] debug-file - Incremental task entry:default@ProcessStartupConfig pre-execution cost: 1 ms .
[2026-07-30T07:31:00.719] [DEBUG] debug-file - entry : default@ProcessStartupConfig cost memory 0.39141845703125
[2026-07-30T07:31:00.719] [DEBUG] debug-file - runTaskFromQueue task cost before running: 139 ms 
[2026-07-30T07:31:00.719] [INFO] debug-file - Finished :entry:default@ProcessStartupConfig... after 2 ms 
[2026-07-30T07:31:00.720] [DEBUG] debug-file - Executing task :entry:default@BuildNativeWithNinja
[2026-07-30T07:31:00.720] [DEBUG] debug-file - entry : default@BuildNativeWithNinja cost memory 0.0201568603515625
[2026-07-30T07:31:00.720] [DEBUG] debug-file - runTaskFromQueue task cost before running: 140 ms 
[2026-07-30T07:31:00.720] [INFO] debug-file - Finished :entry:default@BuildNativeWithNinja... after 1 ms 
[2026-07-30T07:31:00.721] [DEBUG] debug-file - restool module names: entry; moduleName=entry, taskName=default@ProcessResource
[2026-07-30T07:31:00.724] [DEBUG] debug-file - Executing task :entry:default@ProcessResource
[2026-07-30T07:31:00.724] [DEBUG] debug-file - Task 'entry:default@ProcessResource' cost while wrapping incremental declarations: 1 ms 
[2026-07-30T07:31:00.725] [DEBUG] debug-file - Incremental task entry:default@ProcessResource pre-execution cost: 1 ms .
[2026-07-30T07:31:00.725] [DEBUG] debug-file - entry : default@ProcessResource cost memory 0.13677215576171875
[2026-07-30T07:31:00.725] [INFO] debug-file - UP-TO-DATE :entry:default@ProcessResource...  
[2026-07-30T07:31:00.727] [DEBUG] debug-file - Executing task :entry:default@GenerateLoaderJson
[2026-07-30T07:31:00.728] [DEBUG] debug-file - Task 'entry:default@GenerateLoaderJson' cost while wrapping incremental declarations: 1 ms 
[2026-07-30T07:31:00.732] [DEBUG] debug-file - Incremental task entry:default@GenerateLoaderJson pre-execution cost: 3 ms .
[2026-07-30T07:31:00.732] [DEBUG] debug-file - entry : default@GenerateLoaderJson cost memory 0.48334503173828125
[2026-07-30T07:31:00.733] [INFO] debug-file - UP-TO-DATE :entry:default@GenerateLoaderJson...  
[2026-07-30T07:31:00.734] [DEBUG] debug-file - Executing task :entry:default@ProcessLibs
[2026-07-30T07:31:00.736] [DEBUG] debug-file - Incremental task entry:default@ProcessLibs pre-execution cost: 1 ms .
[2026-07-30T07:31:00.736] [DEBUG] debug-file - entry : default@ProcessLibs cost memory 0.34203338623046875
[2026-07-30T07:31:00.736] [INFO] debug-file - UP-TO-DATE :entry:default@ProcessLibs...  
[2026-07-30T07:31:00.737] [DEBUG] debug-file - restool module names: entry; moduleName=entry, taskName=default@CompileResource
[2026-07-30T07:31:00.737] [DEBUG] debug-file - Executing task :entry:default@CompileResource
[2026-07-30T07:31:00.743] [DEBUG] debug-file - Incremental task entry:default@CompileResource pre-execution cost: 6 ms .
[2026-07-30T07:31:00.744] [DEBUG] debug-file - entry : default@CompileResource cost memory -2.5238723754882812
[2026-07-30T07:31:00.744] [INFO] debug-file - UP-TO-DATE :entry:default@CompileResource...  
[2026-07-30T07:31:00.745] [DEBUG] debug-file - Executing task :entry:default@DoNativeStrip
[2026-07-30T07:31:00.745] [DEBUG] debug-file - File: 'E:\0730\hongmeng1\entry\build\default\intermediates\binxo\default' from 'doBinxoNativeLibs' is not exists, just ignore.
[2026-07-30T07:31:00.745] [DEBUG] debug-file - Task 'entry:default@DoNativeStrip' cost while wrapping incremental declarations: 1 ms 
[2026-07-30T07:31:00.746] [DEBUG] debug-file - Incremental task entry:default@DoNativeStrip pre-execution cost: 1 ms .
[2026-07-30T07:31:00.746] [DEBUG] debug-file - entry : default@DoNativeStrip cost memory 0.09444427490234375
[2026-07-30T07:31:00.746] [INFO] debug-file - UP-TO-DATE :entry:default@DoNativeStrip...  
[2026-07-30T07:31:00.747] [DEBUG] debug-file - Executing task :entry:default@CompileArkTS
[2026-07-30T07:31:00.747] [DEBUG] debug-file - obfuscationOptions: undefined
[2026-07-30T07:31:00.748] [DEBUG] debug-file - Task 'entry:default@CompileArkTS' cost while wrapping incremental declarations: 1 ms 
[2026-07-30T07:31:00.752] [DEBUG] debug-file - Incremental task entry:default@CompileArkTS pre-execution cost: 3 ms .
[2026-07-30T07:31:00.753] [DEBUG] debug-file - entry : default@CompileArkTS cost memory 0.5615005493164062
[2026-07-30T07:31:00.753] [INFO] debug-file - UP-TO-DATE :entry:default@CompileArkTS...  
[2026-07-30T07:31:00.754] [DEBUG] debug-file - Executing task :entry:default@BuildJS
[2026-07-30T07:31:00.754] [DEBUG] debug-file - Task 'entry:default@BuildJS' cost while wrapping incremental declarations: 1 ms 
[2026-07-30T07:31:00.755] [DEBUG] debug-file - entry : default@BuildJS cost memory 0.1514434814453125
[2026-07-30T07:31:00.756] [DEBUG] debug-file - runTaskFromQueue task cost before running: 175 ms 
[2026-07-30T07:31:00.756] [INFO] debug-file - Finished :entry:default@BuildJS... after 2 ms 
[2026-07-30T07:31:00.758] [DEBUG] debug-file - Executing task :entry:default@CacheNativeLibs
[2026-07-30T07:31:00.758] [DEBUG] debug-file - File: 'E:\0730\hongmeng1\entry\build\default\intermediates\binxo\default' from 'cacheBinxoNativeLibs' is not exists, just ignore.
[2026-07-30T07:31:00.758] [DEBUG] debug-file - Task 'entry:default@CacheNativeLibs' cost while wrapping incremental declarations: 1 ms 
[2026-07-30T07:31:00.759] [DEBUG] debug-file - Incremental task entry:default@CacheNativeLibs pre-execution cost: 1 ms .
[2026-07-30T07:31:00.759] [DEBUG] debug-file - entry : default@CacheNativeLibs cost memory 0.12276458740234375
[2026-07-30T07:31:00.759] [INFO] debug-file - UP-TO-DATE :entry:default@CacheNativeLibs...  
[2026-07-30T07:31:00.759] [DEBUG] debug-file - Executing task :entry:default@GeneratePkgModuleJson
[2026-07-30T07:31:00.760] [DEBUG] debug-file - File: 'E:\0730\hongmeng1\entry\build\default\intermediates\preload\default\preload.json' from 'preloadSoJsonPath' is not exists, just ignore.
[2026-07-30T07:31:00.760] [DEBUG] debug-file - Error occurs while handling @Input 'shouldDeduplicateHar': The "data" argument must be of type string or an instance of Buffer, TypedArray, or DataView. Received undefined
[2026-07-30T07:31:00.760] [DEBUG] debug-file - Task 'entry:default@GeneratePkgModuleJson' cost while wrapping incremental declarations: 1 ms 
[2026-07-30T07:31:00.761] [DEBUG] debug-file - Incremental task entry:default@GeneratePkgModuleJson pre-execution cost: 1 ms .
[2026-07-30T07:31:00.761] [DEBUG] debug-file - entry : default@GeneratePkgModuleJson cost memory 0.1060333251953125
[2026-07-30T07:31:00.761] [INFO] debug-file - UP-TO-DATE :entry:default@GeneratePkgModuleJson...  
[2026-07-30T07:31:00.761] [DEBUG] debug-file - Executing task :entry:default@ProcessCompiledResources
[2026-07-30T07:31:00.761] [DEBUG] debug-file - File: 'E:\0730\hongmeng1\entry\build\default\intermediates\preload\default\preload.json' from 'preloadSoJsonPath' is not exists, just ignore.
[2026-07-30T07:31:00.761] [DEBUG] debug-file - Task 'entry:default@ProcessCompiledResources' cost while wrapping incremental declarations: 1 ms 
[2026-07-30T07:31:00.762] [DEBUG] debug-file - entry : default@ProcessCompiledResources cost memory 0.287200927734375
[2026-07-30T07:31:00.762] [DEBUG] debug-file - runTaskFromQueue task cost before running: 182 ms 
[2026-07-30T07:31:00.762] [INFO] debug-file - Finished :entry:default@ProcessCompiledResources... after 1 ms 
[2026-07-30T07:31:00.764] [DEBUG] debug-file - Executing task :entry:default@PackageHap
[2026-07-30T07:31:00.767] [DEBUG] debug-file - Incremental task entry:default@PackageHap pre-execution cost: 3 ms .
[2026-07-30T07:31:00.767] [DEBUG] debug-file - entry : default@PackageHap cost memory 0.45873260498046875
[2026-07-30T07:31:00.767] [INFO] debug-file - UP-TO-DATE :entry:default@PackageHap...  
[2026-07-30T07:31:00.768] [DEBUG] debug-file - Executing task :entry:default@PackingCheck
[2026-07-30T07:31:00.772] [DEBUG] debug-file - entry : default@PackingCheck cost memory 0.302154541015625
[2026-07-30T07:31:00.772] [DEBUG] debug-file - runTaskFromQueue task cost before running: 191 ms 
[2026-07-30T07:31:00.772] [INFO] debug-file - Finished :entry:default@PackingCheck... after 4 ms 
[2026-07-30T07:31:00.774] [DEBUG] debug-file - Executing task :entry:default@SignHap
[2026-07-30T07:31:00.775] [WARN] debug-file - Will skip sign 'hos_hap'. No signingConfigs profile is configured in current project.
             If needed, configure the signingConfigs in E:\0730\hongmeng1\build-profile.json5.
[2026-07-30T07:31:00.776] [DEBUG] debug-file - entry:default@SignHap is not up-to-date, since the output file 'E:\0730\hongmeng1\entry\build\default\outputs\default\entry-default-signed.hap' does not exist.
[2026-07-30T07:31:00.776] [DEBUG] debug-file - Incremental task entry:default@SignHap pre-execution cost: 1 ms .
[2026-07-30T07:31:00.776] [DEBUG] debug-file - entry : default@SignHap cost memory 0.09139251708984375
[2026-07-30T07:31:00.776] [DEBUG] debug-file - runTaskFromQueue task cost before running: 196 ms 
[2026-07-30T07:31:00.777] [INFO] debug-file - Finished :entry:default@SignHap... after 3 ms 
[2026-07-30T07:31:00.777] [DEBUG] debug-file - Executing task :entry:default@CollectDebugSymbol
[2026-07-30T07:31:00.779] [DEBUG] debug-file - entry : default@CollectDebugSymbol cost memory -3.2432327270507812
[2026-07-30T07:31:00.779] [DEBUG] debug-file - runTaskFromQueue task cost before running: 198 ms 
[2026-07-30T07:31:00.779] [INFO] debug-file - Finished :entry:default@CollectDebugSymbol... after 2 ms 
[2026-07-30T07:31:00.779] [DEBUG] debug-file - Executing task :entry:assembleHap
[2026-07-30T07:31:00.779] [DEBUG] debug-file - entry : assembleHap cost memory 0.012847900390625
[2026-07-30T07:31:00.779] [DEBUG] debug-file - runTaskFromQueue task cost before running: 199 ms 
[2026-07-30T07:31:00.779] [INFO] debug-file - Finished :entry:assembleHap... after 1 ms 
[2026-07-30T07:31:00.786] [INFO] debug-file - BUILD SUCCESSFUL in 206 ms 
[2026-07-30T07:31:00.787] [DEBUG] debug-file - There is no need to refresh cache, since the incremental task entry:default@PreBuild is up-to-date.
[2026-07-30T07:31:00.787] [DEBUG] debug-file - Update task entry:default@CreateModuleInfo output file:E:\0730\hongmeng1\entry\build\default\generated\profile\default\ModuleInfo.ts cache.
[2026-07-30T07:31:00.787] [DEBUG] debug-file - Incremental task entry:default@CreateModuleInfo post-execution cost:1 ms .
[2026-07-30T07:31:00.787] [DEBUG] debug-file - There is no need to refresh cache, since the incremental task entry:default@GenerateMetadata is up-to-date.
[2026-07-30T07:31:00.787] [DEBUG] debug-file - There is no need to refresh cache, since the incremental task entry:default@MergeProfile is up-to-date.
[2026-07-30T07:31:00.787] [DEBUG] debug-file - There is no need to refresh cache, since the incremental task entry:default@CreateBuildProfile is up-to-date.
[2026-07-30T07:31:00.787] [DEBUG] debug-file - There is no need to refresh cache, since the incremental task entry:default@GeneratePkgContextInfo is up-to-date.
[2026-07-30T07:31:00.787] [DEBUG] debug-file - Update task entry:default@GeneratePkgSdkInfo output file:E:\0730\hongmeng1\entry\build\default\intermediates\loader\default\pkgSdkInfo.json cache.
[2026-07-30T07:31:00.788] [DEBUG] debug-file - Incremental task entry:default@GeneratePkgSdkInfo post-execution cost:1 ms .
[2026-07-30T07:31:00.788] [DEBUG] debug-file - Update task entry:default@ProcessIntegratedHsp output file:E:\0730\hongmeng1\build\cache\default\integrated_hsp\integratedHspCache.json cache.
[2026-07-30T07:31:00.788] [DEBUG] debug-file - Incremental task entry:default@ProcessIntegratedHsp post-execution cost:1 ms .
[2026-07-30T07:31:00.788] [DEBUG] debug-file - There is no need to refresh cache, since the incremental task entry:default@MakePackInfo is up-to-date.
[2026-07-30T07:31:00.788] [DEBUG] debug-file - Update task entry:default@SyscapTransform input file:D:\Program Files\DevEco Studio\sdk\default\openharmony\toolchains\syscap_tool.exe cache by regenerate.
[2026-07-30T07:31:00.788] [DEBUG] debug-file - Update task entry:default@SyscapTransform input file:D:\Program Files\DevEco Studio\sdk\default\openharmony\ets\api\device-define cache by regenerate.
[2026-07-30T07:31:00.789] [DEBUG] debug-file - Update task entry:default@SyscapTransform output file:E:\0730\hongmeng1\entry\build\default\intermediates\syscap\default\rpcid.sc cache.
[2026-07-30T07:31:00.789] [DEBUG] debug-file - Incremental task entry:default@SyscapTransform post-execution cost:1 ms .
[2026-07-30T07:31:00.789] [DEBUG] debug-file - There is no need to refresh cache, since the incremental task entry:default@ProcessProfile is up-to-date.
[2026-07-30T07:31:00.789] [DEBUG] debug-file - There is no need to refresh cache, since the incremental task entry:default@ProcessRouterMap is up-to-date.
[2026-07-30T07:31:00.790] [DEBUG] debug-file - There is no need to refresh cache, since the incremental task entry:default@ProcessShareConfig is up-to-date.
[2026-07-30T07:31:00.790] [DEBUG] debug-file - Update task entry:default@ProcessStartupConfig input file:E:\0730\hongmeng1\entry\build\default\intermediates\loader\default\pkgContextInfo.json cache by regenerate.
[2026-07-30T07:31:00.790] [DEBUG] debug-file - Update task entry:default@ProcessStartupConfig output file:E:\0730\hongmeng1\entry\build\default\intermediates\startup\default\startup_config.json cache.
[2026-07-30T07:31:00.790] [DEBUG] debug-file - Incremental task entry:default@ProcessStartupConfig post-execution cost:1 ms .
[2026-07-30T07:31:00.790] [DEBUG] debug-file - There is no need to refresh cache, since the incremental task entry:default@ProcessResource is up-to-date.
[2026-07-30T07:31:00.791] [DEBUG] debug-file - There is no need to refresh cache, since the incremental task entry:default@GenerateLoaderJson is up-to-date.
[2026-07-30T07:31:00.791] [DEBUG] debug-file - There is no need to refresh cache, since the incremental task entry:default@ProcessLibs is up-to-date.
[2026-07-30T07:31:00.791] [DEBUG] debug-file - There is no need to refresh cache, since the incremental task entry:default@CompileResource is up-to-date.
[2026-07-30T07:31:00.791] [DEBUG] debug-file - There is no need to refresh cache, since the incremental task entry:default@DoNativeStrip is up-to-date.
[2026-07-30T07:31:00.791] [DEBUG] debug-file - There is no need to refresh cache, since the incremental task entry:default@CompileArkTS is up-to-date.
[2026-07-30T07:31:00.791] [DEBUG] debug-file - Update task entry:default@BuildJS input file:E:\0730\hongmeng1\entry\build\default\intermediates\loader\default cache by regenerate.
[2026-07-30T07:31:00.792] [DEBUG] debug-file - Update task entry:default@BuildJS input file:E:\0730\hongmeng1\entry\build\default\intermediates\res\default\resources\rawfile cache by regenerate.
[2026-07-30T07:31:00.792] [DEBUG] debug-file - Update task entry:default@BuildJS input file:E:\0730\hongmeng1\entry\build\default\intermediates\res\default\ResourceTable.txt cache by regenerate.
[2026-07-30T07:31:00.792] [DEBUG] debug-file - Update task entry:default@BuildJS input file:E:\0730\hongmeng1\entry\build\default\intermediates\res\default\ark_module.json cache by regenerate.
[2026-07-30T07:31:00.792] [DEBUG] debug-file - Update task entry:default@BuildJS input file:E:\0730\hongmeng1\entry\build\default\intermediates\res\default\resources\base\profile cache by regenerate.
[2026-07-30T07:31:00.792] [DEBUG] debug-file - Update task entry:default@BuildJS input file:E:\0730\hongmeng1\entry\build\default\intermediates\loader\default\pkgContextInfo.json cache by regenerate.
[2026-07-30T07:31:00.793] [DEBUG] debug-file - Update task entry:default@BuildJS output file:E:\0730\hongmeng1\entry\build\default\intermediates\loader_out\default\js cache.
[2026-07-30T07:31:00.793] [DEBUG] debug-file - Incremental task entry:default@BuildJS post-execution cost:2 ms .
[2026-07-30T07:31:00.793] [DEBUG] debug-file - There is no need to refresh cache, since the incremental task entry:default@CacheNativeLibs is up-to-date.
[2026-07-30T07:31:00.793] [DEBUG] debug-file - There is no need to refresh cache, since the incremental task entry:default@GeneratePkgModuleJson is up-to-date.
[2026-07-30T07:31:00.793] [DEBUG] debug-file - Incremental task entry:default@ProcessCompiledResources post-execution cost:1 ms .
[2026-07-30T07:31:00.793] [DEBUG] debug-file - There is no need to refresh cache, since the incremental task entry:default@PackageHap is up-to-date.
[2026-07-30T07:31:00.793] [DEBUG] debug-file - Update task entry:default@SignHap input file:E:\0730\hongmeng1\entry\build\default\outputs\default\entry-default-unsigned.hap cache by regenerate.
[2026-07-30T07:31:00.793] [DEBUG] debug-file - Update task entry:default@SignHap output file:E:\0730\hongmeng1\entry\build\default\outputs\default\entry-default-signed.hap cache.
[2026-07-30T07:31:00.793] [DEBUG] debug-file - Incremental task entry:default@SignHap post-execution cost:1 ms .
[2026-07-30T07:31:00.793] [DEBUG] debug-file - Update task entry:default@CollectDebugSymbol input file:E:\0730\hongmeng1\entry\build\default\intermediates\loader_out\default\ets\sourceMaps.map cache by regenerate.
[2026-07-30T07:31:00.793] [DEBUG] debug-file - Update task entry:default@CollectDebugSymbol input file:E:\0730\hongmeng1\entry\build\default\intermediates\libs\default cache by regenerate.
[2026-07-30T07:31:00.794] [DEBUG] debug-file - Update task entry:default@CollectDebugSymbol output file:E:\0730\hongmeng1\entry\build\default\outputs\default\symbol cache.
[2026-07-30T07:31:00.794] [DEBUG] debug-file - Incremental task entry:default@CollectDebugSymbol post-execution cost:1 ms .
[2026-07-30T07:31:00.811] [DEBUG] debug-file - There's no busy workers and idle workers need cleanup.
[2026-07-30T07:31:00.811] [DEBUG] debug-file - hvigor build process will be closed.
[2026-07-30T07:31:00.817] [DEBUG] debug-file - session manager: send message to worker process.
[2026-07-30T07:31:00.817] [DEBUG] debug-file - session manager: send message to worker process.
[2026-07-30T07:31:00.817] [DEBUG] debug-file - watch worker: worker id should be larger than 0. Nothing will be sent to any worker thread.
[2026-07-30T07:31:00.817] [DEBUG] debug-file - watch worker: worker id should be larger than 0. Nothing will be sent to any worker thread.
[2026-07-30T08:03:21.155] [DEBUG] debug-file - session manager: set active socket. socketId=6tMNDAygQLpWGpuUAAAF
[2026-07-30T08:03:21.159] [DEBUG] debug-file - watch worker: worker id should be larger than 0. Nothing will be sent to any worker thread.
[2026-07-30T08:03:21.162] [DEBUG] debug-file - Workers' log level updated to INFO
[2026-07-30T08:03:21.164] [DEBUG] debug-file - Hvigor init with startParameters:{
  hvigorfileTypeCheck: false,
  parallelExecution: true,
  incrementalExecution: true,
  printStackTrace: false,
  daemon: true,
  analyze: 0,
  logLevel: Level { level: 20000, levelStr: 'INFO', colour: 'green' },
  optimizationStrategy: 'memory',
  hotCompile: undefined,
  hotReloadBuild: undefined,
  customizedParam: undefined
}
[2026-07-30T08:03:21.168] [DEBUG] debug-file - Cache service initialization finished in 4 ms 
[2026-07-30T08:03:21.168] [DEBUG] debug-file - hvigorfile, resolving E:\0730\hongmeng1\hvigorfile.ts
[2026-07-30T08:03:21.173] [DEBUG] debug-file - hvigorfile, require result:  { default: { plugins: [] } }
[2026-07-30T08:03:21.173] [DEBUG] debug-file - hvigorfile, binding system plugins null
[2026-07-30T08:03:21.173] [DEBUG] debug-file - Starting plugin build process
[2026-07-30T08:03:21.173] [DEBUG] debug-file - App plugin prepare start...
[2026-07-30T08:03:21.173] [DEBUG] debug-file - App plugin prepare end...
[2026-07-30T08:03:21.173] [DEBUG] debug-file - App plugin creating...
[2026-07-30T08:03:21.177] [DEBUG] debug-file - App plugin register hook start...
[2026-07-30T08:03:21.177] [DEBUG] debug-file - App plugin register hook end...
[2026-07-30T08:03:21.177] [DEBUG] debug-file - Plugin build process completed
[2026-07-30T08:03:21.177] [DEBUG] debug-file - Start initialize project's product build option map with build mode debug.
[2026-07-30T08:03:21.177] [DEBUG] debug-file - Picking option from product 'default' with build mode 'debug'.
[2026-07-30T08:03:21.178] [DEBUG] debug-file - Product 'default' build option initialized
[2026-07-30T08:03:21.178] [DEBUG] debug-file - End initialize project's product build option map with build mode 'debug'.
[2026-07-30T08:03:21.178] [DEBUG] debug-file - Obtain build option for product 'default'in this build.
[2026-07-30T08:03:21.180] [DEBUG] debug-file - No signingConfig found, initRemoteHspCache failed.
[2026-07-30T08:03:21.181] [DEBUG] debug-file - Start recording SDK configuration permission data.
[2026-07-30T08:03:21.202] [DEBUG] debug-file - Sdk init in 22 ms 
[2026-07-30T08:03:21.205] [DEBUG] debug-file - Project task initialization takes 3 ms 
[2026-07-30T08:03:21.205] [DEBUG] debug-file - hvigorfile, begin to bind custom plugins...
[2026-07-30T08:03:21.205] [DEBUG] debug-file - hvigorfile, no custom plugins were found in E:\0730\hongmeng1\hvigorfile.ts
[2026-07-30T08:03:21.205] [DEBUG] debug-file - hvigorfile, resolve finished E:\0730\hongmeng1\hvigorfile.ts
[2026-07-30T08:03:21.206] [DEBUG] debug-file - hvigorfile, resolving E:\0730\hongmeng1\entry\hvigorfile.ts
[2026-07-30T08:03:21.210] [DEBUG] debug-file - hvigorfile, require result:  { default: { plugins: [] } }
[2026-07-30T08:03:21.210] [DEBUG] debug-file - hvigorfile, binding system plugins null
[2026-07-30T08:03:21.210] [DEBUG] debug-file - Starting plugin build process
[2026-07-30T08:03:21.210] [DEBUG] debug-file - Hap plugin creating...
[2026-07-30T08:03:21.211] [DEBUG] debug-file - failed to load cangjie to dynamically generate schemas: Error: Cannot find module '@ohos/cangjie-build-support/index'
Require stack:
- D:\Program Files\DevEco Studio\tools\hvigor\hvigor-ohos-plugin\src\plugin\hooks\cangjie-register.js
- D:\Program Files\DevEco Studio\tools\hvigor\hvigor-ohos-plugin\src\plugin\strategy\stage-init-strategy.js
- D:\Program Files\DevEco Studio\tools\hvigor\hvigor-ohos-plugin\src\plugin\builder\abstract-plugin-builder.js
- D:\Program Files\DevEco Studio\tools\hvigor\hvigor-ohos-plugin\src\plugin\builder\app-plugin-builder.js
- D:\Program Files\DevEco Studio\tools\hvigor\hvigor-ohos-plugin\src\plugin\factory\plugin-factory.js
- D:\Program Files\DevEco Studio\tools\hvigor\hvigor-ohos-plugin\index.js
- E:\0730\hongmeng1\hvigorfile.ts
- D:\Program Files\DevEco Studio\tools\hvigor\hvigor\src\base\internal\lifecycle\configuration.js
- D:\Program Files\DevEco Studio\tools\hvigor\hvigor\src\base\boot\index.js
- D:\Program Files\DevEco Studio\tools\hvigor\hvigor\src\base\daemon\cluster\worker-process-lifecycle.js
- D:\Program Files\DevEco Studio\tools\hvigor\hvigor\src\base\daemon\process\daemon-process-boot-script.js
[2026-07-30T08:03:21.213] [DEBUG] debug-file - Start initialize module-target build option map, moduleName=entry, buildMode=debug
[2026-07-30T08:03:21.213] [DEBUG] debug-file - Target 'default' config initialized
[2026-07-30T08:03:21.213] [DEBUG] debug-file - Target 'ohosTest' config initialized
[2026-07-30T08:03:21.214] [DEBUG] debug-file - Module 'entry' target 'default' build option initialized
[2026-07-30T08:03:21.214] [DEBUG] debug-file - Module 'entry' target 'ohosTest' build option initialized
[2026-07-30T08:03:21.214] [DEBUG] debug-file - End initialize module-target build option map, moduleName=entry
[2026-07-30T08:03:21.214] [DEBUG] debug-file - Start initialize module-target build option map, moduleName=entry, buildMode=release
[2026-07-30T08:03:21.214] [DEBUG] debug-file - Target 'default' config initialized
[2026-07-30T08:03:21.215] [DEBUG] debug-file - Target 'ohosTest' config initialized
[2026-07-30T08:03:21.215] [DEBUG] debug-file - Module 'entry' target 'default' build option initialized
[2026-07-30T08:03:21.215] [DEBUG] debug-file - Module 'entry' target 'ohosTest' build option initialized
[2026-07-30T08:03:21.215] [DEBUG] debug-file - End initialize module-target build option map, moduleName=entry
[2026-07-30T08:03:21.215] [DEBUG] debug-file - Start initialize module-target build option map, moduleName=entry, buildMode=debug
[2026-07-30T08:03:21.215] [DEBUG] debug-file - Target 'default' config initialized
[2026-07-30T08:03:21.215] [DEBUG] debug-file - Target 'ohosTest' config initialized
[2026-07-30T08:03:21.215] [DEBUG] debug-file - Module 'entry' target 'default' build option initialized
[2026-07-30T08:03:21.215] [DEBUG] debug-file - Module 'entry' target 'ohosTest' build option initialized
[2026-07-30T08:03:21.215] [DEBUG] debug-file - End initialize module-target build option map, moduleName=entry
[2026-07-30T08:03:21.216] [DEBUG] debug-file - Obtain build option for module 'entry' target 'default'in this build.
[2026-07-30T08:03:21.217] [DEBUG] debug-file - Module entry task initialization takes 1 ms 
[2026-07-30T08:03:21.217] [DEBUG] debug-file - Hap plugin register hook start...
[2026-07-30T08:03:21.217] [DEBUG] debug-file - Hap plugin register hook end...
[2026-07-30T08:03:21.217] [DEBUG] debug-file - Plugin build process completed
[2026-07-30T08:03:21.217] [DEBUG] debug-file - hvigorfile, begin to bind custom plugins...
[2026-07-30T08:03:21.217] [DEBUG] debug-file - hvigorfile, no custom plugins were found in E:\0730\hongmeng1\entry\hvigorfile.ts
[2026-07-30T08:03:21.217] [DEBUG] debug-file - hvigorfile, resolve finished E:\0730\hongmeng1\entry\hvigorfile.ts
[2026-07-30T08:03:21.233] [DEBUG] debug-file - hvigorfile, resolve hvigorfile dependencies in 15 ms 
[2026-07-30T08:03:21.233] [DEBUG] debug-file - project has submodules:entry
[2026-07-30T08:03:21.233] [DEBUG] debug-file - start to load updatedOhPackageInfo to the disk
[2026-07-30T08:03:21.234] [DEBUG] debug-file - load to the disk finished
[2026-07-30T08:03:21.234] [DEBUG] debug-file - Start to initialize dependency information.
[2026-07-30T08:03:21.237] [DEBUG] debug-file - Module hongmeng1 Collected Dependency: 
[2026-07-30T08:03:21.237] [DEBUG] debug-file - Module hongmeng1's total dependency: 0
[2026-07-30T08:03:21.238] [DEBUG] debug-file - Start to initialize dependency information.
[2026-07-30T08:03:21.238] [DEBUG] debug-file - Module entry Collected Dependency: 
[2026-07-30T08:03:21.239] [DEBUG] debug-file - Module entry's total dependency: 0
[2026-07-30T08:03:21.239] [DEBUG] debug-file - Configuration phase cost:72 ms 
[2026-07-30T08:03:21.240] [DEBUG] debug-file - Configuration task cost before running: 79 ms 
[2026-07-30T08:03:21.242] [DEBUG] debug-file - Executing task :entry:default@PreBuild
[2026-07-30T08:03:21.244] [DEBUG] debug-file - Task 'entry:default@PreBuild' cost while wrapping incremental declarations: 1 ms 
[2026-07-30T08:03:21.246] [DEBUG] debug-file - Incremental task entry:default@PreBuild pre-execution cost: 2 ms .
[2026-07-30T08:03:21.246] [DEBUG] debug-file - entry : default@PreBuild cost memory 0.5742645263671875
[2026-07-30T08:03:21.247] [INFO] debug-file - UP-TO-DATE :entry:default@PreBuild...  
[2026-07-30T08:03:21.247] [DEBUG] debug-file - Executing task :entry:default@CreateModuleInfo
[2026-07-30T08:03:21.248] [DEBUG] debug-file - Task 'entry:default@CreateModuleInfo' cost while wrapping incremental declarations: 1 ms 
[2026-07-30T08:03:21.248] [DEBUG] debug-file - entry : default@CreateModuleInfo cost memory 0.04169464111328125
[2026-07-30T08:03:21.248] [DEBUG] debug-file - runTaskFromQueue task cost before running: 86 ms 
[2026-07-30T08:03:21.248] [INFO] debug-file - Finished :entry:default@CreateModuleInfo... after 1 ms 
[2026-07-30T08:03:21.248] [DEBUG] debug-file - Executing task :entry:default@GenerateMetadata
[2026-07-30T08:03:21.249] [DEBUG] debug-file - Task 'entry:default@GenerateMetadata' cost while wrapping incremental declarations: 1 ms 
[2026-07-30T08:03:21.249] [DEBUG] debug-file - Incremental task entry:default@GenerateMetadata pre-execution cost: 1 ms .
[2026-07-30T08:03:21.249] [DEBUG] debug-file - entry : default@GenerateMetadata cost memory 0.08406829833984375
[2026-07-30T08:03:21.249] [INFO] debug-file - UP-TO-DATE :entry:default@GenerateMetadata...  
[2026-07-30T08:03:21.249] [DEBUG] debug-file - Executing task :entry:default@ConfigureCmake
[2026-07-30T08:03:21.250] [DEBUG] debug-file - entry : default@ConfigureCmake cost memory 0.0151519775390625
[2026-07-30T08:03:21.250] [DEBUG] debug-file - runTaskFromQueue task cost before running: 88 ms 
[2026-07-30T08:03:21.250] [INFO] debug-file - Finished :entry:default@ConfigureCmake... after 1 ms 
[2026-07-30T08:03:21.251] [DEBUG] debug-file - Executing task :entry:default@MergeProfile
[2026-07-30T08:03:21.251] [DEBUG] debug-file - Task 'entry:default@MergeProfile' cost while wrapping incremental declarations: 1 ms 
[2026-07-30T08:03:21.252] [DEBUG] debug-file - Incremental task entry:default@MergeProfile pre-execution cost: 1 ms .
[2026-07-30T08:03:21.252] [DEBUG] debug-file - entry : default@MergeProfile cost memory 0.1259002685546875
[2026-07-30T08:03:21.253] [INFO] debug-file - UP-TO-DATE :entry:default@MergeProfile...  
[2026-07-30T08:03:21.254] [DEBUG] debug-file - Executing task :entry:default@CreateBuildProfile
[2026-07-30T08:03:21.254] [DEBUG] debug-file - Task 'entry:default@CreateBuildProfile' cost while wrapping incremental declarations: 1 ms 
[2026-07-30T08:03:21.255] [DEBUG] debug-file - Incremental task entry:default@CreateBuildProfile pre-execution cost: 1 ms .
[2026-07-30T08:03:21.255] [DEBUG] debug-file - entry : default@CreateBuildProfile cost memory 0.1045379638671875
[2026-07-30T08:03:21.255] [INFO] debug-file - UP-TO-DATE :entry:default@CreateBuildProfile...  
[2026-07-30T08:03:21.255] [DEBUG] debug-file - Executing task :entry:default@PreCheckSyscap
[2026-07-30T08:03:21.255] [DEBUG] debug-file - entry : default@PreCheckSyscap cost memory 0.01473236083984375
[2026-07-30T08:03:21.256] [DEBUG] debug-file - runTaskFromQueue task cost before running: 94 ms 
[2026-07-30T08:03:21.256] [INFO] debug-file - Finished :entry:default@PreCheckSyscap... after 1 ms 
[2026-07-30T08:03:21.256] [DEBUG] debug-file - Executing task :entry:default@GeneratePkgContextInfo
[2026-07-30T08:03:21.258] [DEBUG] debug-file - Task 'entry:default@GeneratePkgContextInfo' cost while wrapping incremental declarations: 1 ms 
[2026-07-30T08:03:21.258] [DEBUG] debug-file - Incremental task entry:default@GeneratePkgContextInfo pre-execution cost: 1 ms .
[2026-07-30T08:03:21.258] [DEBUG] debug-file - entry : default@GeneratePkgContextInfo cost memory 0.195770263671875
[2026-07-30T08:03:21.258] [INFO] debug-file - UP-TO-DATE :entry:default@GeneratePkgContextInfo...  
[2026-07-30T08:03:21.259] [DEBUG] debug-file - Executing task :entry:default@GeneratePkgSdkInfo
[2026-07-30T08:03:21.260] [DEBUG] debug-file - Task 'entry:default@GeneratePkgSdkInfo' cost while wrapping incremental declarations: 1 ms 
[2026-07-30T08:03:21.260] [DEBUG] debug-file - entry : default@GeneratePkgSdkInfo cost memory 0.11943817138671875
[2026-07-30T08:03:21.260] [DEBUG] debug-file - runTaskFromQueue task cost before running: 98 ms 
[2026-07-30T08:03:21.260] [INFO] debug-file - Finished :entry:default@GeneratePkgSdkInfo... after 2 ms 
[2026-07-30T08:03:21.261] [DEBUG] debug-file - Executing task :entry:default@ProcessIntegratedHsp
[2026-07-30T08:03:21.261] [DEBUG] debug-file - entry:default@ProcessIntegratedHsp is not up-to-date, since the output file 'E:\0730\hongmeng1\build\cache\default\integrated_hsp\integratedHspCache.json' does not exist.
[2026-07-30T08:03:21.261] [DEBUG] debug-file - Incremental task entry:default@ProcessIntegratedHsp pre-execution cost: 1 ms .
[2026-07-30T08:03:21.261] [DEBUG] debug-file - entry : default@ProcessIntegratedHsp cost memory 0.0548553466796875
[2026-07-30T08:03:21.261] [DEBUG] debug-file - runTaskFromQueue task cost before running: 100 ms 
[2026-07-30T08:03:21.261] [INFO] debug-file - Finished :entry:default@ProcessIntegratedHsp... after 1 ms 
[2026-07-30T08:03:21.262] [DEBUG] debug-file - Executing task :entry:default@BuildNativeWithCmake
[2026-07-30T08:03:21.262] [DEBUG] debug-file - entry : default@BuildNativeWithCmake cost memory 0.0144805908203125
[2026-07-30T08:03:21.262] [DEBUG] debug-file - runTaskFromQueue task cost before running: 101 ms 
[2026-07-30T08:03:21.262] [INFO] debug-file - Finished :entry:default@BuildNativeWithCmake... after 1 ms 
[2026-07-30T08:03:21.263] [DEBUG] debug-file - Executing task :entry:default@MakePackInfo
[2026-07-30T08:03:21.264] [DEBUG] debug-file - Incremental task entry:default@MakePackInfo pre-execution cost: 1 ms .
[2026-07-30T08:03:21.264] [DEBUG] debug-file - entry : default@MakePackInfo cost memory 0.1282806396484375
[2026-07-30T08:03:21.264] [INFO] debug-file - UP-TO-DATE :entry:default@MakePackInfo...  
[2026-07-30T08:03:21.265] [DEBUG] debug-file - Executing task :entry:default@SyscapTransform
[2026-07-30T08:03:21.265] [DEBUG] debug-file - File: 'E:\0730\hongmeng1\entry\src\main\syscap.json' from 'sysCapJsonPath' is not exists, just ignore.
[2026-07-30T08:03:21.265] [DEBUG] debug-file - Task 'entry:default@SyscapTransform' cost while wrapping incremental declarations: 1 ms 
[2026-07-30T08:03:21.266] [DEBUG] debug-file - entry:default@SyscapTransform is not up-to-date, since the output file 'E:\0730\hongmeng1\entry\build\default\intermediates\syscap\default\rpcid.sc' does not exist.
[2026-07-30T08:03:21.266] [DEBUG] debug-file - Incremental task entry:default@SyscapTransform pre-execution cost: 1 ms .
[2026-07-30T08:03:21.266] [DEBUG] debug-file - entry : default@SyscapTransform cost memory 0.38962554931640625
[2026-07-30T08:03:21.266] [DEBUG] debug-file - runTaskFromQueue task cost before running: 105 ms 
[2026-07-30T08:03:21.266] [INFO] debug-file - Finished :entry:default@SyscapTransform... after 2 ms 
[2026-07-30T08:03:21.267] [DEBUG] debug-file - Executing task :entry:default@ProcessProfile
[2026-07-30T08:03:21.268] [DEBUG] debug-file - Task 'entry:default@ProcessProfile' cost while wrapping incremental declarations: 1 ms 
[2026-07-30T08:03:21.268] [DEBUG] debug-file - Incremental task entry:default@ProcessProfile pre-execution cost: 1 ms .
[2026-07-30T08:03:21.268] [DEBUG] debug-file - entry : default@ProcessProfile cost memory 0.13275146484375
[2026-07-30T08:03:21.269] [INFO] debug-file - UP-TO-DATE :entry:default@ProcessProfile...  
[2026-07-30T08:03:21.269] [DEBUG] debug-file - Executing task :entry:default@ProcessRouterMap
[2026-07-30T08:03:21.270] [DEBUG] debug-file - Incremental task entry:default@ProcessRouterMap pre-execution cost: 1 ms .
[2026-07-30T08:03:21.270] [DEBUG] debug-file - entry : default@ProcessRouterMap cost memory 0.15454864501953125
[2026-07-30T08:03:21.270] [INFO] debug-file - UP-TO-DATE :entry:default@ProcessRouterMap...  
[2026-07-30T08:03:21.271] [DEBUG] debug-file - Executing task :entry:default@ProcessShareConfig
[2026-07-30T08:03:21.272] [DEBUG] debug-file - Incremental task entry:default@ProcessShareConfig pre-execution cost: 1 ms .
[2026-07-30T08:03:21.272] [DEBUG] debug-file - entry : default@ProcessShareConfig cost memory 0.1305694580078125
[2026-07-30T08:03:21.272] [INFO] debug-file - UP-TO-DATE :entry:default@ProcessShareConfig...  
[2026-07-30T08:03:21.273] [DEBUG] debug-file - Executing task :entry:default@ProcessStartupConfig
[2026-07-30T08:03:21.273] [DEBUG] debug-file - Task 'entry:default@ProcessStartupConfig' cost while wrapping incremental declarations: 1 ms 
[2026-07-30T08:03:21.273] [DEBUG] debug-file - entry:default@ProcessStartupConfig is not up-to-date, since the output file 'E:\0730\hongmeng1\entry\build\default\intermediates\startup\default\startup_config.json' does not exist.
[2026-07-30T08:03:21.273] [DEBUG] debug-file - Incremental task entry:default@ProcessStartupConfig pre-execution cost: 1 ms .
[2026-07-30T08:03:21.273] [DEBUG] debug-file - entry : default@ProcessStartupConfig cost memory 0.12975311279296875
[2026-07-30T08:03:21.273] [DEBUG] debug-file - runTaskFromQueue task cost before running: 112 ms 
[2026-07-30T08:03:21.274] [INFO] debug-file - Finished :entry:default@ProcessStartupConfig... after 1 ms 
[2026-07-30T08:03:21.274] [DEBUG] debug-file - Executing task :entry:default@BuildNativeWithNinja
[2026-07-30T08:03:21.274] [DEBUG] debug-file - entry : default@BuildNativeWithNinja cost memory 0.0200042724609375
[2026-07-30T08:03:21.274] [DEBUG] debug-file - runTaskFromQueue task cost before running: 113 ms 
[2026-07-30T08:03:21.275] [INFO] debug-file - Finished :entry:default@BuildNativeWithNinja... after 1 ms 
[2026-07-30T08:03:21.275] [DEBUG] debug-file - restool module names: entry; moduleName=entry, taskName=default@ProcessResource
[2026-07-30T08:03:21.276] [DEBUG] debug-file - Executing task :entry:default@ProcessResource
[2026-07-30T08:03:21.276] [DEBUG] debug-file - Task 'entry:default@ProcessResource' cost while wrapping incremental declarations: 1 ms 
[2026-07-30T08:03:21.276] [DEBUG] debug-file - Incremental task entry:default@ProcessResource pre-execution cost: 1 ms .
[2026-07-30T08:03:21.277] [DEBUG] debug-file - entry : default@ProcessResource cost memory 0.1312255859375
[2026-07-30T08:03:21.277] [INFO] debug-file - UP-TO-DATE :entry:default@ProcessResource...  
[2026-07-30T08:03:21.278] [DEBUG] debug-file - Executing task :entry:default@GenerateLoaderJson
[2026-07-30T08:03:21.278] [DEBUG] debug-file - Task 'entry:default@GenerateLoaderJson' cost while wrapping incremental declarations: 1 ms 
[2026-07-30T08:03:21.282] [DEBUG] debug-file - Incremental task entry:default@GenerateLoaderJson pre-execution cost: 3 ms .
[2026-07-30T08:03:21.282] [DEBUG] debug-file - entry : default@GenerateLoaderJson cost memory -1.161895751953125
[2026-07-30T08:03:21.283] [INFO] debug-file - UP-TO-DATE :entry:default@GenerateLoaderJson...  
[2026-07-30T08:03:21.284] [DEBUG] debug-file - Executing task :entry:default@ProcessLibs
[2026-07-30T08:03:21.284] [DEBUG] debug-file - Incremental task entry:default@ProcessLibs pre-execution cost: 1 ms .
[2026-07-30T08:03:21.284] [DEBUG] debug-file - entry : default@ProcessLibs cost memory 0.09665679931640625
[2026-07-30T08:03:21.285] [INFO] debug-file - UP-TO-DATE :entry:default@ProcessLibs...  
[2026-07-30T08:03:21.285] [DEBUG] debug-file - restool module names: entry; moduleName=entry, taskName=default@CompileResource
[2026-07-30T08:03:21.285] [DEBUG] debug-file - Executing task :entry:default@CompileResource
[2026-07-30T08:03:21.290] [DEBUG] debug-file - Incremental task entry:default@CompileResource pre-execution cost: 4 ms .
[2026-07-30T08:03:21.290] [DEBUG] debug-file - entry : default@CompileResource cost memory 0.7063827514648438
[2026-07-30T08:03:21.290] [INFO] debug-file - UP-TO-DATE :entry:default@CompileResource...  
[2026-07-30T08:03:21.291] [DEBUG] debug-file - Executing task :entry:default@DoNativeStrip
[2026-07-30T08:03:21.291] [DEBUG] debug-file - File: 'E:\0730\hongmeng1\entry\build\default\intermediates\binxo\default' from 'doBinxoNativeLibs' is not exists, just ignore.
[2026-07-30T08:03:21.291] [DEBUG] debug-file - Task 'entry:default@DoNativeStrip' cost while wrapping incremental declarations: 1 ms 
[2026-07-30T08:03:21.291] [DEBUG] debug-file - Incremental task entry:default@DoNativeStrip pre-execution cost: 1 ms .
[2026-07-30T08:03:21.291] [DEBUG] debug-file - entry : default@DoNativeStrip cost memory 0.0936279296875
[2026-07-30T08:03:21.291] [INFO] debug-file - UP-TO-DATE :entry:default@DoNativeStrip...  
[2026-07-30T08:03:21.292] [DEBUG] debug-file - Executing task :entry:default@CompileArkTS
[2026-07-30T08:03:21.292] [DEBUG] debug-file - obfuscationOptions: undefined
[2026-07-30T08:03:21.293] [DEBUG] debug-file - Task 'entry:default@CompileArkTS' cost while wrapping incremental declarations: 1 ms 
[2026-07-30T08:03:21.296] [DEBUG] debug-file - entry:default@CompileArkTS is not up-to-date, since the input file 'E:\0730\hongmeng1\entry\src\main\ets' has been changed.
[2026-07-30T08:03:21.296] [DEBUG] debug-file - Incremental task entry:default@CompileArkTS pre-execution cost: 3 ms .
[2026-07-30T08:03:21.305] [DEBUG] debug-file - build config:
[2026-07-30T08:03:21.305] [DEBUG] debug-file - {
  moduleType: 'entry',
  perf: 0,
  targetName: '.default',
  packageManagerType: 'ohpm',
  localPropertiesPath: 'E:\\0730\\hongmeng1\\local.properties',
  isPreview: false,
  isOhosTest: false,
  isLocalTest: false,
  buildMode: 'Debug',
  hotReloadBuild: undefined,
  watchMode: 'false',
  aceProfilePath: 'E:\\0730\\hongmeng1\\entry\\build\\default\\intermediates\\res\\default\\resources\\base\\profile',
  etsLoaderPath: 'D:\\Program Files\\DevEco Studio\\sdk\\default\\openharmony\\ets\\build-tools\\ets-loader',
  modulePath: 'E:\\0730\\hongmeng1\\entry',
  testFrameworkPar: {
    testMode: undefined,
    coveragePathFilter: undefined,
    coverageMode: undefined
  },
  needCoverageInsert: false,
  debugLine: false,
  projectTopDir: 'E:\\0730\\hongmeng1',
  compileSdkVersion: 24,
  compatibleSdkVersion: 24,
  originCompatibleSdkVersion: '6.1.1(24)',
  compatibleSdkVersionStage: undefined,
  bundleName: 'c***u',
  etsLoaderVersion: '6.1.1.125',
  etsLoaderReleaseType: 'Release',
  aotCompileMode: 'type',
  apPath: 'E:\\0730\\hongmeng1\\entry\\modules.ap',
  entryModuleName: 'entry',
  entryModuleVersion: '1.0.0',
  entryPackageName: 'entry',
  allModuleNameHash: '0b3ae234c739ce534a5d110fbc6132a54e338810eb756783129ed33f057aa2f2',
  externalApiPaths: [ 'D:\\Program Files\\DevEco Studio\\sdk\\default\\hms\\ets' ],
  compilerTypes: [],
  isCrossplatform: false,
  hvigorPluginFile: undefined,
  compilePluginPath: undefined,
  buildGeneratedProfilePath: 'E:\\0730\\hongmeng1\\entry\\build\\default\\generated\\profile\\default',
  bundleType: 'app',
  arkTSVersion: undefined,
  apiVersion: 24,
  needCompleteSourcesMap: false,
  isFaMode: false,
  buildDir: 'E:\\0730\\hongmeng1\\entry\\build',
  deviceTypes: [ 'phone' ],
  pkgContextInfo: {
    '@ohos/hypium': {
      packageName: '@ohos/hypium',
      bundleName: '*****',
      moduleName: '',
      version: '1.0.25',
      entryPath: 'index.js',
      isSO: false,
      dependencyAlias: ''
    },
    '@ohos/hamock': {
      packageName: '@ohos/hamock',
      bundleName: '*****',
      moduleName: '',
      version: '1.0.0',
      entryPath: 'index.ets',
      isSO: false,
      dependencyAlias: ''
    },
    entry: {
      packageName: 'entry',
      bundleName: '*****',
      moduleName: '',
      version: '',
      entryPath: 'src/main/',
      isSO: false,
      dependencyAlias: ''
    }
  },
  ohPackagePathMap: {},
  dependencyAliasMap: {},
  permission: { requestPermissions: [ [Object] ], definePermissions: undefined },
  useGetCurrentBundleName: false,
  projectArkOption: undefined,
  sourceMapDir: undefined,
  branchElimination: false,
  transformLib: undefined,
  tsImportSendable: false,
  resolveConflictMode: true,
  depName2RootPath: {},
  depName2DepInfo: {},
  depName2OhExports: {},
  rootPathSet: [ 'E:\\0730\\hongmeng1' ],
  useNativeResolver: true,
  shouldEmitJs: true,
  useTscResolve: false,
  singleFileEmit: false,
  userProjectConfig: {
    autoLazyImport: false,
    allowEmptyBundleName: false,
    reExportCheckMode: 'noCheck',
    executionMode: 'memory',
    usePathPlaceholder: false,
    writeRollupCache: true,
    isExpandImportEnabled: false,
    expandImportExclude: '',
    lazyImportExclude: '',
    lazyImportInclude: '',
    ignoreCrossplatformCheck: false,
    isHarDeduplicateEnabled: false,
    skipOhModulesLint: false,
    enableStrictCheckOHModule: false,
    disableSendableCheckRules: [],
    useDeclarationFileSignature: false,
    customizedOptions: undefined,
    integratedHsp: false,
    isPreloadSoEnabled: false
  },
  executionMode: 'memory',
  arkCompileCachePath: 'E:\\0730\\hongmeng1\\entry\\build\\default\\cache\\default\\default@CompileArkTS\\esmodule',
  autoLazyFilter: undefined,
  isHarDeduplicateEnabled: false,
  intermediateHarDuplicateDirPath: 'E:\\0730\\hongmeng1\\entry\\build\\default\\intermediates\\har_duplicate\\default',
  autoLazyImport: false,
  allowEmptyBundleName: false,
  reExportCheckMode: 'noCheck',
  usePathPlaceholder: false,
  writeRollupCache: true,
  isExpandImportEnabled: false,
  expandImportExclude: '',
  lazyImportExclude: '',
  lazyImportInclude: '',
  ignoreCrossplatformCheck: false,
  skipOhModulesLint: false,
  enableStrictCheckOHModule: false,
  disableSendableCheckRules: [],
  useDeclarationFileSignature: false,
  customizedOptions: undefined,
  integratedHsp: false,
  isPreloadSoEnabled: false,
  strictMode: {
    caseSensitiveCheck: true,
    useNormalizedOHMUrl: true,
    noExternalImportByPath: true
  },
  useNormalizedOHMUrl: true,
  caseSensitiveCheck: true,
  strictCheckerOnly: false,
  aceModuleJsonPath: 'E:\\0730\\hongmeng1\\entry\\build\\default\\intermediates\\res\\default\\ark_module.json',
  appResource: 'E:\\0730\\hongmeng1\\entry\\build\\default\\intermediates\\res\\default\\ResourceTable.txt',
  rawFileResource: 'E:\\0730\\hongmeng1\\entry\\build\\default\\intermediates\\res\\default\\resources\\rawfile',
  resourceTableHash: 'd81a83941c07883d4327563ba2cfe0ac7f68042912820a1577b99d29cbd144cc',
  runtimeOS: 'HarmonyOS',
  sdkInfo: 'false:24:6.1.1.125:Release',
  aceModuleRoot: 'E:\\0730\\hongmeng1\\entry\\src\\main\\ets',
  compileMode: 'esmodule',
  aceSuperVisualPath: 'E:\\0730\\hongmeng1\\entry\\src\\main\\supervisual',
  aceBuildJson: 'E:\\0730\\hongmeng1\\entry\\build\\default\\intermediates\\loader\\default\\loader.json',
  cachePath: 'E:\\0730\\hongmeng1\\entry\\build\\default\\cache\\default\\default@CompileArkTS\\esmodule\\debug',
  aceModuleBuild: 'E:\\0730\\hongmeng1\\entry\\build\\default\\intermediates\\loader_out\\default\\ets',
  supportChunks: true,
  declaredFilesPath: undefined,
  shouldCollectDirectImportees: false,
  isByteCodeHarOptimize: false,
  expandImportPath: undefined,
  resourceTableTs: 'E:\\0730\\hongmeng1\\entry\\build\\default\\generated\\r\\default\\ResourceTable.ts',
  moduleMetaInfoFiles: [
    {
      filePath: 'E:\\0730\\hongmeng1\\entry\\build\\default\\generated\\r\\default\\ResourceTable.ts',
      ohmurl: '&entry/build/generated/r/ResourceTable&'
    }
  ],
  pkgNameToPkgBriefInfo: {
    entry: {
      pkgRoot: 'E:\\0730\\hongmeng1\\entry',
      originalSourceRoots: undefined,
      sourceRoots: [Array],
      pkgName: 'entry'
    }
  },
  projectModel: {
    'E:\\0730\\hongmeng1\\entry\\src\\main': {
      moduleName: 'entry',
      modulePkgPath: 'E:\\0730\\hongmeng1\\entry',
      belongProjectPath: 'E:\\0730\\hongmeng1'
    },
    'E:\\0730\\hongmeng1\\entry\\.test\\default\\intermediates\\src\\ohosTest\\ets': {
      moduleName: 'entry_test',
      modulePkgPath: 'E:\\0730\\hongmeng1\\entry',
      belongProjectPath: 'E:\\0730\\hongmeng1'
    },
    'E:\\0730\\hongmeng1\\entry\\src\\ohosTest': {
      moduleName: 'entry_test',
      modulePkgPath: 'E:\\0730\\hongmeng1\\entry',
      belongProjectPath: 'E:\\0730\\hongmeng1'
    },
    'E:\\0730\\hongmeng1\\entry': {
      moduleName: 'entry',
      modulePkgPath: 'E:\\0730\\hongmeng1\\entry',
      belongProjectPath: 'E:\\0730\\hongmeng1'
    },
    'E:\\0730\\hongmeng1': {
      moduleName: 'hongmeng1',
      modulePkgPath: 'E:\\0730\\hongmeng1',
      belongProjectPath: 'E:\\0730\\hongmeng1'
    }
  },
  pkgJsonFileHash: '5fe8383df5fd82f84de69074092b8e2a0e11bd016c3f1f79ff0c32866c0ed8f5',
  allModulePaths: [ 'E:\\0730\\hongmeng1\\entry' ],
  routerMap: {},
  obfuscationOptions: undefined,
  byteCodeHarToDependencyKeys: undefined,
  compileBlockPkg: [],
  mockParams: {
    decorator: '@MockSetup',
    packageName: '@ohos/hamock',
    etsSourceRootPath: 'src/main/ets',
    mockConfigPath: 'E:\\0730\\hongmeng1\\entry\\src\\mock\\mock-config.json5',
    mockConfigKey2ModuleInfo: {},
    source2ModuleIdMap: {}
  },
  copyCodeResourceEnable: false,
  copyCodeResourceExcludes: [],
  copyCodeResourceIncludes: undefined,
  uiTransformOptimization: false,
  sdkPath: 'D:/Program Files/DevEco Studio/sdk',
  needPreloadSoFileSet: {},
  preloadSoFilePath: 'E:\\0730\\hongmeng1\\entry\\build\\default\\intermediates\\preload\\default\\preload.json',
  useSourceHash: false,
  localModuleParamMap: {},
  otherPaths: {
    'entry/*': [
      '..\\*',
      '..\\..\\..\\build\\default\\generated\\profile\\default\\*'
    ]
  },
  collectImportersConfig: undefined
}
[2026-07-30T08:03:21.306] [DEBUG] debug-file - Compile arkts with external api path: D:\Program Files\DevEco Studio\sdk\default\hms\ets
[2026-07-30T08:03:21.307] [DEBUG] debug-file - default@CompileArkTS work[0] is submitted.
[2026-07-30T08:03:21.307] [DEBUG] debug-file - default@CompileArkTS work[0] is pushed to ready queue.
[2026-07-30T08:03:21.307] [DEBUG] debug-file - A work dispatched to worker[15] failed because unable to get work from ready queue.
[2026-07-30T08:03:21.307] [DEBUG] debug-file - A work dispatched to worker[14] failed because unable to get work from ready queue.
[2026-07-30T08:03:21.307] [DEBUG] debug-file - A work dispatched to worker[13] failed because unable to get work from ready queue.
[2026-07-30T08:03:21.307] [DEBUG] debug-file - A work dispatched to worker[12] failed because unable to get work from ready queue.
[2026-07-30T08:03:21.307] [DEBUG] debug-file - A work dispatched to worker[11] failed because unable to get work from ready queue.
[2026-07-30T08:03:21.307] [DEBUG] debug-file - A work dispatched to worker[10] failed because unable to get work from ready queue.
[2026-07-30T08:03:21.307] [DEBUG] debug-file - A work dispatched to worker[9] failed because unable to get work from ready queue.
[2026-07-30T08:03:21.307] [DEBUG] debug-file - A work dispatched to worker[8] failed because unable to get work from ready queue.
[2026-07-30T08:03:21.307] [DEBUG] debug-file - A work dispatched to worker[7] failed because unable to get work from ready queue.
[2026-07-30T08:03:21.307] [DEBUG] debug-file - A work dispatched to worker[6] failed because unable to get work from ready queue.
[2026-07-30T08:03:21.307] [DEBUG] debug-file - A work dispatched to worker[5] failed because unable to get work from ready queue.
[2026-07-30T08:03:21.308] [DEBUG] debug-file - Create  resident worker with id: 4.
[2026-07-30T08:03:21.309] [DEBUG] debug-file - default@CompileArkTS work[0] has been dispatched to worker[4].
[2026-07-30T08:03:21.310] [DEBUG] debug-file - default@CompileArkTS work[0] is dispatched.
[2026-07-30T08:03:21.310] [DEBUG] debug-file - entry : default@CompileArkTS cost memory -0.16182708740234375
[2026-07-30T08:03:21.311] [DEBUG] debug-file - Executing task :entry:default@BuildJS
[2026-07-30T08:03:21.311] [DEBUG] debug-file - Task 'entry:default@BuildJS' cost while wrapping incremental declarations: 1 ms 
[2026-07-30T08:03:21.312] [DEBUG] debug-file - entry : default@BuildJS cost memory 0.15093231201171875
[2026-07-30T08:03:21.312] [DEBUG] debug-file - runTaskFromQueue task cost before running: 151 ms 
[2026-07-30T08:03:21.312] [INFO] debug-file - Finished :entry:default@BuildJS... after 2 ms 
[2026-07-30T08:03:21.313] [DEBUG] debug-file - Executing task :entry:default@CacheNativeLibs
[2026-07-30T08:03:21.313] [DEBUG] debug-file - File: 'E:\0730\hongmeng1\entry\build\default\intermediates\binxo\default' from 'cacheBinxoNativeLibs' is not exists, just ignore.
[2026-07-30T08:03:21.314] [DEBUG] debug-file - Task 'entry:default@CacheNativeLibs' cost while wrapping incremental declarations: 1 ms 
[2026-07-30T08:03:21.314] [DEBUG] debug-file - Incremental task entry:default@CacheNativeLibs pre-execution cost: 1 ms .
[2026-07-30T08:03:21.314] [DEBUG] debug-file - entry : default@CacheNativeLibs cost memory 0.1204833984375
[2026-07-30T08:03:21.314] [INFO] debug-file - UP-TO-DATE :entry:default@CacheNativeLibs...  
[2026-07-30T08:03:27.520] [WARN] debug-file - [33mWARN: [33m[33mArkTS:WARN File: E:/0730/hongmeng1/entry/src/main/ets/pages/Index.ets:496:17
 'show' has been deprecated.
[39m[39m
[33mWARN: [33m[33mArkTS:WARN File: E:/0730/hongmeng1/entry/src/main/ets/pages/Index.ets:504:17
 'show' has been deprecated.
[39m[39m

[2026-07-30T08:03:27.521] [DEBUG] debug-file - Ark compile task finished.finished time is 594844273223200
[2026-07-30T08:03:27.522] [DEBUG] debug-file - worker[4] has one work done.
[2026-07-30T08:03:27.523] [DEBUG] debug-file - default@CompileArkTS work[0] done.
[2026-07-30T08:03:27.524] [DEBUG] debug-file - A work dispatched to worker[4] failed because unable to get work from ready queue.
[2026-07-30T08:03:27.525] [INFO] debug-file - Finished :entry:default@CompileArkTS... after 4 s 897 ms 
[2026-07-30T08:03:27.525] [DEBUG] debug-file - Executing task :entry:default@GeneratePkgModuleJson
[2026-07-30T08:03:27.525] [DEBUG] debug-file - File: 'E:\0730\hongmeng1\entry\build\default\intermediates\preload\default\preload.json' from 'preloadSoJsonPath' is not exists, just ignore.
[2026-07-30T08:03:27.526] [DEBUG] debug-file - Error occurs while handling @Input 'shouldDeduplicateHar': The "data" argument must be of type string or an instance of Buffer, TypedArray, or DataView. Received undefined
[2026-07-30T08:03:27.526] [DEBUG] debug-file - Task 'entry:default@GeneratePkgModuleJson' cost while wrapping incremental declarations: 1 ms 
[2026-07-30T08:03:27.526] [DEBUG] debug-file - Incremental task entry:default@GeneratePkgModuleJson pre-execution cost: 1 ms .
[2026-07-30T08:03:27.526] [DEBUG] debug-file - entry : default@GeneratePkgModuleJson cost memory 0.10528564453125
[2026-07-30T08:03:27.527] [INFO] debug-file - UP-TO-DATE :entry:default@GeneratePkgModuleJson...  
[2026-07-30T08:03:27.527] [DEBUG] debug-file - Executing task :entry:default@ProcessCompiledResources
[2026-07-30T08:03:27.527] [DEBUG] debug-file - File: 'E:\0730\hongmeng1\entry\build\default\intermediates\preload\default\preload.json' from 'preloadSoJsonPath' is not exists, just ignore.
[2026-07-30T08:03:27.527] [DEBUG] debug-file - Task 'entry:default@ProcessCompiledResources' cost while wrapping incremental declarations: 1 ms 
[2026-07-30T08:03:27.527] [DEBUG] debug-file - entry : default@ProcessCompiledResources cost memory 0.0566864013671875
[2026-07-30T08:03:27.527] [DEBUG] debug-file - runTaskFromQueue task cost before running: 6 s 366 ms 
[2026-07-30T08:03:27.528] [INFO] debug-file - Finished :entry:default@ProcessCompiledResources... after 1 ms 
[2026-07-30T08:03:27.529] [DEBUG] debug-file - Executing task :entry:default@PackageHap
[2026-07-30T08:03:27.531] [DEBUG] debug-file - entry:default@PackageHap is not up-to-date, since the input file 'E:\0730\hongmeng1\entry\build\default\intermediates\loader_out\default\ets' has been changed.
[2026-07-30T08:03:27.531] [DEBUG] debug-file - Incremental task entry:default@PackageHap pre-execution cost: 2 ms .
[2026-07-30T08:03:27.532] [DEBUG] debug-file - Use tool [D:\Program Files\DevEco Studio\sdk\default\openharmony\toolchains\lib\app_packing_tool.jar]
 [
  'java',
  '-Dfile.encoding=GBK',
  '-jar',
  'D:\\Program Files\\DevEco Studio\\sdk\\default\\openharmony\\toolchains\\lib\\app_packing_tool.jar',
  '--mode',
  'hap',
  '--force',
  'true',
  '--lib-path',
  'E:\\0730\\hongmeng1\\entry\\build\\default\\intermediates\\stripped_native_libs\\default',
  '--json-path',
  'E:\\0730\\hongmeng1\\entry\\build\\default\\intermediates\\package\\default\\module.json',
  '--resources-path',
  'E:\\0730\\hongmeng1\\entry\\build\\default\\intermediates\\res\\default\\resources',
  '--index-path',
  'E:\\0730\\hongmeng1\\entry\\build\\default\\intermediates\\res\\default\\resources.index',
  '--pack-info-path',
  'E:\\0730\\hongmeng1\\entry\\build\\default\\outputs\\default\\pack.info',
  '--out-path',
  'E:\\0730\\hongmeng1\\entry\\build\\default\\outputs\\default\\entry-default-unsigned.hap',
  '--ets-path',
  'E:\\0730\\hongmeng1\\entry\\build\\default\\intermediates\\loader_out\\default\\ets',
  '--pkg-context-path',
  'E:\\0730\\hongmeng1\\entry\\build\\default\\intermediates\\loader\\default\\pkgContextInfo.json'
]
[2026-07-30T08:03:27.532] [DEBUG] debug-file - default@PackageHap work[1] is submitted.
[2026-07-30T08:03:27.533] [DEBUG] debug-file - default@PackageHap work[1] is pushed to ready queue.
[2026-07-30T08:03:27.533] [DEBUG] debug-file - A work dispatched to worker[15] failed because unable to get work from ready queue.
[2026-07-30T08:03:27.533] [DEBUG] debug-file - Create  resident worker with id: 14.
[2026-07-30T08:03:27.533] [DEBUG] debug-file - default@PackageHap work[1] has been dispatched to worker[14].
[2026-07-30T08:03:27.533] [DEBUG] debug-file - default@PackageHap work[1] is dispatched.
[2026-07-30T08:03:27.535] [DEBUG] debug-file - entry : default@PackageHap cost memory 0.6752243041992188
[2026-07-30T08:03:28.182] [DEBUG] debug-file - current process  memoryUsage: {
  rss: 634118144,
  heapTotal: 81035264,
  heapUsed: 51144592,
  external: 2357796,
  arrayBuffers: 116119
} os memoryUsage :16.657997131347656
[2026-07-30T08:03:28.559] [DEBUG] debug-file - worker[14] has one work done.
[2026-07-30T08:03:28.560] [DEBUG] debug-file - default@PackageHap work[1] done.
[2026-07-30T08:03:28.560] [DEBUG] debug-file - A work dispatched to worker[14] failed because unable to get work from ready queue.
[2026-07-30T08:03:28.561] [INFO] debug-file - Finished :entry:default@PackageHap... after 386 ms 
[2026-07-30T08:03:28.562] [DEBUG] debug-file - Executing task :entry:default@PackingCheck
[2026-07-30T08:03:28.567] [DEBUG] debug-file - entry : default@PackingCheck cost memory 0.40164947509765625
[2026-07-30T08:03:28.567] [DEBUG] debug-file - runTaskFromQueue task cost before running: 7 s 405 ms 
[2026-07-30T08:03:28.567] [INFO] debug-file - Finished :entry:default@PackingCheck... after 5 ms 
[2026-07-30T08:03:28.568] [DEBUG] debug-file - Executing task :entry:default@SignHap
[2026-07-30T08:03:28.568] [WARN] debug-file - Will skip sign 'hos_hap'. No signingConfigs profile is configured in current project.
             If needed, configure the signingConfigs in E:\0730\hongmeng1\build-profile.json5.
[2026-07-30T08:03:28.568] [DEBUG] debug-file - entry:default@SignHap is not up-to-date, since the input file 'E:\0730\hongmeng1\entry\build\default\outputs\default\entry-default-unsigned.hap' has been changed.
[2026-07-30T08:03:28.569] [DEBUG] debug-file - Incremental task entry:default@SignHap pre-execution cost: 1 ms .
[2026-07-30T08:03:28.569] [DEBUG] debug-file - entry : default@SignHap cost memory 0.0927276611328125
[2026-07-30T08:03:28.569] [DEBUG] debug-file - runTaskFromQueue task cost before running: 7 s 408 ms 
[2026-07-30T08:03:28.569] [INFO] debug-file - Finished :entry:default@SignHap... after 2 ms 
[2026-07-30T08:03:28.570] [DEBUG] debug-file - Executing task :entry:default@CollectDebugSymbol
[2026-07-30T08:03:28.571] [DEBUG] debug-file - entry : default@CollectDebugSymbol cost memory 0.08190155029296875
[2026-07-30T08:03:28.571] [DEBUG] debug-file - runTaskFromQueue task cost before running: 7 s 410 ms 
[2026-07-30T08:03:28.571] [INFO] debug-file - Finished :entry:default@CollectDebugSymbol... after 1 ms 
[2026-07-30T08:03:28.571] [DEBUG] debug-file - Executing task :entry:assembleHap
[2026-07-30T08:03:28.572] [DEBUG] debug-file - entry : assembleHap cost memory 0.0126800537109375
[2026-07-30T08:03:28.572] [DEBUG] debug-file - runTaskFromQueue task cost before running: 7 s 410 ms 
[2026-07-30T08:03:28.572] [INFO] debug-file - Finished :entry:assembleHap... after 1 ms 
[2026-07-30T08:03:28.578] [INFO] debug-file - BUILD SUCCESSFUL in 7 s 417 ms 
[2026-07-30T08:03:28.578] [DEBUG] debug-file - There is no need to refresh cache, since the incremental task entry:default@PreBuild is up-to-date.
[2026-07-30T08:03:28.578] [DEBUG] debug-file - Update task entry:default@CreateModuleInfo output file:E:\0730\hongmeng1\entry\build\default\generated\profile\default\ModuleInfo.ts cache.
[2026-07-30T08:03:28.579] [DEBUG] debug-file - Incremental task entry:default@CreateModuleInfo post-execution cost:1 ms .
[2026-07-30T08:03:28.579] [DEBUG] debug-file - There is no need to refresh cache, since the incremental task entry:default@GenerateMetadata is up-to-date.
[2026-07-30T08:03:28.579] [DEBUG] debug-file - There is no need to refresh cache, since the incremental task entry:default@MergeProfile is up-to-date.
[2026-07-30T08:03:28.579] [DEBUG] debug-file - There is no need to refresh cache, since the incremental task entry:default@CreateBuildProfile is up-to-date.
[2026-07-30T08:03:28.579] [DEBUG] debug-file - There is no need to refresh cache, since the incremental task entry:default@GeneratePkgContextInfo is up-to-date.
[2026-07-30T08:03:28.579] [DEBUG] debug-file - Update task entry:default@GeneratePkgSdkInfo output file:E:\0730\hongmeng1\entry\build\default\intermediates\loader\default\pkgSdkInfo.json cache.
[2026-07-30T08:03:28.579] [DEBUG] debug-file - Incremental task entry:default@GeneratePkgSdkInfo post-execution cost:1 ms .
[2026-07-30T08:03:28.579] [DEBUG] debug-file - Update task entry:default@ProcessIntegratedHsp output file:E:\0730\hongmeng1\build\cache\default\integrated_hsp\integratedHspCache.json cache.
[2026-07-30T08:03:28.579] [DEBUG] debug-file - Incremental task entry:default@ProcessIntegratedHsp post-execution cost:1 ms .
[2026-07-30T08:03:28.579] [DEBUG] debug-file - There is no need to refresh cache, since the incremental task entry:default@MakePackInfo is up-to-date.
[2026-07-30T08:03:28.579] [DEBUG] debug-file - Update task entry:default@SyscapTransform input file:D:\Program Files\DevEco Studio\sdk\default\openharmony\toolchains\syscap_tool.exe cache by regenerate.
[2026-07-30T08:03:28.580] [DEBUG] debug-file - Update task entry:default@SyscapTransform input file:D:\Program Files\DevEco Studio\sdk\default\openharmony\ets\api\device-define cache by regenerate.
[2026-07-30T08:03:28.580] [DEBUG] debug-file - Update task entry:default@SyscapTransform output file:E:\0730\hongmeng1\entry\build\default\intermediates\syscap\default\rpcid.sc cache.
[2026-07-30T08:03:28.581] [DEBUG] debug-file - Incremental task entry:default@SyscapTransform post-execution cost:2 ms .
[2026-07-30T08:03:28.581] [DEBUG] debug-file - There is no need to refresh cache, since the incremental task entry:default@ProcessProfile is up-to-date.
[2026-07-30T08:03:28.581] [DEBUG] debug-file - There is no need to refresh cache, since the incremental task entry:default@ProcessRouterMap is up-to-date.
[2026-07-30T08:03:28.581] [DEBUG] debug-file - There is no need to refresh cache, since the incremental task entry:default@ProcessShareConfig is up-to-date.
[2026-07-30T08:03:28.581] [DEBUG] debug-file - Update task entry:default@ProcessStartupConfig input file:E:\0730\hongmeng1\entry\build\default\intermediates\loader\default\pkgContextInfo.json cache by regenerate.
[2026-07-30T08:03:28.581] [DEBUG] debug-file - Update task entry:default@ProcessStartupConfig output file:E:\0730\hongmeng1\entry\build\default\intermediates\startup\default\startup_config.json cache.
[2026-07-30T08:03:28.581] [DEBUG] debug-file - Incremental task entry:default@ProcessStartupConfig post-execution cost:1 ms .
[2026-07-30T08:03:28.581] [DEBUG] debug-file - There is no need to refresh cache, since the incremental task entry:default@ProcessResource is up-to-date.
[2026-07-30T08:03:28.581] [DEBUG] debug-file - There is no need to refresh cache, since the incremental task entry:default@GenerateLoaderJson is up-to-date.
[2026-07-30T08:03:28.581] [DEBUG] debug-file - There is no need to refresh cache, since the incremental task entry:default@ProcessLibs is up-to-date.
[2026-07-30T08:03:28.581] [DEBUG] debug-file - There is no need to refresh cache, since the incremental task entry:default@CompileResource is up-to-date.
[2026-07-30T08:03:28.581] [DEBUG] debug-file - There is no need to refresh cache, since the incremental task entry:default@DoNativeStrip is up-to-date.
[2026-07-30T08:03:28.583] [DEBUG] debug-file - Update task entry:default@CompileArkTS input file:E:\0730\hongmeng1\entry\build\default\intermediates\loader\default cache by regenerate.
[2026-07-30T08:03:28.583] [DEBUG] debug-file - Update task entry:default@CompileArkTS input file:E:\0730\hongmeng1\entry\build\default\intermediates\res\default\resources\rawfile cache by regenerate.
[2026-07-30T08:03:28.583] [DEBUG] debug-file - Update task entry:default@CompileArkTS input file:E:\0730\hongmeng1\entry\build\default\intermediates\res\default\ResourceTable.txt cache by regenerate.
[2026-07-30T08:03:28.583] [DEBUG] debug-file - Update task entry:default@CompileArkTS input file:E:\0730\hongmeng1\entry\build\default\intermediates\res\default\ark_module.json cache by regenerate.
[2026-07-30T08:03:28.584] [DEBUG] debug-file - Update task entry:default@CompileArkTS input file:E:\0730\hongmeng1\entry\build\default\intermediates\res\default\resources\base\profile cache by regenerate.
[2026-07-30T08:03:28.584] [DEBUG] debug-file - Update task entry:default@CompileArkTS input file:E:\0730\hongmeng1\entry\src\main\ets cache from map.
[2026-07-30T08:03:28.584] [DEBUG] debug-file - Update task entry:default@CompileArkTS input file:E:\0730\hongmeng1\entry\build\default\intermediates\loader\default\pkgContextInfo.json cache by regenerate.
[2026-07-30T08:03:28.584] [DEBUG] debug-file - Update task entry:default@CompileArkTS input file:E:\0730\hongmeng1\entry\build\default\generated\profile\default\BuildProfile.ets cache by regenerate.
[2026-07-30T08:03:28.584] [DEBUG] debug-file - Update task entry:default@CompileArkTS input file:E:\0730\hongmeng1\entry\src\mock\mock-config.json5 cache by regenerate.
[2026-07-30T08:03:28.585] [DEBUG] debug-file - Update task entry:default@CompileArkTS output file:E:\0730\hongmeng1\entry\build\default\intermediates\loader_out\default\ets cache.
[2026-07-30T08:03:28.585] [DEBUG] debug-file - Incremental task entry:default@CompileArkTS post-execution cost:4 ms .
[2026-07-30T08:03:28.586] [DEBUG] debug-file - Update task entry:default@BuildJS input file:E:\0730\hongmeng1\entry\build\default\intermediates\loader\default cache by regenerate.
[2026-07-30T08:03:28.587] [DEBUG] debug-file - Update task entry:default@BuildJS input file:E:\0730\hongmeng1\entry\build\default\intermediates\res\default\resources\rawfile cache by regenerate.
[2026-07-30T08:03:28.587] [DEBUG] debug-file - Update task entry:default@BuildJS input file:E:\0730\hongmeng1\entry\build\default\intermediates\res\default\ResourceTable.txt cache by regenerate.
[2026-07-30T08:03:28.587] [DEBUG] debug-file - Update task entry:default@BuildJS input file:E:\0730\hongmeng1\entry\build\default\intermediates\res\default\ark_module.json cache by regenerate.
[2026-07-30T08:03:28.587] [DEBUG] debug-file - Update task entry:default@BuildJS input file:E:\0730\hongmeng1\entry\build\default\intermediates\res\default\resources\base\profile cache by regenerate.
[2026-07-30T08:03:28.587] [DEBUG] debug-file - Update task entry:default@BuildJS input file:E:\0730\hongmeng1\entry\build\default\intermediates\loader\default\pkgContextInfo.json cache by regenerate.
[2026-07-30T08:03:28.587] [DEBUG] debug-file - Update task entry:default@BuildJS output file:E:\0730\hongmeng1\entry\build\default\intermediates\loader_out\default\js cache.
[2026-07-30T08:03:28.588] [DEBUG] debug-file - Incremental task entry:default@BuildJS post-execution cost:3 ms .
[2026-07-30T08:03:28.588] [DEBUG] debug-file - There is no need to refresh cache, since the incremental task entry:default@CacheNativeLibs is up-to-date.
[2026-07-30T08:03:28.588] [DEBUG] debug-file - There is no need to refresh cache, since the incremental task entry:default@GeneratePkgModuleJson is up-to-date.
[2026-07-30T08:03:28.588] [DEBUG] debug-file - Incremental task entry:default@ProcessCompiledResources post-execution cost:1 ms .
[2026-07-30T08:03:28.589] [DEBUG] debug-file - Update task entry:default@PackageHap input file:E:\0730\hongmeng1\entry\build\default\intermediates\stripped_native_libs\default cache by regenerate.
[2026-07-30T08:03:28.589] [DEBUG] debug-file - Update task entry:default@PackageHap input file:E:\0730\hongmeng1\entry\build\default\intermediates\res\default\module.json cache by regenerate.
[2026-07-30T08:03:28.589] [DEBUG] debug-file - Update task entry:default@PackageHap input file:E:\0730\hongmeng1\entry\build\default\intermediates\res\default\resources cache by regenerate.
[2026-07-30T08:03:28.590] [DEBUG] debug-file - Update task entry:default@PackageHap input file:E:\0730\hongmeng1\entry\build\default\intermediates\res\default\resources.index cache by regenerate.
[2026-07-30T08:03:28.590] [DEBUG] debug-file - Update task entry:default@PackageHap input file:E:\0730\hongmeng1\entry\build\default\outputs\default\pack.info cache by regenerate.
[2026-07-30T08:03:28.591] [DEBUG] debug-file - Update task entry:default@PackageHap input file:E:\0730\hongmeng1\entry\build\default\intermediates\loader_out\default\ets cache from map.
[2026-07-30T08:03:28.591] [DEBUG] debug-file - Update task entry:default@PackageHap input file:E:\0730\hongmeng1\entry\build\default\intermediates\loader\default\pkgContextInfo.json cache by regenerate.
[2026-07-30T08:03:28.591] [DEBUG] debug-file - Update task entry:default@PackageHap input file:E:\0730\hongmeng1\entry\build\default\intermediates\loader_out\default\ets\sourceMaps.map cache by regenerate.
[2026-07-30T08:03:28.591] [DEBUG] debug-file - Update task entry:default@PackageHap input file:E:\0730\hongmeng1\entry\build\default\generated\profile\default\BuildProfile.ets cache by regenerate.
[2026-07-30T08:03:28.592] [DEBUG] debug-file - Update task entry:default@PackageHap output file:E:\0730\hongmeng1\entry\build\default\outputs\default\entry-default-unsigned.hap cache.
[2026-07-30T08:03:28.592] [DEBUG] debug-file - Update task entry:default@PackageHap output file:E:\0730\hongmeng1\entry\build\default\intermediates\source_map\default\sourceMaps.map cache.
[2026-07-30T08:03:28.592] [DEBUG] debug-file - Update task entry:default@PackageHap output file:E:\0730\hongmeng1\entry\build\default\outputs\default\mapping\sourceMaps.map cache.
[2026-07-30T08:03:28.592] [DEBUG] debug-file - Incremental task entry:default@PackageHap post-execution cost:5 ms .
[2026-07-30T08:03:28.592] [DEBUG] debug-file - Update task entry:default@SignHap input file:E:\0730\hongmeng1\entry\build\default\outputs\default\entry-default-unsigned.hap cache from map.
[2026-07-30T08:03:28.593] [DEBUG] debug-file - Update task entry:default@SignHap output file:E:\0730\hongmeng1\entry\build\default\outputs\default\entry-default-signed.hap cache.
[2026-07-30T08:03:28.593] [DEBUG] debug-file - Incremental task entry:default@SignHap post-execution cost:2 ms .
[2026-07-30T08:03:28.594] [DEBUG] debug-file - Update task entry:default@CollectDebugSymbol input file:E:\0730\hongmeng1\entry\build\default\intermediates\loader_out\default\ets\sourceMaps.map cache by regenerate.
[2026-07-30T08:03:28.594] [DEBUG] debug-file - Update task entry:default@CollectDebugSymbol input file:E:\0730\hongmeng1\entry\build\default\intermediates\libs\default cache by regenerate.
[2026-07-30T08:03:28.594] [DEBUG] debug-file - Update task entry:default@CollectDebugSymbol output file:E:\0730\hongmeng1\entry\build\default\outputs\default\symbol cache.
[2026-07-30T08:03:28.594] [DEBUG] debug-file - Incremental task entry:default@CollectDebugSymbol post-execution cost:1 ms .
[2026-07-30T08:03:28.613] [DEBUG] debug-file - Cleanup worker 14.
[2026-07-30T08:03:28.613] [DEBUG] debug-file - Worker 14 has been cleaned up.
[2026-07-30T08:03:28.613] [DEBUG] debug-file - Current idle worker size: 1.
[2026-07-30T08:03:28.613] [DEBUG] debug-file - Current resident worker size: 2.
[2026-07-30T08:03:28.614] [DEBUG] debug-file - hvigor build process will be closed.
[2026-07-30T08:03:28.620] [DEBUG] debug-file - session manager: send message to worker process.
[2026-07-30T08:03:28.620] [DEBUG] debug-file - session manager: send message to worker process.
[2026-07-30T08:03:28.619] [DEBUG] debug-file - watch worker: worker id should be larger than 0. Nothing will be sent to any worker thread.
[2026-07-30T08:03:28.620] [DEBUG] debug-file - watch worker: worker id should be larger than 0. Nothing will be sent to any worker thread.
[2026-07-30T08:03:28.621] [DEBUG] debug-file - worker[14] exits with exit code 1.
[2026-07-30T08:04:55.013] [DEBUG] debug-file - session manager: set active socket. socketId=exXswFTHyXAsdW44AAAH
[2026-07-30T08:04:55.018] [DEBUG] debug-file - watch worker: worker id should be larger than 0. Nothing will be sent to any worker thread.
[2026-07-30T08:04:55.021] [DEBUG] debug-file - Workers' log level updated to INFO
[2026-07-30T08:04:55.023] [DEBUG] debug-file - Hvigor init with startParameters:{
  hvigorfileTypeCheck: false,
  parallelExecution: true,
  incrementalExecution: true,
  printStackTrace: false,
  daemon: true,
  analyze: 0,
  logLevel: Level { level: 20000, levelStr: 'INFO', colour: 'green' },
  optimizationStrategy: 'memory',
  hotCompile: undefined,
  hotReloadBuild: undefined,
  customizedParam: undefined
}
[2026-07-30T08:04:55.029] [DEBUG] debug-file - Cache service initialization finished in 7 ms 
[2026-07-30T08:04:55.030] [DEBUG] debug-file - hvigorfile, resolving E:\0730\hongmeng1\hvigorfile.ts
[2026-07-30T08:04:55.034] [DEBUG] debug-file - hvigorfile, require result:  { default: { plugins: [] } }
[2026-07-30T08:04:55.034] [DEBUG] debug-file - hvigorfile, binding system plugins null
[2026-07-30T08:04:55.034] [DEBUG] debug-file - Starting plugin build process
[2026-07-30T08:04:55.034] [DEBUG] debug-file - App plugin prepare start...
[2026-07-30T08:04:55.034] [DEBUG] debug-file - App plugin prepare end...
[2026-07-30T08:04:55.034] [DEBUG] debug-file - App plugin creating...
[2026-07-30T08:04:55.038] [DEBUG] debug-file - App plugin register hook start...
[2026-07-30T08:04:55.038] [DEBUG] debug-file - App plugin register hook end...
[2026-07-30T08:04:55.038] [DEBUG] debug-file - Plugin build process completed
[2026-07-30T08:04:55.039] [DEBUG] debug-file - Start initialize project's product build option map with build mode debug.
[2026-07-30T08:04:55.039] [DEBUG] debug-file - Picking option from product 'default' with build mode 'debug'.
[2026-07-30T08:04:55.039] [DEBUG] debug-file - Product 'default' build option initialized
[2026-07-30T08:04:55.039] [DEBUG] debug-file - End initialize project's product build option map with build mode 'debug'.
[2026-07-30T08:04:55.039] [DEBUG] debug-file - Obtain build option for product 'default'in this build.
[2026-07-30T08:04:55.041] [DEBUG] debug-file - No signingConfig found, initRemoteHspCache failed.
[2026-07-30T08:04:55.043] [DEBUG] debug-file - Start recording SDK configuration permission data.
[2026-07-30T08:04:55.061] [DEBUG] debug-file - Sdk init in 20 ms 
[2026-07-30T08:04:55.063] [DEBUG] debug-file - Project task initialization takes 2 ms 
[2026-07-30T08:04:55.063] [DEBUG] debug-file - hvigorfile, begin to bind custom plugins...
[2026-07-30T08:04:55.063] [DEBUG] debug-file - hvigorfile, no custom plugins were found in E:\0730\hongmeng1\hvigorfile.ts
[2026-07-30T08:04:55.063] [DEBUG] debug-file - hvigorfile, resolve finished E:\0730\hongmeng1\hvigorfile.ts
[2026-07-30T08:04:55.063] [DEBUG] debug-file - hvigorfile, resolving E:\0730\hongmeng1\entry\hvigorfile.ts
[2026-07-30T08:04:55.066] [DEBUG] debug-file - hvigorfile, require result:  { default: { plugins: [] } }
[2026-07-30T08:04:55.066] [DEBUG] debug-file - hvigorfile, binding system plugins null
[2026-07-30T08:04:55.066] [DEBUG] debug-file - Starting plugin build process
[2026-07-30T08:04:55.066] [DEBUG] debug-file - Hap plugin creating...
[2026-07-30T08:04:55.066] [DEBUG] debug-file - failed to load cangjie to dynamically generate schemas: Error: Cannot find module '@ohos/cangjie-build-support/index'
Require stack:
- D:\Program Files\DevEco Studio\tools\hvigor\hvigor-ohos-plugin\src\plugin\hooks\cangjie-register.js
- D:\Program Files\DevEco Studio\tools\hvigor\hvigor-ohos-plugin\src\plugin\strategy\stage-init-strategy.js
- D:\Program Files\DevEco Studio\tools\hvigor\hvigor-ohos-plugin\src\plugin\builder\abstract-plugin-builder.js
- D:\Program Files\DevEco Studio\tools\hvigor\hvigor-ohos-plugin\src\plugin\builder\app-plugin-builder.js
- D:\Program Files\DevEco Studio\tools\hvigor\hvigor-ohos-plugin\src\plugin\factory\plugin-factory.js
- D:\Program Files\DevEco Studio\tools\hvigor\hvigor-ohos-plugin\index.js
- E:\0730\hongmeng1\hvigorfile.ts
- D:\Program Files\DevEco Studio\tools\hvigor\hvigor\src\base\internal\lifecycle\configuration.js
- D:\Program Files\DevEco Studio\tools\hvigor\hvigor\src\base\boot\index.js
- D:\Program Files\DevEco Studio\tools\hvigor\hvigor\src\base\daemon\cluster\worker-process-lifecycle.js
- D:\Program Files\DevEco Studio\tools\hvigor\hvigor\src\base\daemon\process\daemon-process-boot-script.js
[2026-07-30T08:04:55.067] [DEBUG] debug-file - Start initialize module-target build option map, moduleName=entry, buildMode=debug
[2026-07-30T08:04:55.067] [DEBUG] debug-file - Target 'default' config initialized
[2026-07-30T08:04:55.068] [DEBUG] debug-file - Target 'ohosTest' config initialized
[2026-07-30T08:04:55.068] [DEBUG] debug-file - Module 'entry' target 'default' build option initialized
[2026-07-30T08:04:55.068] [DEBUG] debug-file - Module 'entry' target 'ohosTest' build option initialized
[2026-07-30T08:04:55.068] [DEBUG] debug-file - End initialize module-target build option map, moduleName=entry
[2026-07-30T08:04:55.068] [DEBUG] debug-file - Start initialize module-target build option map, moduleName=entry, buildMode=release
[2026-07-30T08:04:55.068] [DEBUG] debug-file - Target 'default' config initialized
[2026-07-30T08:04:55.068] [DEBUG] debug-file - Target 'ohosTest' config initialized
[2026-07-30T08:04:55.069] [DEBUG] debug-file - Module 'entry' target 'default' build option initialized
[2026-07-30T08:04:55.069] [DEBUG] debug-file - Module 'entry' target 'ohosTest' build option initialized
[2026-07-30T08:04:55.069] [DEBUG] debug-file - End initialize module-target build option map, moduleName=entry
[2026-07-30T08:04:55.069] [DEBUG] debug-file - Start initialize module-target build option map, moduleName=entry, buildMode=debug
[2026-07-30T08:04:55.069] [DEBUG] debug-file - Target 'default' config initialized
[2026-07-30T08:04:55.069] [DEBUG] debug-file - Target 'ohosTest' config initialized
[2026-07-30T08:04:55.069] [DEBUG] debug-file - Module 'entry' target 'default' build option initialized
[2026-07-30T08:04:55.069] [DEBUG] debug-file - Module 'entry' target 'ohosTest' build option initialized
[2026-07-30T08:04:55.069] [DEBUG] debug-file - End initialize module-target build option map, moduleName=entry
[2026-07-30T08:04:55.069] [DEBUG] debug-file - Obtain build option for module 'entry' target 'default'in this build.
[2026-07-30T08:04:55.071] [DEBUG] debug-file - Module entry task initialization takes 1 ms 
[2026-07-30T08:04:55.071] [DEBUG] debug-file - Hap plugin register hook start...
[2026-07-30T08:04:55.071] [DEBUG] debug-file - Hap plugin register hook end...
[2026-07-30T08:04:55.071] [DEBUG] debug-file - Plugin build process completed
[2026-07-30T08:04:55.071] [DEBUG] debug-file - hvigorfile, begin to bind custom plugins...
[2026-07-30T08:04:55.071] [DEBUG] debug-file - hvigorfile, no custom plugins were found in E:\0730\hongmeng1\entry\hvigorfile.ts
[2026-07-30T08:04:55.071] [DEBUG] debug-file - hvigorfile, resolve finished E:\0730\hongmeng1\entry\hvigorfile.ts
[2026-07-30T08:04:55.084] [DEBUG] debug-file - hvigorfile, resolve hvigorfile dependencies in 13 ms 
[2026-07-30T08:04:55.085] [DEBUG] debug-file - project has submodules:entry
[2026-07-30T08:04:55.085] [DEBUG] debug-file - start to load updatedOhPackageInfo to the disk
[2026-07-30T08:04:55.086] [DEBUG] debug-file - load to the disk finished
[2026-07-30T08:04:55.087] [DEBUG] debug-file - Start to initialize dependency information.
[2026-07-30T08:04:55.089] [DEBUG] debug-file - Module hongmeng1 Collected Dependency: 
[2026-07-30T08:04:55.089] [DEBUG] debug-file - Module hongmeng1's total dependency: 0
[2026-07-30T08:04:55.089] [DEBUG] debug-file - Start to initialize dependency information.
[2026-07-30T08:04:55.090] [DEBUG] debug-file - Module entry Collected Dependency: 
[2026-07-30T08:04:55.090] [DEBUG] debug-file - Module entry's total dependency: 0
[2026-07-30T08:04:55.091] [DEBUG] debug-file - Configuration phase cost:62 ms 
[2026-07-30T08:04:55.092] [DEBUG] debug-file - Configuration task cost before running: 71 ms 
[2026-07-30T08:04:55.093] [DEBUG] debug-file - Executing task :entry:default@PreBuild
[2026-07-30T08:04:55.095] [DEBUG] debug-file - Task 'entry:default@PreBuild' cost while wrapping incremental declarations: 1 ms 
[2026-07-30T08:04:55.098] [DEBUG] debug-file - Incremental task entry:default@PreBuild pre-execution cost: 2 ms .
[2026-07-30T08:04:55.098] [DEBUG] debug-file - entry : default@PreBuild cost memory 0.6113357543945312
[2026-07-30T08:04:55.099] [INFO] debug-file - UP-TO-DATE :entry:default@PreBuild...  
[2026-07-30T08:04:55.099] [DEBUG] debug-file - Executing task :entry:default@CreateModuleInfo
[2026-07-30T08:04:55.099] [DEBUG] debug-file - Task 'entry:default@CreateModuleInfo' cost while wrapping incremental declarations: 1 ms 
[2026-07-30T08:04:55.099] [DEBUG] debug-file - entry : default@CreateModuleInfo cost memory 0.04372406005859375
[2026-07-30T08:04:55.100] [DEBUG] debug-file - runTaskFromQueue task cost before running: 79 ms 
[2026-07-30T08:04:55.100] [INFO] debug-file - Finished :entry:default@CreateModuleInfo... after 1 ms 
[2026-07-30T08:04:55.100] [DEBUG] debug-file - Executing task :entry:default@GenerateMetadata
[2026-07-30T08:04:55.101] [DEBUG] debug-file - Task 'entry:default@GenerateMetadata' cost while wrapping incremental declarations: 1 ms 
[2026-07-30T08:04:55.101] [DEBUG] debug-file - Incremental task entry:default@GenerateMetadata pre-execution cost: 1 ms .
[2026-07-30T08:04:55.101] [DEBUG] debug-file - entry : default@GenerateMetadata cost memory 0.087310791015625
[2026-07-30T08:04:55.101] [INFO] debug-file - UP-TO-DATE :entry:default@GenerateMetadata...  
[2026-07-30T08:04:55.102] [DEBUG] debug-file - Executing task :entry:default@ConfigureCmake
[2026-07-30T08:04:55.102] [DEBUG] debug-file - entry : default@ConfigureCmake cost memory 0.01446533203125
[2026-07-30T08:04:55.102] [DEBUG] debug-file - runTaskFromQueue task cost before running: 82 ms 
[2026-07-30T08:04:55.103] [INFO] debug-file - Finished :entry:default@ConfigureCmake... after 1 ms 
[2026-07-30T08:04:55.104] [DEBUG] debug-file - Executing task :entry:default@MergeProfile
[2026-07-30T08:04:55.104] [DEBUG] debug-file - Task 'entry:default@MergeProfile' cost while wrapping incremental declarations: 1 ms 
[2026-07-30T08:04:55.104] [DEBUG] debug-file - Incremental task entry:default@MergeProfile pre-execution cost: 1 ms .
[2026-07-30T08:04:55.104] [DEBUG] debug-file - entry : default@MergeProfile cost memory 0.12798309326171875
[2026-07-30T08:04:55.105] [INFO] debug-file - UP-TO-DATE :entry:default@MergeProfile...  
[2026-07-30T08:04:55.105] [DEBUG] debug-file - Executing task :entry:default@CreateBuildProfile
[2026-07-30T08:04:55.105] [DEBUG] debug-file - Task 'entry:default@CreateBuildProfile' cost while wrapping incremental declarations: 1 ms 
[2026-07-30T08:04:55.106] [DEBUG] debug-file - Incremental task entry:default@CreateBuildProfile pre-execution cost: 1 ms .
[2026-07-30T08:04:55.106] [DEBUG] debug-file - entry : default@CreateBuildProfile cost memory 0.10434722900390625
[2026-07-30T08:04:55.106] [INFO] debug-file - UP-TO-DATE :entry:default@CreateBuildProfile...  
[2026-07-30T08:04:55.107] [DEBUG] debug-file - Executing task :entry:default@PreCheckSyscap
[2026-07-30T08:04:55.107] [DEBUG] debug-file - entry : default@PreCheckSyscap cost memory 0.01468658447265625
[2026-07-30T08:04:55.107] [DEBUG] debug-file - runTaskFromQueue task cost before running: 86 ms 
[2026-07-30T08:04:55.107] [INFO] debug-file - Finished :entry:default@PreCheckSyscap... after 1 ms 
[2026-07-30T08:04:55.107] [DEBUG] debug-file - Executing task :entry:default@GeneratePkgContextInfo
[2026-07-30T08:04:55.109] [DEBUG] debug-file - Task 'entry:default@GeneratePkgContextInfo' cost while wrapping incremental declarations: 1 ms 
[2026-07-30T08:04:55.109] [DEBUG] debug-file - Incremental task entry:default@GeneratePkgContextInfo pre-execution cost: 1 ms .
[2026-07-30T08:04:55.109] [DEBUG] debug-file - entry : default@GeneratePkgContextInfo cost memory 0.2763671875
[2026-07-30T08:04:55.110] [INFO] debug-file - UP-TO-DATE :entry:default@GeneratePkgContextInfo...  
[2026-07-30T08:04:55.110] [DEBUG] debug-file - Executing task :entry:default@GeneratePkgSdkInfo
[2026-07-30T08:04:55.111] [DEBUG] debug-file - Task 'entry:default@GeneratePkgSdkInfo' cost while wrapping incremental declarations: 1 ms 
[2026-07-30T08:04:55.111] [DEBUG] debug-file - entry : default@GeneratePkgSdkInfo cost memory 0.12673187255859375
[2026-07-30T08:04:55.111] [DEBUG] debug-file - runTaskFromQueue task cost before running: 91 ms 
[2026-07-30T08:04:55.111] [INFO] debug-file - Finished :entry:default@GeneratePkgSdkInfo... after 2 ms 
[2026-07-30T08:04:55.112] [DEBUG] debug-file - Executing task :entry:default@ProcessIntegratedHsp
[2026-07-30T08:04:55.113] [DEBUG] debug-file - entry:default@ProcessIntegratedHsp is not up-to-date, since the output file 'E:\0730\hongmeng1\build\cache\default\integrated_hsp\integratedHspCache.json' does not exist.
[2026-07-30T08:04:55.113] [DEBUG] debug-file - Incremental task entry:default@ProcessIntegratedHsp pre-execution cost: 1 ms .
[2026-07-30T08:04:55.113] [DEBUG] debug-file - entry : default@ProcessIntegratedHsp cost memory 0.05487060546875
[2026-07-30T08:04:55.113] [DEBUG] debug-file - runTaskFromQueue task cost before running: 92 ms 
[2026-07-30T08:04:55.113] [INFO] debug-file - Finished :entry:default@ProcessIntegratedHsp... after 1 ms 
[2026-07-30T08:04:55.113] [DEBUG] debug-file - Executing task :entry:default@BuildNativeWithCmake
[2026-07-30T08:04:55.113] [DEBUG] debug-file - entry : default@BuildNativeWithCmake cost memory 0.0144805908203125
[2026-07-30T08:04:55.114] [DEBUG] debug-file - runTaskFromQueue task cost before running: 93 ms 
[2026-07-30T08:04:55.114] [INFO] debug-file - Finished :entry:default@BuildNativeWithCmake... after 1 ms 
[2026-07-30T08:04:55.114] [DEBUG] debug-file - Executing task :entry:default@MakePackInfo
[2026-07-30T08:04:55.115] [DEBUG] debug-file - Incremental task entry:default@MakePackInfo pre-execution cost: 1 ms .
[2026-07-30T08:04:55.116] [DEBUG] debug-file - entry : default@MakePackInfo cost memory 0.135101318359375
[2026-07-30T08:04:55.116] [INFO] debug-file - UP-TO-DATE :entry:default@MakePackInfo...  
[2026-07-30T08:04:55.117] [DEBUG] debug-file - Executing task :entry:default@SyscapTransform
[2026-07-30T08:04:55.117] [DEBUG] debug-file - File: 'E:\0730\hongmeng1\entry\src\main\syscap.json' from 'sysCapJsonPath' is not exists, just ignore.
[2026-07-30T08:04:55.118] [DEBUG] debug-file - Task 'entry:default@SyscapTransform' cost while wrapping incremental declarations: 1 ms 
[2026-07-30T08:04:55.118] [DEBUG] debug-file - entry:default@SyscapTransform is not up-to-date, since the output file 'E:\0730\hongmeng1\entry\build\default\intermediates\syscap\default\rpcid.sc' does not exist.
[2026-07-30T08:04:55.118] [DEBUG] debug-file - Incremental task entry:default@SyscapTransform pre-execution cost: 1 ms .
[2026-07-30T08:04:55.118] [DEBUG] debug-file - entry : default@SyscapTransform cost memory 0.17413330078125
[2026-07-30T08:04:55.119] [DEBUG] debug-file - runTaskFromQueue task cost before running: 98 ms 
[2026-07-30T08:04:55.119] [INFO] debug-file - Finished :entry:default@SyscapTransform... after 2 ms 
[2026-07-30T08:04:55.120] [DEBUG] debug-file - Executing task :entry:default@ProcessProfile
[2026-07-30T08:04:55.120] [DEBUG] debug-file - Task 'entry:default@ProcessProfile' cost while wrapping incremental declarations: 1 ms 
[2026-07-30T08:04:55.121] [DEBUG] debug-file - Incremental task entry:default@ProcessProfile pre-execution cost: 1 ms .
[2026-07-30T08:04:55.121] [DEBUG] debug-file - entry : default@ProcessProfile cost memory 0.13503265380859375
[2026-07-30T08:04:55.121] [INFO] debug-file - UP-TO-DATE :entry:default@ProcessProfile...  
[2026-07-30T08:04:55.121] [DEBUG] debug-file - Executing task :entry:default@ProcessRouterMap
[2026-07-30T08:04:55.122] [DEBUG] debug-file - Incremental task entry:default@ProcessRouterMap pre-execution cost: 1 ms .
[2026-07-30T08:04:55.122] [DEBUG] debug-file - entry : default@ProcessRouterMap cost memory 0.15418243408203125
[2026-07-30T08:04:55.123] [INFO] debug-file - UP-TO-DATE :entry:default@ProcessRouterMap...  
[2026-07-30T08:04:55.123] [DEBUG] debug-file - Executing task :entry:default@ProcessShareConfig
[2026-07-30T08:04:55.124] [DEBUG] debug-file - Incremental task entry:default@ProcessShareConfig pre-execution cost: 1 ms .
[2026-07-30T08:04:55.125] [DEBUG] debug-file - entry : default@ProcessShareConfig cost memory 0.130462646484375
[2026-07-30T08:04:55.125] [INFO] debug-file - UP-TO-DATE :entry:default@ProcessShareConfig...  
[2026-07-30T08:04:55.125] [DEBUG] debug-file - Executing task :entry:default@ProcessStartupConfig
[2026-07-30T08:04:55.126] [DEBUG] debug-file - Task 'entry:default@ProcessStartupConfig' cost while wrapping incremental declarations: 1 ms 
[2026-07-30T08:04:55.126] [DEBUG] debug-file - entry:default@ProcessStartupConfig is not up-to-date, since the output file 'E:\0730\hongmeng1\entry\build\default\intermediates\startup\default\startup_config.json' does not exist.
[2026-07-30T08:04:55.126] [DEBUG] debug-file - Incremental task entry:default@ProcessStartupConfig pre-execution cost: 1 ms .
[2026-07-30T08:04:55.127] [DEBUG] debug-file - entry : default@ProcessStartupConfig cost memory 0.14263916015625
[2026-07-30T08:04:55.127] [DEBUG] debug-file - runTaskFromQueue task cost before running: 107 ms 
[2026-07-30T08:04:55.127] [INFO] debug-file - Finished :entry:default@ProcessStartupConfig... after 2 ms 
[2026-07-30T08:04:55.128] [DEBUG] debug-file - Executing task :entry:default@BuildNativeWithNinja
[2026-07-30T08:04:55.128] [DEBUG] debug-file - entry : default@BuildNativeWithNinja cost memory 0.0200042724609375
[2026-07-30T08:04:55.128] [DEBUG] debug-file - runTaskFromQueue task cost before running: 108 ms 
[2026-07-30T08:04:55.128] [INFO] debug-file - Finished :entry:default@BuildNativeWithNinja... after 1 ms 
[2026-07-30T08:04:55.129] [DEBUG] debug-file - restool module names: entry; moduleName=entry, taskName=default@ProcessResource
[2026-07-30T08:04:55.129] [DEBUG] debug-file - Executing task :entry:default@ProcessResource
[2026-07-30T08:04:55.129] [DEBUG] debug-file - Task 'entry:default@ProcessResource' cost while wrapping incremental declarations: 1 ms 
[2026-07-30T08:04:55.130] [DEBUG] debug-file - Incremental task entry:default@ProcessResource pre-execution cost: 1 ms .
[2026-07-30T08:04:55.130] [DEBUG] debug-file - entry : default@ProcessResource cost memory 0.13134002685546875
[2026-07-30T08:04:55.131] [INFO] debug-file - UP-TO-DATE :entry:default@ProcessResource...  
[2026-07-30T08:04:55.131] [DEBUG] debug-file - Executing task :entry:default@GenerateLoaderJson
[2026-07-30T08:04:55.132] [DEBUG] debug-file - Task 'entry:default@GenerateLoaderJson' cost while wrapping incremental declarations: 1 ms 
[2026-07-30T08:04:55.136] [DEBUG] debug-file - Incremental task entry:default@GenerateLoaderJson pre-execution cost: 2 ms .
[2026-07-30T08:04:55.136] [DEBUG] debug-file - entry : default@GenerateLoaderJson cost memory -2.8373641967773438
[2026-07-30T08:04:55.138] [INFO] debug-file - UP-TO-DATE :entry:default@GenerateLoaderJson...  
[2026-07-30T08:04:55.138] [DEBUG] debug-file - Executing task :entry:default@ProcessLibs
[2026-07-30T08:04:55.139] [DEBUG] debug-file - Incremental task entry:default@ProcessLibs pre-execution cost: 1 ms .
[2026-07-30T08:04:55.139] [DEBUG] debug-file - entry : default@ProcessLibs cost memory 0.1038818359375
[2026-07-30T08:04:55.140] [INFO] debug-file - UP-TO-DATE :entry:default@ProcessLibs...  
[2026-07-30T08:04:55.140] [DEBUG] debug-file - restool module names: entry; moduleName=entry, taskName=default@CompileResource
[2026-07-30T08:04:55.140] [DEBUG] debug-file - Executing task :entry:default@CompileResource
[2026-07-30T08:04:55.144] [DEBUG] debug-file - Incremental task entry:default@CompileResource pre-execution cost: 4 ms .
[2026-07-30T08:04:55.144] [DEBUG] debug-file - entry : default@CompileResource cost memory 0.7123565673828125
[2026-07-30T08:04:55.145] [INFO] debug-file - UP-TO-DATE :entry:default@CompileResource...  
[2026-07-30T08:04:55.146] [DEBUG] debug-file - Executing task :entry:default@DoNativeStrip
[2026-07-30T08:04:55.146] [DEBUG] debug-file - File: 'E:\0730\hongmeng1\entry\build\default\intermediates\binxo\default' from 'doBinxoNativeLibs' is not exists, just ignore.
[2026-07-30T08:04:55.146] [DEBUG] debug-file - Task 'entry:default@DoNativeStrip' cost while wrapping incremental declarations: 1 ms 
[2026-07-30T08:04:55.146] [DEBUG] debug-file - Incremental task entry:default@DoNativeStrip pre-execution cost: 1 ms .
[2026-07-30T08:04:55.147] [DEBUG] debug-file - entry : default@DoNativeStrip cost memory 0.09322357177734375
[2026-07-30T08:04:55.147] [INFO] debug-file - UP-TO-DATE :entry:default@DoNativeStrip...  
[2026-07-30T08:04:55.147] [DEBUG] debug-file - Executing task :entry:default@CompileArkTS
[2026-07-30T08:04:55.147] [DEBUG] debug-file - obfuscationOptions: undefined
[2026-07-30T08:04:55.148] [DEBUG] debug-file - Task 'entry:default@CompileArkTS' cost while wrapping incremental declarations: 1 ms 
[2026-07-30T08:04:55.152] [DEBUG] debug-file - Incremental task entry:default@CompileArkTS pre-execution cost: 3 ms .
[2026-07-30T08:04:55.152] [DEBUG] debug-file - entry : default@CompileArkTS cost memory 0.5624542236328125
[2026-07-30T08:04:55.153] [INFO] debug-file - UP-TO-DATE :entry:default@CompileArkTS...  
[2026-07-30T08:04:55.154] [DEBUG] debug-file - Executing task :entry:default@BuildJS
[2026-07-30T08:04:55.154] [DEBUG] debug-file - Task 'entry:default@BuildJS' cost while wrapping incremental declarations: 1 ms 
[2026-07-30T08:04:55.155] [DEBUG] debug-file - entry : default@BuildJS cost memory 0.15084075927734375
[2026-07-30T08:04:55.155] [DEBUG] debug-file - runTaskFromQueue task cost before running: 135 ms 
[2026-07-30T08:04:55.155] [INFO] debug-file - Finished :entry:default@BuildJS... after 2 ms 
[2026-07-30T08:04:55.156] [DEBUG] debug-file - Executing task :entry:default@CacheNativeLibs
[2026-07-30T08:04:55.156] [DEBUG] debug-file - File: 'E:\0730\hongmeng1\entry\build\default\intermediates\binxo\default' from 'cacheBinxoNativeLibs' is not exists, just ignore.
[2026-07-30T08:04:55.156] [DEBUG] debug-file - Task 'entry:default@CacheNativeLibs' cost while wrapping incremental declarations: 1 ms 
[2026-07-30T08:04:55.157] [DEBUG] debug-file - Incremental task entry:default@CacheNativeLibs pre-execution cost: 1 ms .
[2026-07-30T08:04:55.157] [DEBUG] debug-file - entry : default@CacheNativeLibs cost memory 0.11684417724609375
[2026-07-30T08:04:55.157] [INFO] debug-file - UP-TO-DATE :entry:default@CacheNativeLibs...  
[2026-07-30T08:04:55.158] [DEBUG] debug-file - Executing task :entry:default@GeneratePkgModuleJson
[2026-07-30T08:04:55.158] [DEBUG] debug-file - File: 'E:\0730\hongmeng1\entry\build\default\intermediates\preload\default\preload.json' from 'preloadSoJsonPath' is not exists, just ignore.
[2026-07-30T08:04:55.158] [DEBUG] debug-file - Error occurs while handling @Input 'shouldDeduplicateHar': The "data" argument must be of type string or an instance of Buffer, TypedArray, or DataView. Received undefined
[2026-07-30T08:04:55.158] [DEBUG] debug-file - Task 'entry:default@GeneratePkgModuleJson' cost while wrapping incremental declarations: 1 ms 
[2026-07-30T08:04:55.159] [DEBUG] debug-file - Incremental task entry:default@GeneratePkgModuleJson pre-execution cost: 1 ms .
[2026-07-30T08:04:55.159] [DEBUG] debug-file - entry : default@GeneratePkgModuleJson cost memory 0.1038055419921875
[2026-07-30T08:04:55.159] [INFO] debug-file - UP-TO-DATE :entry:default@GeneratePkgModuleJson...  
[2026-07-30T08:04:55.159] [DEBUG] debug-file - Executing task :entry:default@ProcessCompiledResources
[2026-07-30T08:04:55.159] [DEBUG] debug-file - File: 'E:\0730\hongmeng1\entry\build\default\intermediates\preload\default\preload.json' from 'preloadSoJsonPath' is not exists, just ignore.
[2026-07-30T08:04:55.159] [DEBUG] debug-file - Task 'entry:default@ProcessCompiledResources' cost while wrapping incremental declarations: 1 ms 
[2026-07-30T08:04:55.159] [DEBUG] debug-file - entry : default@ProcessCompiledResources cost memory 0.05663299560546875
[2026-07-30T08:04:55.160] [DEBUG] debug-file - runTaskFromQueue task cost before running: 139 ms 
[2026-07-30T08:04:55.160] [INFO] debug-file - Finished :entry:default@ProcessCompiledResources... after 1 ms 
[2026-07-30T08:04:55.161] [DEBUG] debug-file - Executing task :entry:default@PackageHap
[2026-07-30T08:04:55.163] [DEBUG] debug-file - Incremental task entry:default@PackageHap pre-execution cost: 2 ms .
[2026-07-30T08:04:55.164] [DEBUG] debug-file - entry : default@PackageHap cost memory 0.42053985595703125
[2026-07-30T08:04:55.164] [INFO] debug-file - UP-TO-DATE :entry:default@PackageHap...  
[2026-07-30T08:04:55.165] [DEBUG] debug-file - Executing task :entry:default@PackingCheck
[2026-07-30T08:04:55.167] [DEBUG] debug-file - entry : default@PackingCheck cost memory 0.3058929443359375
[2026-07-30T08:04:55.167] [DEBUG] debug-file - runTaskFromQueue task cost before running: 146 ms 
[2026-07-30T08:04:55.167] [INFO] debug-file - Finished :entry:default@PackingCheck... after 3 ms 
[2026-07-30T08:04:55.167] [DEBUG] debug-file - Executing task :entry:default@SignHap
[2026-07-30T08:04:55.168] [WARN] debug-file - Will skip sign 'hos_hap'. No signingConfigs profile is configured in current project.
             If needed, configure the signingConfigs in E:\0730\hongmeng1\build-profile.json5.
[2026-07-30T08:04:55.168] [DEBUG] debug-file - entry:default@SignHap is not up-to-date, since the output file 'E:\0730\hongmeng1\entry\build\default\outputs\default\entry-default-signed.hap' does not exist.
[2026-07-30T08:04:55.168] [DEBUG] debug-file - Incremental task entry:default@SignHap pre-execution cost: 1 ms .
[2026-07-30T08:04:55.168] [DEBUG] debug-file - entry : default@SignHap cost memory 0.09566497802734375
[2026-07-30T08:04:55.168] [DEBUG] debug-file - runTaskFromQueue task cost before running: 148 ms 
[2026-07-30T08:04:55.168] [INFO] debug-file - Finished :entry:default@SignHap... after 1 ms 
[2026-07-30T08:04:55.169] [DEBUG] debug-file - Executing task :entry:default@CollectDebugSymbol
[2026-07-30T08:04:55.170] [DEBUG] debug-file - entry : default@CollectDebugSymbol cost memory 0.08190155029296875
[2026-07-30T08:04:55.170] [DEBUG] debug-file - runTaskFromQueue task cost before running: 150 ms 
[2026-07-30T08:04:55.170] [INFO] debug-file - Finished :entry:default@CollectDebugSymbol... after 1 ms 
[2026-07-30T08:04:55.170] [DEBUG] debug-file - Executing task :entry:assembleHap
[2026-07-30T08:04:55.170] [DEBUG] debug-file - entry : assembleHap cost memory 0.012725830078125
[2026-07-30T08:04:55.170] [DEBUG] debug-file - runTaskFromQueue task cost before running: 150 ms 
[2026-07-30T08:04:55.170] [INFO] debug-file - Finished :entry:assembleHap... after 1 ms 
[2026-07-30T08:04:55.177] [INFO] debug-file - BUILD SUCCESSFUL in 157 ms 
[2026-07-30T08:04:55.177] [DEBUG] debug-file - There is no need to refresh cache, since the incremental task entry:default@PreBuild is up-to-date.
[2026-07-30T08:04:55.177] [DEBUG] debug-file - Update task entry:default@CreateModuleInfo output file:E:\0730\hongmeng1\entry\build\default\generated\profile\default\ModuleInfo.ts cache.
[2026-07-30T08:04:55.177] [DEBUG] debug-file - Incremental task entry:default@CreateModuleInfo post-execution cost:1 ms .
[2026-07-30T08:04:55.178] [DEBUG] debug-file - There is no need to refresh cache, since the incremental task entry:default@GenerateMetadata is up-to-date.
[2026-07-30T08:04:55.178] [DEBUG] debug-file - There is no need to refresh cache, since the incremental task entry:default@MergeProfile is up-to-date.
[2026-07-30T08:04:55.178] [DEBUG] debug-file - There is no need to refresh cache, since the incremental task entry:default@CreateBuildProfile is up-to-date.
[2026-07-30T08:04:55.178] [DEBUG] debug-file - There is no need to refresh cache, since the incremental task entry:default@GeneratePkgContextInfo is up-to-date.
[2026-07-30T08:04:55.178] [DEBUG] debug-file - Update task entry:default@GeneratePkgSdkInfo output file:E:\0730\hongmeng1\entry\build\default\intermediates\loader\default\pkgSdkInfo.json cache.
[2026-07-30T08:04:55.178] [DEBUG] debug-file - Incremental task entry:default@GeneratePkgSdkInfo post-execution cost:1 ms .
[2026-07-30T08:04:55.178] [DEBUG] debug-file - Update task entry:default@ProcessIntegratedHsp output file:E:\0730\hongmeng1\build\cache\default\integrated_hsp\integratedHspCache.json cache.
[2026-07-30T08:04:55.178] [DEBUG] debug-file - Incremental task entry:default@ProcessIntegratedHsp post-execution cost:1 ms .
[2026-07-30T08:04:55.178] [DEBUG] debug-file - There is no need to refresh cache, since the incremental task entry:default@MakePackInfo is up-to-date.
[2026-07-30T08:04:55.178] [DEBUG] debug-file - Update task entry:default@SyscapTransform input file:D:\Program Files\DevEco Studio\sdk\default\openharmony\toolchains\syscap_tool.exe cache by regenerate.
[2026-07-30T08:04:55.178] [DEBUG] debug-file - Update task entry:default@SyscapTransform input file:D:\Program Files\DevEco Studio\sdk\default\openharmony\ets\api\device-define cache by regenerate.
[2026-07-30T08:04:55.179] [DEBUG] debug-file - Update task entry:default@SyscapTransform output file:E:\0730\hongmeng1\entry\build\default\intermediates\syscap\default\rpcid.sc cache.
[2026-07-30T08:04:55.179] [DEBUG] debug-file - Incremental task entry:default@SyscapTransform post-execution cost:1 ms .
[2026-07-30T08:04:55.179] [DEBUG] debug-file - There is no need to refresh cache, since the incremental task entry:default@ProcessProfile is up-to-date.
[2026-07-30T08:04:55.179] [DEBUG] debug-file - There is no need to refresh cache, since the incremental task entry:default@ProcessRouterMap is up-to-date.
[2026-07-30T08:04:55.179] [DEBUG] debug-file - There is no need to refresh cache, since the incremental task entry:default@ProcessShareConfig is up-to-date.
[2026-07-30T08:04:55.179] [DEBUG] debug-file - Update task entry:default@ProcessStartupConfig input file:E:\0730\hongmeng1\entry\build\default\intermediates\loader\default\pkgContextInfo.json cache by regenerate.
[2026-07-30T08:04:55.179] [DEBUG] debug-file - Update task entry:default@ProcessStartupConfig output file:E:\0730\hongmeng1\entry\build\default\intermediates\startup\default\startup_config.json cache.
[2026-07-30T08:04:55.179] [DEBUG] debug-file - Incremental task entry:default@ProcessStartupConfig post-execution cost:1 ms .
[2026-07-30T08:04:55.179] [DEBUG] debug-file - There is no need to refresh cache, since the incremental task entry:default@ProcessResource is up-to-date.
[2026-07-30T08:04:55.179] [DEBUG] debug-file - There is no need to refresh cache, since the incremental task entry:default@GenerateLoaderJson is up-to-date.
[2026-07-30T08:04:55.179] [DEBUG] debug-file - There is no need to refresh cache, since the incremental task entry:default@ProcessLibs is up-to-date.
[2026-07-30T08:04:55.179] [DEBUG] debug-file - There is no need to refresh cache, since the incremental task entry:default@CompileResource is up-to-date.
[2026-07-30T08:04:55.179] [DEBUG] debug-file - There is no need to refresh cache, since the incremental task entry:default@DoNativeStrip is up-to-date.
[2026-07-30T08:04:55.179] [DEBUG] debug-file - There is no need to refresh cache, since the incremental task entry:default@CompileArkTS is up-to-date.
[2026-07-30T08:04:55.180] [DEBUG] debug-file - Update task entry:default@BuildJS input file:E:\0730\hongmeng1\entry\build\default\intermediates\loader\default cache by regenerate.
[2026-07-30T08:04:55.180] [DEBUG] debug-file - Update task entry:default@BuildJS input file:E:\0730\hongmeng1\entry\build\default\intermediates\res\default\resources\rawfile cache by regenerate.
[2026-07-30T08:04:55.180] [DEBUG] debug-file - Update task entry:default@BuildJS input file:E:\0730\hongmeng1\entry\build\default\intermediates\res\default\ResourceTable.txt cache by regenerate.
[2026-07-30T08:04:55.180] [DEBUG] debug-file - Update task entry:default@BuildJS input file:E:\0730\hongmeng1\entry\build\default\intermediates\res\default\ark_module.json cache by regenerate.
[2026-07-30T08:04:55.180] [DEBUG] debug-file - Update task entry:default@BuildJS input file:E:\0730\hongmeng1\entry\build\default\intermediates\res\default\resources\base\profile cache by regenerate.
[2026-07-30T08:04:55.180] [DEBUG] debug-file - Update task entry:default@BuildJS input file:E:\0730\hongmeng1\entry\build\default\intermediates\loader\default\pkgContextInfo.json cache by regenerate.
[2026-07-30T08:04:55.181] [DEBUG] debug-file - Update task entry:default@BuildJS output file:E:\0730\hongmeng1\entry\build\default\intermediates\loader_out\default\js cache.
[2026-07-30T08:04:55.181] [DEBUG] debug-file - Incremental task entry:default@BuildJS post-execution cost:2 ms .
[2026-07-30T08:04:55.181] [DEBUG] debug-file - There is no need to refresh cache, since the incremental task entry:default@CacheNativeLibs is up-to-date.
[2026-07-30T08:04:55.181] [DEBUG] debug-file - There is no need to refresh cache, since the incremental task entry:default@GeneratePkgModuleJson is up-to-date.
[2026-07-30T08:04:55.181] [DEBUG] debug-file - Incremental task entry:default@ProcessCompiledResources post-execution cost:1 ms .
[2026-07-30T08:04:55.181] [DEBUG] debug-file - There is no need to refresh cache, since the incremental task entry:default@PackageHap is up-to-date.
[2026-07-30T08:04:55.181] [DEBUG] debug-file - Update task entry:default@SignHap input file:E:\0730\hongmeng1\entry\build\default\outputs\default\entry-default-unsigned.hap cache by regenerate.
[2026-07-30T08:04:55.181] [DEBUG] debug-file - Update task entry:default@SignHap output file:E:\0730\hongmeng1\entry\build\default\outputs\default\entry-default-signed.hap cache.
[2026-07-30T08:04:55.181] [DEBUG] debug-file - Incremental task entry:default@SignHap post-execution cost:1 ms .
[2026-07-30T08:04:55.181] [DEBUG] debug-file - Update task entry:default@CollectDebugSymbol input file:E:\0730\hongmeng1\entry\build\default\intermediates\loader_out\default\ets\sourceMaps.map cache by regenerate.
[2026-07-30T08:04:55.182] [DEBUG] debug-file - Update task entry:default@CollectDebugSymbol input file:E:\0730\hongmeng1\entry\build\default\intermediates\libs\default cache by regenerate.
[2026-07-30T08:04:55.182] [DEBUG] debug-file - Update task entry:default@CollectDebugSymbol output file:E:\0730\hongmeng1\entry\build\default\outputs\default\symbol cache.
[2026-07-30T08:04:55.182] [DEBUG] debug-file - Incremental task entry:default@CollectDebugSymbol post-execution cost:1 ms .
[2026-07-30T08:04:55.198] [DEBUG] debug-file - hvigor build process will be closed.
[2026-07-30T08:04:55.203] [DEBUG] debug-file - session manager: send message to worker process.
[2026-07-30T08:04:55.204] [DEBUG] debug-file - session manager: send message to worker process.
[2026-07-30T08:04:55.204] [DEBUG] debug-file - watch worker: worker id should be larger than 0. Nothing will be sent to any worker thread.
[2026-07-30T08:04:55.204] [DEBUG] debug-file - watch worker: worker id should be larger than 0. Nothing will be sent to any worker thread.
[2026-07-30T08:08:20.329] [DEBUG] debug-file - session manager: set active socket. socketId=5sxgVgx4aldMqkGLAAAJ
[2026-07-30T08:08:20.333] [DEBUG] debug-file - watch worker: worker id should be larger than 0. Nothing will be sent to any worker thread.
[2026-07-30T08:08:20.336] [DEBUG] debug-file - Workers' log level updated to INFO
[2026-07-30T08:08:20.338] [DEBUG] debug-file - Hvigor init with startParameters:{
  hvigorfileTypeCheck: false,
  parallelExecution: true,
  incrementalExecution: true,
  printStackTrace: false,
  daemon: true,
  analyze: 0,
  logLevel: Level { level: 20000, levelStr: 'INFO', colour: 'green' },
  optimizationStrategy: 'memory',
  hotCompile: undefined,
  hotReloadBuild: undefined,
  customizedParam: undefined
}
[2026-07-30T08:08:20.342] [DEBUG] debug-file - Cache service initialization finished in 4 ms 
[2026-07-30T08:08:20.343] [DEBUG] debug-file - hvigorfile, resolving E:\0730\hongmeng1\hvigorfile.ts
[2026-07-30T08:08:20.349] [DEBUG] debug-file - hvigorfile, require result:  { default: { plugins: [] } }
[2026-07-30T08:08:20.349] [DEBUG] debug-file - hvigorfile, binding system plugins null
[2026-07-30T08:08:20.349] [DEBUG] debug-file - Starting plugin build process
[2026-07-30T08:08:20.349] [DEBUG] debug-file - App plugin prepare start...
[2026-07-30T08:08:20.349] [DEBUG] debug-file - App plugin prepare end...
[2026-07-30T08:08:20.349] [DEBUG] debug-file - App plugin creating...
[2026-07-30T08:08:20.352] [DEBUG] debug-file - App plugin register hook start...
[2026-07-30T08:08:20.352] [DEBUG] debug-file - App plugin register hook end...
[2026-07-30T08:08:20.352] [DEBUG] debug-file - Plugin build process completed
[2026-07-30T08:08:20.353] [DEBUG] debug-file - Start initialize project's product build option map with build mode debug.
[2026-07-30T08:08:20.353] [DEBUG] debug-file - Picking option from product 'default' with build mode 'debug'.
[2026-07-30T08:08:20.353] [DEBUG] debug-file - Product 'default' build option initialized
[2026-07-30T08:08:20.353] [DEBUG] debug-file - End initialize project's product build option map with build mode 'debug'.
[2026-07-30T08:08:20.354] [DEBUG] debug-file - Obtain build option for product 'default'in this build.
[2026-07-30T08:08:20.356] [DEBUG] debug-file - No signingConfig found, initRemoteHspCache failed.
[2026-07-30T08:08:20.357] [DEBUG] debug-file - Start recording SDK configuration permission data.
[2026-07-30T08:08:20.378] [DEBUG] debug-file - Sdk init in 23 ms 
[2026-07-30T08:08:20.380] [DEBUG] debug-file - Project task initialization takes 2 ms 
[2026-07-30T08:08:20.380] [DEBUG] debug-file - hvigorfile, begin to bind custom plugins...
[2026-07-30T08:08:20.380] [DEBUG] debug-file - hvigorfile, no custom plugins were found in E:\0730\hongmeng1\hvigorfile.ts
[2026-07-30T08:08:20.380] [DEBUG] debug-file - hvigorfile, resolve finished E:\0730\hongmeng1\hvigorfile.ts
[2026-07-30T08:08:20.380] [DEBUG] debug-file - hvigorfile, resolving E:\0730\hongmeng1\entry\hvigorfile.ts
[2026-07-30T08:08:20.384] [DEBUG] debug-file - hvigorfile, require result:  { default: { plugins: [] } }
[2026-07-30T08:08:20.384] [DEBUG] debug-file - hvigorfile, binding system plugins null
[2026-07-30T08:08:20.384] [DEBUG] debug-file - Starting plugin build process
[2026-07-30T08:08:20.384] [DEBUG] debug-file - Hap plugin creating...
[2026-07-30T08:08:20.385] [DEBUG] debug-file - failed to load cangjie to dynamically generate schemas: Error: Cannot find module '@ohos/cangjie-build-support/index'
Require stack:
- D:\Program Files\DevEco Studio\tools\hvigor\hvigor-ohos-plugin\src\plugin\hooks\cangjie-register.js
- D:\Program Files\DevEco Studio\tools\hvigor\hvigor-ohos-plugin\src\plugin\strategy\stage-init-strategy.js
- D:\Program Files\DevEco Studio\tools\hvigor\hvigor-ohos-plugin\src\plugin\builder\abstract-plugin-builder.js
- D:\Program Files\DevEco Studio\tools\hvigor\hvigor-ohos-plugin\src\plugin\builder\app-plugin-builder.js
- D:\Program Files\DevEco Studio\tools\hvigor\hvigor-ohos-plugin\src\plugin\factory\plugin-factory.js
- D:\Program Files\DevEco Studio\tools\hvigor\hvigor-ohos-plugin\index.js
- E:\0730\hongmeng1\hvigorfile.ts
- D:\Program Files\DevEco Studio\tools\hvigor\hvigor\src\base\internal\lifecycle\configuration.js
- D:\Program Files\DevEco Studio\tools\hvigor\hvigor\src\base\boot\index.js
- D:\Program Files\DevEco Studio\tools\hvigor\hvigor\src\base\daemon\cluster\worker-process-lifecycle.js
- D:\Program Files\DevEco Studio\tools\hvigor\hvigor\src\base\daemon\process\daemon-process-boot-script.js
[2026-07-30T08:08:20.386] [DEBUG] debug-file - Start initialize module-target build option map, moduleName=entry, buildMode=debug
[2026-07-30T08:08:20.386] [DEBUG] debug-file - Target 'default' config initialized
[2026-07-30T08:08:20.386] [DEBUG] debug-file - Target 'ohosTest' config initialized
[2026-07-30T08:08:20.386] [DEBUG] debug-file - Module 'entry' target 'default' build option initialized
[2026-07-30T08:08:20.386] [DEBUG] debug-file - Module 'entry' target 'ohosTest' build option initialized
[2026-07-30T08:08:20.386] [DEBUG] debug-file - End initialize module-target build option map, moduleName=entry
[2026-07-30T08:08:20.386] [DEBUG] debug-file - Start initialize module-target build option map, moduleName=entry, buildMode=release
[2026-07-30T08:08:20.386] [DEBUG] debug-file - Target 'default' config initialized
[2026-07-30T08:08:20.387] [DEBUG] debug-file - Target 'ohosTest' config initialized
[2026-07-30T08:08:20.387] [DEBUG] debug-file - Module 'entry' target 'default' build option initialized
[2026-07-30T08:08:20.387] [DEBUG] debug-file - Module 'entry' target 'ohosTest' build option initialized
[2026-07-30T08:08:20.387] [DEBUG] debug-file - End initialize module-target build option map, moduleName=entry
[2026-07-30T08:08:20.387] [DEBUG] debug-file - Start initialize module-target build option map, moduleName=entry, buildMode=debug
[2026-07-30T08:08:20.387] [DEBUG] debug-file - Target 'default' config initialized
[2026-07-30T08:08:20.387] [DEBUG] debug-file - Target 'ohosTest' config initialized
[2026-07-30T08:08:20.387] [DEBUG] debug-file - Module 'entry' target 'default' build option initialized
[2026-07-30T08:08:20.387] [DEBUG] debug-file - Module 'entry' target 'ohosTest' build option initialized
[2026-07-30T08:08:20.387] [DEBUG] debug-file - End initialize module-target build option map, moduleName=entry
[2026-07-30T08:08:20.387] [DEBUG] debug-file - Obtain build option for module 'entry' target 'default'in this build.
[2026-07-30T08:08:20.388] [DEBUG] debug-file - Module entry task initialization takes 1 ms 
[2026-07-30T08:08:20.388] [DEBUG] debug-file - Hap plugin register hook start...
[2026-07-30T08:08:20.388] [DEBUG] debug-file - Hap plugin register hook end...
[2026-07-30T08:08:20.388] [DEBUG] debug-file - Plugin build process completed
[2026-07-30T08:08:20.388] [DEBUG] debug-file - hvigorfile, begin to bind custom plugins...
[2026-07-30T08:08:20.388] [DEBUG] debug-file - hvigorfile, no custom plugins were found in E:\0730\hongmeng1\entry\hvigorfile.ts
[2026-07-30T08:08:20.388] [DEBUG] debug-file - hvigorfile, resolve finished E:\0730\hongmeng1\entry\hvigorfile.ts
[2026-07-30T08:08:20.402] [DEBUG] debug-file - hvigorfile, resolve hvigorfile dependencies in 14 ms 
[2026-07-30T08:08:20.402] [DEBUG] debug-file - project has submodules:entry
[2026-07-30T08:08:20.403] [DEBUG] debug-file - start to load updatedOhPackageInfo to the disk
[2026-07-30T08:08:20.404] [DEBUG] debug-file - load to the disk finished
[2026-07-30T08:08:20.404] [DEBUG] debug-file - Start to initialize dependency information.
[2026-07-30T08:08:20.407] [DEBUG] debug-file - Module hongmeng1 Collected Dependency: 
[2026-07-30T08:08:20.407] [DEBUG] debug-file - Module hongmeng1's total dependency: 0
[2026-07-30T08:08:20.407] [DEBUG] debug-file - Start to initialize dependency information.
[2026-07-30T08:08:20.408] [DEBUG] debug-file - Module entry Collected Dependency: 
[2026-07-30T08:08:20.408] [DEBUG] debug-file - Module entry's total dependency: 0
[2026-07-30T08:08:20.409] [DEBUG] debug-file - Configuration phase cost:67 ms 
[2026-07-30T08:08:20.409] [DEBUG] debug-file - Configuration task cost before running: 73 ms 
[2026-07-30T08:08:20.411] [DEBUG] debug-file - Executing task :entry:default@PreBuild
[2026-07-30T08:08:20.413] [DEBUG] debug-file - Task 'entry:default@PreBuild' cost while wrapping incremental declarations: 1 ms 
[2026-07-30T08:08:20.415] [DEBUG] debug-file - Incremental task entry:default@PreBuild pre-execution cost: 2 ms .
[2026-07-30T08:08:20.415] [DEBUG] debug-file - entry : default@PreBuild cost memory 0.5711288452148438
[2026-07-30T08:08:20.416] [INFO] debug-file - UP-TO-DATE :entry:default@PreBuild...  
[2026-07-30T08:08:20.417] [DEBUG] debug-file - Executing task :entry:default@CreateModuleInfo
[2026-07-30T08:08:20.417] [DEBUG] debug-file - Task 'entry:default@CreateModuleInfo' cost while wrapping incremental declarations: 1 ms 
[2026-07-30T08:08:20.417] [DEBUG] debug-file - entry : default@CreateModuleInfo cost memory -1.74163818359375
[2026-07-30T08:08:20.418] [DEBUG] debug-file - runTaskFromQueue task cost before running: 82 ms 
[2026-07-30T08:08:20.418] [INFO] debug-file - Finished :entry:default@CreateModuleInfo... after 2 ms 
[2026-07-30T08:08:20.418] [DEBUG] debug-file - Executing task :entry:default@GenerateMetadata
[2026-07-30T08:08:20.419] [DEBUG] debug-file - Task 'entry:default@GenerateMetadata' cost while wrapping incremental declarations: 1 ms 
[2026-07-30T08:08:20.419] [DEBUG] debug-file - Incremental task entry:default@GenerateMetadata pre-execution cost: 1 ms .
[2026-07-30T08:08:20.419] [DEBUG] debug-file - entry : default@GenerateMetadata cost memory 0.08179473876953125
[2026-07-30T08:08:20.419] [INFO] debug-file - UP-TO-DATE :entry:default@GenerateMetadata...  
[2026-07-30T08:08:20.420] [DEBUG] debug-file - Executing task :entry:default@ConfigureCmake
[2026-07-30T08:08:20.420] [DEBUG] debug-file - entry : default@ConfigureCmake cost memory 0.01446533203125
[2026-07-30T08:08:20.420] [DEBUG] debug-file - runTaskFromQueue task cost before running: 84 ms 
[2026-07-30T08:08:20.420] [INFO] debug-file - Finished :entry:default@ConfigureCmake... after 1 ms 
[2026-07-30T08:08:20.421] [DEBUG] debug-file - Executing task :entry:default@MergeProfile
[2026-07-30T08:08:20.421] [DEBUG] debug-file - Task 'entry:default@MergeProfile' cost while wrapping incremental declarations: 1 ms 
[2026-07-30T08:08:20.422] [DEBUG] debug-file - Incremental task entry:default@MergeProfile pre-execution cost: 1 ms .
[2026-07-30T08:08:20.422] [DEBUG] debug-file - entry : default@MergeProfile cost memory 0.122161865234375
[2026-07-30T08:08:20.422] [INFO] debug-file - UP-TO-DATE :entry:default@MergeProfile...  
[2026-07-30T08:08:20.423] [DEBUG] debug-file - Executing task :entry:default@CreateBuildProfile
[2026-07-30T08:08:20.423] [DEBUG] debug-file - Task 'entry:default@CreateBuildProfile' cost while wrapping incremental declarations: 1 ms 
[2026-07-30T08:08:20.423] [DEBUG] debug-file - Incremental task entry:default@CreateBuildProfile pre-execution cost: 1 ms .
[2026-07-30T08:08:20.423] [DEBUG] debug-file - entry : default@CreateBuildProfile cost memory 0.10137939453125
[2026-07-30T08:08:20.424] [INFO] debug-file - UP-TO-DATE :entry:default@CreateBuildProfile...  
[2026-07-30T08:08:20.424] [DEBUG] debug-file - Executing task :entry:default@PreCheckSyscap
[2026-07-30T08:08:20.424] [DEBUG] debug-file - entry : default@PreCheckSyscap cost memory 0.0146942138671875
[2026-07-30T08:08:20.424] [DEBUG] debug-file - runTaskFromQueue task cost before running: 88 ms 
[2026-07-30T08:08:20.424] [INFO] debug-file - Finished :entry:default@PreCheckSyscap... after 1 ms 
[2026-07-30T08:08:20.425] [DEBUG] debug-file - Executing task :entry:default@GeneratePkgContextInfo
[2026-07-30T08:08:20.427] [DEBUG] debug-file - Task 'entry:default@GeneratePkgContextInfo' cost while wrapping incremental declarations: 1 ms 
[2026-07-30T08:08:20.427] [DEBUG] debug-file - Incremental task entry:default@GeneratePkgContextInfo pre-execution cost: 1 ms .
[2026-07-30T08:08:20.427] [DEBUG] debug-file - entry : default@GeneratePkgContextInfo cost memory 0.19452667236328125
[2026-07-30T08:08:20.427] [INFO] debug-file - UP-TO-DATE :entry:default@GeneratePkgContextInfo...  
[2026-07-30T08:08:20.427] [DEBUG] debug-file - Executing task :entry:default@GeneratePkgSdkInfo
[2026-07-30T08:08:20.428] [DEBUG] debug-file - Task 'entry:default@GeneratePkgSdkInfo' cost while wrapping incremental declarations: 1 ms 
[2026-07-30T08:08:20.429] [DEBUG] debug-file - entry : default@GeneratePkgSdkInfo cost memory 0.11658477783203125
[2026-07-30T08:08:20.429] [DEBUG] debug-file - runTaskFromQueue task cost before running: 93 ms 
[2026-07-30T08:08:20.429] [INFO] debug-file - Finished :entry:default@GeneratePkgSdkInfo... after 2 ms 
[2026-07-30T08:08:20.430] [DEBUG] debug-file - Executing task :entry:default@ProcessIntegratedHsp
[2026-07-30T08:08:20.430] [DEBUG] debug-file - entry:default@ProcessIntegratedHsp is not up-to-date, since the output file 'E:\0730\hongmeng1\build\cache\default\integrated_hsp\integratedHspCache.json' does not exist.
[2026-07-30T08:08:20.431] [DEBUG] debug-file - Incremental task entry:default@ProcessIntegratedHsp pre-execution cost: 1 ms .
[2026-07-30T08:08:20.431] [DEBUG] debug-file - entry : default@ProcessIntegratedHsp cost memory 0.0547027587890625
[2026-07-30T08:08:20.431] [DEBUG] debug-file - runTaskFromQueue task cost before running: 95 ms 
[2026-07-30T08:08:20.431] [INFO] debug-file - Finished :entry:default@ProcessIntegratedHsp... after 1 ms 
[2026-07-30T08:08:20.431] [DEBUG] debug-file - Executing task :entry:default@BuildNativeWithCmake
[2026-07-30T08:08:20.431] [DEBUG] debug-file - entry : default@BuildNativeWithCmake cost memory 0.0144805908203125
[2026-07-30T08:08:20.431] [DEBUG] debug-file - runTaskFromQueue task cost before running: 95 ms 
[2026-07-30T08:08:20.431] [INFO] debug-file - Finished :entry:default@BuildNativeWithCmake... after 1 ms 
[2026-07-30T08:08:20.432] [DEBUG] debug-file - Executing task :entry:default@MakePackInfo
[2026-07-30T08:08:20.434] [DEBUG] debug-file - Incremental task entry:default@MakePackInfo pre-execution cost: 1 ms .
[2026-07-30T08:08:20.434] [DEBUG] debug-file - entry : default@MakePackInfo cost memory -1.4582061767578125
[2026-07-30T08:08:20.434] [INFO] debug-file - UP-TO-DATE :entry:default@MakePackInfo...  
[2026-07-30T08:08:20.435] [DEBUG] debug-file - Executing task :entry:default@SyscapTransform
[2026-07-30T08:08:20.435] [DEBUG] debug-file - File: 'E:\0730\hongmeng1\entry\src\main\syscap.json' from 'sysCapJsonPath' is not exists, just ignore.
[2026-07-30T08:08:20.435] [DEBUG] debug-file - Task 'entry:default@SyscapTransform' cost while wrapping incremental declarations: 1 ms 
[2026-07-30T08:08:20.436] [DEBUG] debug-file - entry:default@SyscapTransform is not up-to-date, since the output file 'E:\0730\hongmeng1\entry\build\default\intermediates\syscap\default\rpcid.sc' does not exist.
[2026-07-30T08:08:20.436] [DEBUG] debug-file - Incremental task entry:default@SyscapTransform pre-execution cost: 1 ms .
[2026-07-30T08:08:20.436] [DEBUG] debug-file - entry : default@SyscapTransform cost memory 0.1463623046875
[2026-07-30T08:08:20.436] [DEBUG] debug-file - runTaskFromQueue task cost before running: 100 ms 
[2026-07-30T08:08:20.436] [INFO] debug-file - Finished :entry:default@SyscapTransform... after 2 ms 
[2026-07-30T08:08:20.437] [DEBUG] debug-file - Executing task :entry:default@ProcessProfile
[2026-07-30T08:08:20.438] [DEBUG] debug-file - Task 'entry:default@ProcessProfile' cost while wrapping incremental declarations: 1 ms 
[2026-07-30T08:08:20.438] [DEBUG] debug-file - Incremental task entry:default@ProcessProfile pre-execution cost: 1 ms .
[2026-07-30T08:08:20.438] [DEBUG] debug-file - entry : default@ProcessProfile cost memory 0.13116455078125
[2026-07-30T08:08:20.438] [INFO] debug-file - UP-TO-DATE :entry:default@ProcessProfile...  
[2026-07-30T08:08:20.439] [DEBUG] debug-file - Executing task :entry:default@ProcessRouterMap
[2026-07-30T08:08:20.440] [DEBUG] debug-file - Incremental task entry:default@ProcessRouterMap pre-execution cost: 1 ms .
[2026-07-30T08:08:20.440] [DEBUG] debug-file - entry : default@ProcessRouterMap cost memory 0.1490478515625
[2026-07-30T08:08:20.440] [INFO] debug-file - UP-TO-DATE :entry:default@ProcessRouterMap...  
[2026-07-30T08:08:20.440] [DEBUG] debug-file - Executing task :entry:default@ProcessShareConfig
[2026-07-30T08:08:20.442] [DEBUG] debug-file - Incremental task entry:default@ProcessShareConfig pre-execution cost: 1 ms .
[2026-07-30T08:08:20.442] [DEBUG] debug-file - entry : default@ProcessShareConfig cost memory 0.12590789794921875
[2026-07-30T08:08:20.442] [INFO] debug-file - UP-TO-DATE :entry:default@ProcessShareConfig...  
[2026-07-30T08:08:20.443] [DEBUG] debug-file - Executing task :entry:default@ProcessStartupConfig
[2026-07-30T08:08:20.443] [DEBUG] debug-file - Task 'entry:default@ProcessStartupConfig' cost while wrapping incremental declarations: 1 ms 
[2026-07-30T08:08:20.444] [DEBUG] debug-file - entry:default@ProcessStartupConfig is not up-to-date, since the output file 'E:\0730\hongmeng1\entry\build\default\intermediates\startup\default\startup_config.json' does not exist.
[2026-07-30T08:08:20.444] [DEBUG] debug-file - Incremental task entry:default@ProcessStartupConfig pre-execution cost: 1 ms .
[2026-07-30T08:08:20.444] [DEBUG] debug-file - entry : default@ProcessStartupConfig cost memory 0.1286468505859375
[2026-07-30T08:08:20.444] [DEBUG] debug-file - runTaskFromQueue task cost before running: 108 ms 
[2026-07-30T08:08:20.444] [INFO] debug-file - Finished :entry:default@ProcessStartupConfig... after 2 ms 
[2026-07-30T08:08:20.445] [DEBUG] debug-file - Executing task :entry:default@BuildNativeWithNinja
[2026-07-30T08:08:20.445] [DEBUG] debug-file - entry : default@BuildNativeWithNinja cost memory 0.02002716064453125
[2026-07-30T08:08:20.445] [DEBUG] debug-file - runTaskFromQueue task cost before running: 109 ms 
[2026-07-30T08:08:20.445] [INFO] debug-file - Finished :entry:default@BuildNativeWithNinja... after 1 ms 
[2026-07-30T08:08:20.446] [DEBUG] debug-file - restool module names: entry; moduleName=entry, taskName=default@ProcessResource
[2026-07-30T08:08:20.446] [DEBUG] debug-file - Executing task :entry:default@ProcessResource
[2026-07-30T08:08:20.447] [DEBUG] debug-file - Task 'entry:default@ProcessResource' cost while wrapping incremental declarations: 1 ms 
[2026-07-30T08:08:20.448] [DEBUG] debug-file - Incremental task entry:default@ProcessResource pre-execution cost: 1 ms .
[2026-07-30T08:08:20.448] [DEBUG] debug-file - entry : default@ProcessResource cost memory -1.4895248413085938
[2026-07-30T08:08:20.448] [INFO] debug-file - UP-TO-DATE :entry:default@ProcessResource...  
[2026-07-30T08:08:20.449] [DEBUG] debug-file - Executing task :entry:default@GenerateLoaderJson
[2026-07-30T08:08:20.449] [DEBUG] debug-file - Task 'entry:default@GenerateLoaderJson' cost while wrapping incremental declarations: 1 ms 
[2026-07-30T08:08:20.454] [DEBUG] debug-file - Incremental task entry:default@GenerateLoaderJson pre-execution cost: 3 ms .
[2026-07-30T08:08:20.454] [DEBUG] debug-file - entry : default@GenerateLoaderJson cost memory 0.465179443359375
[2026-07-30T08:08:20.455] [INFO] debug-file - UP-TO-DATE :entry:default@GenerateLoaderJson...  
[2026-07-30T08:08:20.456] [DEBUG] debug-file - Executing task :entry:default@ProcessLibs
[2026-07-30T08:08:20.457] [DEBUG] debug-file - Incremental task entry:default@ProcessLibs pre-execution cost: 1 ms .
[2026-07-30T08:08:20.457] [DEBUG] debug-file - entry : default@ProcessLibs cost memory 0.09416961669921875
[2026-07-30T08:08:20.458] [INFO] debug-file - UP-TO-DATE :entry:default@ProcessLibs...  
[2026-07-30T08:08:20.459] [DEBUG] debug-file - restool module names: entry; moduleName=entry, taskName=default@CompileResource
[2026-07-30T08:08:20.459] [DEBUG] debug-file - Executing task :entry:default@CompileResource
[2026-07-30T08:08:20.464] [DEBUG] debug-file - Incremental task entry:default@CompileResource pre-execution cost: 5 ms .
[2026-07-30T08:08:20.464] [DEBUG] debug-file - entry : default@CompileResource cost memory -1.0330810546875
[2026-07-30T08:08:20.465] [INFO] debug-file - UP-TO-DATE :entry:default@CompileResource...  
[2026-07-30T08:08:20.466] [DEBUG] debug-file - Executing task :entry:default@DoNativeStrip
[2026-07-30T08:08:20.466] [DEBUG] debug-file - File: 'E:\0730\hongmeng1\entry\build\default\intermediates\binxo\default' from 'doBinxoNativeLibs' is not exists, just ignore.
[2026-07-30T08:08:20.466] [DEBUG] debug-file - Task 'entry:default@DoNativeStrip' cost while wrapping incremental declarations: 1 ms 
[2026-07-30T08:08:20.466] [DEBUG] debug-file - Incremental task entry:default@DoNativeStrip pre-execution cost: 1 ms .
[2026-07-30T08:08:20.466] [DEBUG] debug-file - entry : default@DoNativeStrip cost memory 0.09152984619140625
[2026-07-30T08:08:20.467] [INFO] debug-file - UP-TO-DATE :entry:default@DoNativeStrip...  
[2026-07-30T08:08:20.469] [DEBUG] debug-file - Executing task :entry:default@CompileArkTS
[2026-07-30T08:08:20.470] [DEBUG] debug-file - obfuscationOptions: undefined
[2026-07-30T08:08:20.470] [DEBUG] debug-file - Task 'entry:default@CompileArkTS' cost while wrapping incremental declarations: 1 ms 
[2026-07-30T08:08:20.477] [DEBUG] debug-file - entry:default@CompileArkTS is not up-to-date, since the input file 'E:\0730\hongmeng1\entry\src\main\ets' has been changed.
[2026-07-30T08:08:20.477] [DEBUG] debug-file - Incremental task entry:default@CompileArkTS pre-execution cost: 6 ms .
[2026-07-30T08:08:20.483] [DEBUG] debug-file - build config:
[2026-07-30T08:08:20.483] [DEBUG] debug-file - {
  moduleType: 'entry',
  perf: 0,
  targetName: '.default',
  packageManagerType: 'ohpm',
  localPropertiesPath: 'E:\\0730\\hongmeng1\\local.properties',
  isPreview: false,
  isOhosTest: false,
  isLocalTest: false,
  buildMode: 'Debug',
  hotReloadBuild: undefined,
  watchMode: 'false',
  aceProfilePath: 'E:\\0730\\hongmeng1\\entry\\build\\default\\intermediates\\res\\default\\resources\\base\\profile',
  etsLoaderPath: 'D:\\Program Files\\DevEco Studio\\sdk\\default\\openharmony\\ets\\build-tools\\ets-loader',
  modulePath: 'E:\\0730\\hongmeng1\\entry',
  testFrameworkPar: {
    testMode: undefined,
    coveragePathFilter: undefined,
    coverageMode: undefined
  },
  needCoverageInsert: false,
  debugLine: false,
  projectTopDir: 'E:\\0730\\hongmeng1',
  compileSdkVersion: 24,
  compatibleSdkVersion: 24,
  originCompatibleSdkVersion: '6.1.1(24)',
  compatibleSdkVersionStage: undefined,
  bundleName: 'c***u',
  etsLoaderVersion: '6.1.1.125',
  etsLoaderReleaseType: 'Release',
  aotCompileMode: 'type',
  apPath: 'E:\\0730\\hongmeng1\\entry\\modules.ap',
  entryModuleName: 'entry',
  entryModuleVersion: '1.0.0',
  entryPackageName: 'entry',
  allModuleNameHash: '0b3ae234c739ce534a5d110fbc6132a54e338810eb756783129ed33f057aa2f2',
  externalApiPaths: [ 'D:\\Program Files\\DevEco Studio\\sdk\\default\\hms\\ets' ],
  compilerTypes: [],
  isCrossplatform: false,
  hvigorPluginFile: undefined,
  compilePluginPath: undefined,
  buildGeneratedProfilePath: 'E:\\0730\\hongmeng1\\entry\\build\\default\\generated\\profile\\default',
  bundleType: 'app',
  arkTSVersion: undefined,
  apiVersion: 24,
  needCompleteSourcesMap: false,
  isFaMode: false,
  buildDir: 'E:\\0730\\hongmeng1\\entry\\build',
  deviceTypes: [ 'phone' ],
  pkgContextInfo: {
    '@ohos/hypium': {
      packageName: '@ohos/hypium',
      bundleName: '*****',
      moduleName: '',
      version: '1.0.25',
      entryPath: 'index.js',
      isSO: false,
      dependencyAlias: ''
    },
    '@ohos/hamock': {
      packageName: '@ohos/hamock',
      bundleName: '*****',
      moduleName: '',
      version: '1.0.0',
      entryPath: 'index.ets',
      isSO: false,
      dependencyAlias: ''
    },
    entry: {
      packageName: 'entry',
      bundleName: '*****',
      moduleName: '',
      version: '',
      entryPath: 'src/main/',
      isSO: false,
      dependencyAlias: ''
    }
  },
  ohPackagePathMap: {},
  dependencyAliasMap: {},
  permission: { requestPermissions: [ [Object] ], definePermissions: undefined },
  useGetCurrentBundleName: false,
  projectArkOption: undefined,
  sourceMapDir: undefined,
  branchElimination: false,
  transformLib: undefined,
  tsImportSendable: false,
  resolveConflictMode: true,
  depName2RootPath: {},
  depName2DepInfo: {},
  depName2OhExports: {},
  rootPathSet: [ 'E:\\0730\\hongmeng1' ],
  useNativeResolver: true,
  shouldEmitJs: true,
  useTscResolve: false,
  singleFileEmit: false,
  userProjectConfig: {
    autoLazyImport: false,
    allowEmptyBundleName: false,
    reExportCheckMode: 'noCheck',
    executionMode: 'memory',
    usePathPlaceholder: false,
    writeRollupCache: true,
    isExpandImportEnabled: false,
    expandImportExclude: '',
    lazyImportExclude: '',
    lazyImportInclude: '',
    ignoreCrossplatformCheck: false,
    isHarDeduplicateEnabled: false,
    skipOhModulesLint: false,
    enableStrictCheckOHModule: false,
    disableSendableCheckRules: [],
    useDeclarationFileSignature: false,
    customizedOptions: undefined,
    integratedHsp: false,
    isPreloadSoEnabled: false
  },
  executionMode: 'memory',
  arkCompileCachePath: 'E:\\0730\\hongmeng1\\entry\\build\\default\\cache\\default\\default@CompileArkTS\\esmodule',
  autoLazyFilter: undefined,
  isHarDeduplicateEnabled: false,
  intermediateHarDuplicateDirPath: 'E:\\0730\\hongmeng1\\entry\\build\\default\\intermediates\\har_duplicate\\default',
  autoLazyImport: false,
  allowEmptyBundleName: false,
  reExportCheckMode: 'noCheck',
  usePathPlaceholder: false,
  writeRollupCache: true,
  isExpandImportEnabled: false,
  expandImportExclude: '',
  lazyImportExclude: '',
  lazyImportInclude: '',
  ignoreCrossplatformCheck: false,
  skipOhModulesLint: false,
  enableStrictCheckOHModule: false,
  disableSendableCheckRules: [],
  useDeclarationFileSignature: false,
  customizedOptions: undefined,
  integratedHsp: false,
  isPreloadSoEnabled: false,
  strictMode: {
    caseSensitiveCheck: true,
    useNormalizedOHMUrl: true,
    noExternalImportByPath: true
  },
  useNormalizedOHMUrl: true,
  caseSensitiveCheck: true,
  strictCheckerOnly: false,
  aceModuleJsonPath: 'E:\\0730\\hongmeng1\\entry\\build\\default\\intermediates\\res\\default\\ark_module.json',
  appResource: 'E:\\0730\\hongmeng1\\entry\\build\\default\\intermediates\\res\\default\\ResourceTable.txt',
  rawFileResource: 'E:\\0730\\hongmeng1\\entry\\build\\default\\intermediates\\res\\default\\resources\\rawfile',
  resourceTableHash: 'd81a83941c07883d4327563ba2cfe0ac7f68042912820a1577b99d29cbd144cc',
  runtimeOS: 'HarmonyOS',
  sdkInfo: 'false:24:6.1.1.125:Release',
  aceModuleRoot: 'E:\\0730\\hongmeng1\\entry\\src\\main\\ets',
  compileMode: 'esmodule',
  aceSuperVisualPath: 'E:\\0730\\hongmeng1\\entry\\src\\main\\supervisual',
  aceBuildJson: 'E:\\0730\\hongmeng1\\entry\\build\\default\\intermediates\\loader\\default\\loader.json',
  cachePath: 'E:\\0730\\hongmeng1\\entry\\build\\default\\cache\\default\\default@CompileArkTS\\esmodule\\debug',
  aceModuleBuild: 'E:\\0730\\hongmeng1\\entry\\build\\default\\intermediates\\loader_out\\default\\ets',
  supportChunks: true,
  declaredFilesPath: undefined,
  shouldCollectDirectImportees: false,
  isByteCodeHarOptimize: false,
  expandImportPath: undefined,
  resourceTableTs: 'E:\\0730\\hongmeng1\\entry\\build\\default\\generated\\r\\default\\ResourceTable.ts',
  moduleMetaInfoFiles: [
    {
      filePath: 'E:\\0730\\hongmeng1\\entry\\build\\default\\generated\\r\\default\\ResourceTable.ts',
      ohmurl: '&entry/build/generated/r/ResourceTable&'
    }
  ],
  pkgNameToPkgBriefInfo: {
    entry: {
      pkgRoot: 'E:\\0730\\hongmeng1\\entry',
      originalSourceRoots: undefined,
      sourceRoots: [Array],
      pkgName: 'entry'
    }
  },
  projectModel: {
    'E:\\0730\\hongmeng1\\entry\\src\\main': {
      moduleName: 'entry',
      modulePkgPath: 'E:\\0730\\hongmeng1\\entry',
      belongProjectPath: 'E:\\0730\\hongmeng1'
    },
    'E:\\0730\\hongmeng1\\entry\\.test\\default\\intermediates\\src\\ohosTest\\ets': {
      moduleName: 'entry_test',
      modulePkgPath: 'E:\\0730\\hongmeng1\\entry',
      belongProjectPath: 'E:\\0730\\hongmeng1'
    },
    'E:\\0730\\hongmeng1\\entry\\src\\ohosTest': {
      moduleName: 'entry_test',
      modulePkgPath: 'E:\\0730\\hongmeng1\\entry',
      belongProjectPath: 'E:\\0730\\hongmeng1'
    },
    'E:\\0730\\hongmeng1\\entry': {
      moduleName: 'entry',
      modulePkgPath: 'E:\\0730\\hongmeng1\\entry',
      belongProjectPath: 'E:\\0730\\hongmeng1'
    },
    'E:\\0730\\hongmeng1': {
      moduleName: 'hongmeng1',
      modulePkgPath: 'E:\\0730\\hongmeng1',
      belongProjectPath: 'E:\\0730\\hongmeng1'
    }
  },
  pkgJsonFileHash: '5fe8383df5fd82f84de69074092b8e2a0e11bd016c3f1f79ff0c32866c0ed8f5',
  allModulePaths: [ 'E:\\0730\\hongmeng1\\entry' ],
  routerMap: {},
  obfuscationOptions: undefined,
  byteCodeHarToDependencyKeys: undefined,
  compileBlockPkg: [],
  mockParams: {
    decorator: '@MockSetup',
    packageName: '@ohos/hamock',
    etsSourceRootPath: 'src/main/ets',
    mockConfigPath: 'E:\\0730\\hongmeng1\\entry\\src\\mock\\mock-config.json5',
    mockConfigKey2ModuleInfo: {},
    source2ModuleIdMap: {}
  },
  copyCodeResourceEnable: false,
  copyCodeResourceExcludes: [],
  copyCodeResourceIncludes: undefined,
  uiTransformOptimization: false,
  sdkPath: 'D:/Program Files/DevEco Studio/sdk',
  needPreloadSoFileSet: {},
  preloadSoFilePath: 'E:\\0730\\hongmeng1\\entry\\build\\default\\intermediates\\preload\\default\\preload.json',
  useSourceHash: false,
  localModuleParamMap: {},
  otherPaths: {
    'entry/*': [
      '..\\*',
      '..\\..\\..\\build\\default\\generated\\profile\\default\\*'
    ]
  },
  collectImportersConfig: undefined
}
[2026-07-30T08:08:20.483] [DEBUG] debug-file - Compile arkts with external api path: D:\Program Files\DevEco Studio\sdk\default\hms\ets
[2026-07-30T08:08:20.484] [DEBUG] debug-file - default@CompileArkTS work[2] is submitted.
[2026-07-30T08:08:20.485] [DEBUG] debug-file - default@CompileArkTS work[2] is pushed to ready queue.
[2026-07-30T08:08:20.485] [DEBUG] debug-file - A work dispatched to worker[15] failed because unable to get work from ready queue.
[2026-07-30T08:08:20.485] [DEBUG] debug-file - A work dispatched to worker[14] failed because unable to get work from ready queue.
[2026-07-30T08:08:20.485] [DEBUG] debug-file - A work dispatched to worker[13] failed because unable to get work from ready queue.
[2026-07-30T08:08:20.485] [DEBUG] debug-file - A work dispatched to worker[12] failed because unable to get work from ready queue.
[2026-07-30T08:08:20.485] [DEBUG] debug-file - A work dispatched to worker[11] failed because unable to get work from ready queue.
[2026-07-30T08:08:20.485] [DEBUG] debug-file - A work dispatched to worker[10] failed because unable to get work from ready queue.
[2026-07-30T08:08:20.485] [DEBUG] debug-file - A work dispatched to worker[9] failed because unable to get work from ready queue.
[2026-07-30T08:08:20.485] [DEBUG] debug-file - A work dispatched to worker[8] failed because unable to get work from ready queue.
[2026-07-30T08:08:20.485] [DEBUG] debug-file - A work dispatched to worker[7] failed because unable to get work from ready queue.
[2026-07-30T08:08:20.485] [DEBUG] debug-file - A work dispatched to worker[6] failed because unable to get work from ready queue.
[2026-07-30T08:08:20.485] [DEBUG] debug-file - A work dispatched to worker[5] failed because unable to get work from ready queue.
[2026-07-30T08:08:20.485] [DEBUG] debug-file - default@CompileArkTS work[2] has been dispatched to worker[4].
[2026-07-30T08:08:20.485] [DEBUG] debug-file - default@CompileArkTS work[2] is dispatched.
[2026-07-30T08:08:20.485] [DEBUG] debug-file - entry : default@CompileArkTS cost memory 1.3579025268554688
[2026-07-30T08:08:20.486] [DEBUG] debug-file - Executing task :entry:default@BuildJS
[2026-07-30T08:08:20.487] [DEBUG] debug-file - Task 'entry:default@BuildJS' cost while wrapping incremental declarations: 1 ms 
[2026-07-30T08:08:20.489] [DEBUG] debug-file - entry : default@BuildJS cost memory 0.15094757080078125
[2026-07-30T08:08:20.489] [DEBUG] debug-file - runTaskFromQueue task cost before running: 153 ms 
[2026-07-30T08:08:20.489] [INFO] debug-file - Finished :entry:default@BuildJS... after 3 ms 
[2026-07-30T08:08:20.490] [DEBUG] debug-file - Executing task :entry:default@CacheNativeLibs
[2026-07-30T08:08:20.490] [DEBUG] debug-file - File: 'E:\0730\hongmeng1\entry\build\default\intermediates\binxo\default' from 'cacheBinxoNativeLibs' is not exists, just ignore.
[2026-07-30T08:08:20.490] [DEBUG] debug-file - Task 'entry:default@CacheNativeLibs' cost while wrapping incremental declarations: 1 ms 
[2026-07-30T08:08:20.491] [DEBUG] debug-file - Incremental task entry:default@CacheNativeLibs pre-execution cost: 1 ms .
[2026-07-30T08:08:20.491] [DEBUG] debug-file - entry : default@CacheNativeLibs cost memory 0.1165924072265625
[2026-07-30T08:08:20.491] [INFO] debug-file - UP-TO-DATE :entry:default@CacheNativeLibs...  
[2026-07-30T08:08:22.495] [WARN] debug-file - [33mWARN: [33m[33mArkTS:WARN File: E:/0730/hongmeng1/entry/src/main/ets/pages/Index.ets:496:17
 'show' has been deprecated.
[39m[39m
[33mWARN: [33m[33mArkTS:WARN File: E:/0730/hongmeng1/entry/src/main/ets/pages/Index.ets:504:17
 'show' has been deprecated.
[39m[39m

[2026-07-30T08:08:22.496] [DEBUG] debug-file - Ark compile task finished.finished time is 595139247615200
[2026-07-30T08:08:22.496] [DEBUG] debug-file - worker[4] has one work done.
[2026-07-30T08:08:22.496] [DEBUG] debug-file - default@CompileArkTS work[2] done.
[2026-07-30T08:08:22.497] [INFO] debug-file - Finished :entry:default@CompileArkTS... after 2 s 26 ms 
[2026-07-30T08:08:22.498] [DEBUG] debug-file - Executing task :entry:default@GeneratePkgModuleJson
[2026-07-30T08:08:22.498] [DEBUG] debug-file - File: 'E:\0730\hongmeng1\entry\build\default\intermediates\preload\default\preload.json' from 'preloadSoJsonPath' is not exists, just ignore.
[2026-07-30T08:08:22.498] [DEBUG] debug-file - Error occurs while handling @Input 'shouldDeduplicateHar': The "data" argument must be of type string or an instance of Buffer, TypedArray, or DataView. Received undefined
[2026-07-30T08:08:22.498] [DEBUG] debug-file - Task 'entry:default@GeneratePkgModuleJson' cost while wrapping incremental declarations: 1 ms 
[2026-07-30T08:08:22.498] [DEBUG] debug-file - Incremental task entry:default@GeneratePkgModuleJson pre-execution cost: 1 ms .
[2026-07-30T08:08:22.499] [DEBUG] debug-file - entry : default@GeneratePkgModuleJson cost memory 0.102569580078125
[2026-07-30T08:08:22.499] [INFO] debug-file - UP-TO-DATE :entry:default@GeneratePkgModuleJson...  
[2026-07-30T08:08:22.499] [DEBUG] debug-file - Executing task :entry:default@ProcessCompiledResources
[2026-07-30T08:08:22.499] [DEBUG] debug-file - File: 'E:\0730\hongmeng1\entry\build\default\intermediates\preload\default\preload.json' from 'preloadSoJsonPath' is not exists, just ignore.
[2026-07-30T08:08:22.499] [DEBUG] debug-file - Task 'entry:default@ProcessCompiledResources' cost while wrapping incremental declarations: 1 ms 
[2026-07-30T08:08:22.499] [DEBUG] debug-file - entry : default@ProcessCompiledResources cost memory 0.05663299560546875
[2026-07-30T08:08:22.499] [DEBUG] debug-file - runTaskFromQueue task cost before running: 2 s 163 ms 
[2026-07-30T08:08:22.499] [INFO] debug-file - Finished :entry:default@ProcessCompiledResources... after 1 ms 
[2026-07-30T08:08:22.501] [DEBUG] debug-file - Executing task :entry:default@PackageHap
[2026-07-30T08:08:22.503] [DEBUG] debug-file - entry:default@PackageHap is not up-to-date, since the input file 'E:\0730\hongmeng1\entry\build\default\intermediates\loader_out\default\ets' has been changed.
[2026-07-30T08:08:22.503] [DEBUG] debug-file - Incremental task entry:default@PackageHap pre-execution cost: 2 ms .
[2026-07-30T08:08:22.504] [DEBUG] debug-file - Use tool [D:\Program Files\DevEco Studio\sdk\default\openharmony\toolchains\lib\app_packing_tool.jar]
 [
  'java',
  '-Dfile.encoding=GBK',
  '-jar',
  'D:\\Program Files\\DevEco Studio\\sdk\\default\\openharmony\\toolchains\\lib\\app_packing_tool.jar',
  '--mode',
  'hap',
  '--force',
  'true',
  '--lib-path',
  'E:\\0730\\hongmeng1\\entry\\build\\default\\intermediates\\stripped_native_libs\\default',
  '--json-path',
  'E:\\0730\\hongmeng1\\entry\\build\\default\\intermediates\\package\\default\\module.json',
  '--resources-path',
  'E:\\0730\\hongmeng1\\entry\\build\\default\\intermediates\\res\\default\\resources',
  '--index-path',
  'E:\\0730\\hongmeng1\\entry\\build\\default\\intermediates\\res\\default\\resources.index',
  '--pack-info-path',
  'E:\\0730\\hongmeng1\\entry\\build\\default\\outputs\\default\\pack.info',
  '--out-path',
  'E:\\0730\\hongmeng1\\entry\\build\\default\\outputs\\default\\entry-default-unsigned.hap',
  '--ets-path',
  'E:\\0730\\hongmeng1\\entry\\build\\default\\intermediates\\loader_out\\default\\ets',
  '--pkg-context-path',
  'E:\\0730\\hongmeng1\\entry\\build\\default\\intermediates\\loader\\default\\pkgContextInfo.json'
]
[2026-07-30T08:08:22.504] [DEBUG] debug-file - default@PackageHap work[3] is submitted.
[2026-07-30T08:08:22.504] [DEBUG] debug-file - default@PackageHap work[3] is pushed to ready queue.
[2026-07-30T08:08:22.504] [DEBUG] debug-file - A work dispatched to worker[15] failed because unable to get work from ready queue.
[2026-07-30T08:08:22.504] [DEBUG] debug-file - Create  resident worker with id: 14.
[2026-07-30T08:08:22.505] [DEBUG] debug-file - default@PackageHap work[3] has been dispatched to worker[14].
[2026-07-30T08:08:22.505] [DEBUG] debug-file - default@PackageHap work[3] is dispatched.
[2026-07-30T08:08:22.506] [DEBUG] debug-file - entry : default@PackageHap cost memory 0.62371826171875
[2026-07-30T08:08:23.128] [DEBUG] debug-file - current process  memoryUsage: {
  rss: 621658112,
  heapTotal: 81035264,
  heapUsed: 51131080,
  external: 2357796,
  arrayBuffers: 116119
} os memoryUsage :18.417850494384766
[2026-07-30T08:08:23.445] [DEBUG] debug-file - worker[14] has one work done.
[2026-07-30T08:08:23.445] [DEBUG] debug-file - default@PackageHap work[3] done.
[2026-07-30T08:08:23.446] [DEBUG] debug-file - A work dispatched to worker[14] failed because unable to get work from ready queue.
[2026-07-30T08:08:23.446] [INFO] debug-file - Finished :entry:default@PackageHap... after 325 ms 
[2026-07-30T08:08:23.447] [DEBUG] debug-file - Executing task :entry:default@PackingCheck
[2026-07-30T08:08:23.449] [DEBUG] debug-file - entry : default@PackingCheck cost memory 0.30010223388671875
[2026-07-30T08:08:23.449] [DEBUG] debug-file - runTaskFromQueue task cost before running: 3 s 113 ms 
[2026-07-30T08:08:23.449] [INFO] debug-file - Finished :entry:default@PackingCheck... after 2 ms 
[2026-07-30T08:08:23.450] [DEBUG] debug-file - Executing task :entry:default@SignHap
[2026-07-30T08:08:23.450] [WARN] debug-file - Will skip sign 'hos_hap'. No signingConfigs profile is configured in current project.
             If needed, configure the signingConfigs in E:\0730\hongmeng1\build-profile.json5.
[2026-07-30T08:08:23.451] [DEBUG] debug-file - entry:default@SignHap is not up-to-date, since the input file 'E:\0730\hongmeng1\entry\build\default\outputs\default\entry-default-unsigned.hap' has been changed.
[2026-07-30T08:08:23.451] [DEBUG] debug-file - Incremental task entry:default@SignHap pre-execution cost: 1 ms .
[2026-07-30T08:08:23.451] [DEBUG] debug-file - entry : default@SignHap cost memory 0.08683013916015625
[2026-07-30T08:08:23.451] [DEBUG] debug-file - runTaskFromQueue task cost before running: 3 s 115 ms 
[2026-07-30T08:08:23.451] [INFO] debug-file - Finished :entry:default@SignHap... after 2 ms 
[2026-07-30T08:08:23.452] [DEBUG] debug-file - Executing task :entry:default@CollectDebugSymbol
[2026-07-30T08:08:23.452] [DEBUG] debug-file - entry : default@CollectDebugSymbol cost memory 0.081939697265625
[2026-07-30T08:08:23.452] [DEBUG] debug-file - runTaskFromQueue task cost before running: 3 s 117 ms 
[2026-07-30T08:08:23.453] [INFO] debug-file - Finished :entry:default@CollectDebugSymbol... after 1 ms 
[2026-07-30T08:08:23.453] [DEBUG] debug-file - Executing task :entry:assembleHap
[2026-07-30T08:08:23.453] [DEBUG] debug-file - entry : assembleHap cost memory 0.0126800537109375
[2026-07-30T08:08:23.453] [DEBUG] debug-file - runTaskFromQueue task cost before running: 3 s 117 ms 
[2026-07-30T08:08:23.453] [INFO] debug-file - Finished :entry:assembleHap... after 1 ms 
[2026-07-30T08:08:23.459] [INFO] debug-file - BUILD SUCCESSFUL in 3 s 123 ms 
[2026-07-30T08:08:23.459] [DEBUG] debug-file - There is no need to refresh cache, since the incremental task entry:default@PreBuild is up-to-date.
[2026-07-30T08:08:23.459] [DEBUG] debug-file - Update task entry:default@CreateModuleInfo output file:E:\0730\hongmeng1\entry\build\default\generated\profile\default\ModuleInfo.ts cache.
[2026-07-30T08:08:23.459] [DEBUG] debug-file - Incremental task entry:default@CreateModuleInfo post-execution cost:1 ms .
[2026-07-30T08:08:23.459] [DEBUG] debug-file - There is no need to refresh cache, since the incremental task entry:default@GenerateMetadata is up-to-date.
[2026-07-30T08:08:23.459] [DEBUG] debug-file - There is no need to refresh cache, since the incremental task entry:default@MergeProfile is up-to-date.
[2026-07-30T08:08:23.459] [DEBUG] debug-file - There is no need to refresh cache, since the incremental task entry:default@CreateBuildProfile is up-to-date.
[2026-07-30T08:08:23.459] [DEBUG] debug-file - There is no need to refresh cache, since the incremental task entry:default@GeneratePkgContextInfo is up-to-date.
[2026-07-30T08:08:23.459] [DEBUG] debug-file - Update task entry:default@GeneratePkgSdkInfo output file:E:\0730\hongmeng1\entry\build\default\intermediates\loader\default\pkgSdkInfo.json cache.
[2026-07-30T08:08:23.459] [DEBUG] debug-file - Incremental task entry:default@GeneratePkgSdkInfo post-execution cost:1 ms .
[2026-07-30T08:08:23.459] [DEBUG] debug-file - Update task entry:default@ProcessIntegratedHsp output file:E:\0730\hongmeng1\build\cache\default\integrated_hsp\integratedHspCache.json cache.
[2026-07-30T08:08:23.459] [DEBUG] debug-file - Incremental task entry:default@ProcessIntegratedHsp post-execution cost:1 ms .
[2026-07-30T08:08:23.459] [DEBUG] debug-file - There is no need to refresh cache, since the incremental task entry:default@MakePackInfo is up-to-date.
[2026-07-30T08:08:23.459] [DEBUG] debug-file - Update task entry:default@SyscapTransform input file:D:\Program Files\DevEco Studio\sdk\default\openharmony\toolchains\syscap_tool.exe cache by regenerate.
[2026-07-30T08:08:23.460] [DEBUG] debug-file - Update task entry:default@SyscapTransform input file:D:\Program Files\DevEco Studio\sdk\default\openharmony\ets\api\device-define cache by regenerate.
[2026-07-30T08:08:23.460] [DEBUG] debug-file - Update task entry:default@SyscapTransform output file:E:\0730\hongmeng1\entry\build\default\intermediates\syscap\default\rpcid.sc cache.
[2026-07-30T08:08:23.460] [DEBUG] debug-file - Incremental task entry:default@SyscapTransform post-execution cost:1 ms .
[2026-07-30T08:08:23.460] [DEBUG] debug-file - There is no need to refresh cache, since the incremental task entry:default@ProcessProfile is up-to-date.
[2026-07-30T08:08:23.460] [DEBUG] debug-file - There is no need to refresh cache, since the incremental task entry:default@ProcessRouterMap is up-to-date.
[2026-07-30T08:08:23.460] [DEBUG] debug-file - There is no need to refresh cache, since the incremental task entry:default@ProcessShareConfig is up-to-date.
[2026-07-30T08:08:23.460] [DEBUG] debug-file - Update task entry:default@ProcessStartupConfig input file:E:\0730\hongmeng1\entry\build\default\intermediates\loader\default\pkgContextInfo.json cache by regenerate.
[2026-07-30T08:08:23.460] [DEBUG] debug-file - Update task entry:default@ProcessStartupConfig output file:E:\0730\hongmeng1\entry\build\default\intermediates\startup\default\startup_config.json cache.
[2026-07-30T08:08:23.461] [DEBUG] debug-file - Incremental task entry:default@ProcessStartupConfig post-execution cost:1 ms .
[2026-07-30T08:08:23.461] [DEBUG] debug-file - There is no need to refresh cache, since the incremental task entry:default@ProcessResource is up-to-date.
[2026-07-30T08:08:23.461] [DEBUG] debug-file - There is no need to refresh cache, since the incremental task entry:default@GenerateLoaderJson is up-to-date.
[2026-07-30T08:08:23.461] [DEBUG] debug-file - There is no need to refresh cache, since the incremental task entry:default@ProcessLibs is up-to-date.
[2026-07-30T08:08:23.461] [DEBUG] debug-file - There is no need to refresh cache, since the incremental task entry:default@CompileResource is up-to-date.
[2026-07-30T08:08:23.461] [DEBUG] debug-file - There is no need to refresh cache, since the incremental task entry:default@DoNativeStrip is up-to-date.
[2026-07-30T08:08:23.461] [DEBUG] debug-file - Update task entry:default@CompileArkTS input file:E:\0730\hongmeng1\entry\build\default\intermediates\loader\default cache by regenerate.
[2026-07-30T08:08:23.461] [DEBUG] debug-file - Update task entry:default@CompileArkTS input file:E:\0730\hongmeng1\entry\build\default\intermediates\res\default\resources\rawfile cache by regenerate.
[2026-07-30T08:08:23.462] [DEBUG] debug-file - Update task entry:default@CompileArkTS input file:E:\0730\hongmeng1\entry\build\default\intermediates\res\default\ResourceTable.txt cache by regenerate.
[2026-07-30T08:08:23.462] [DEBUG] debug-file - Update task entry:default@CompileArkTS input file:E:\0730\hongmeng1\entry\build\default\intermediates\res\default\ark_module.json cache by regenerate.
[2026-07-30T08:08:23.462] [DEBUG] debug-file - Update task entry:default@CompileArkTS input file:E:\0730\hongmeng1\entry\build\default\intermediates\res\default\resources\base\profile cache by regenerate.
[2026-07-30T08:08:23.462] [DEBUG] debug-file - Update task entry:default@CompileArkTS input file:E:\0730\hongmeng1\entry\src\main\ets cache from map.
[2026-07-30T08:08:23.462] [DEBUG] debug-file - Update task entry:default@CompileArkTS input file:E:\0730\hongmeng1\entry\build\default\intermediates\loader\default\pkgContextInfo.json cache by regenerate.
[2026-07-30T08:08:23.462] [DEBUG] debug-file - Update task entry:default@CompileArkTS input file:E:\0730\hongmeng1\entry\build\default\generated\profile\default\BuildProfile.ets cache by regenerate.
[2026-07-30T08:08:23.462] [DEBUG] debug-file - Update task entry:default@CompileArkTS input file:E:\0730\hongmeng1\entry\src\mock\mock-config.json5 cache by regenerate.
[2026-07-30T08:08:23.462] [DEBUG] debug-file - Update task entry:default@CompileArkTS output file:E:\0730\hongmeng1\entry\build\default\intermediates\loader_out\default\ets cache.
[2026-07-30T08:08:23.462] [DEBUG] debug-file - Incremental task entry:default@CompileArkTS post-execution cost:2 ms .
[2026-07-30T08:08:23.463] [DEBUG] debug-file - Update task entry:default@BuildJS input file:E:\0730\hongmeng1\entry\build\default\intermediates\loader\default cache by regenerate.
[2026-07-30T08:08:23.463] [DEBUG] debug-file - Update task entry:default@BuildJS input file:E:\0730\hongmeng1\entry\build\default\intermediates\res\default\resources\rawfile cache by regenerate.
[2026-07-30T08:08:23.463] [DEBUG] debug-file - Update task entry:default@BuildJS input file:E:\0730\hongmeng1\entry\build\default\intermediates\res\default\ResourceTable.txt cache by regenerate.
[2026-07-30T08:08:23.464] [DEBUG] debug-file - Update task entry:default@BuildJS input file:E:\0730\hongmeng1\entry\build\default\intermediates\res\default\ark_module.json cache by regenerate.
[2026-07-30T08:08:23.464] [DEBUG] debug-file - Update task entry:default@BuildJS input file:E:\0730\hongmeng1\entry\build\default\intermediates\res\default\resources\base\profile cache by regenerate.
[2026-07-30T08:08:23.464] [DEBUG] debug-file - Update task entry:default@BuildJS input file:E:\0730\hongmeng1\entry\build\default\intermediates\loader\default\pkgContextInfo.json cache by regenerate.
[2026-07-30T08:08:23.464] [DEBUG] debug-file - Update task entry:default@BuildJS output file:E:\0730\hongmeng1\entry\build\default\intermediates\loader_out\default\js cache.
[2026-07-30T08:08:23.464] [DEBUG] debug-file - Incremental task entry:default@BuildJS post-execution cost:2 ms .
[2026-07-30T08:08:23.464] [DEBUG] debug-file - There is no need to refresh cache, since the incremental task entry:default@CacheNativeLibs is up-to-date.
[2026-07-30T08:08:23.464] [DEBUG] debug-file - There is no need to refresh cache, since the incremental task entry:default@GeneratePkgModuleJson is up-to-date.
[2026-07-30T08:08:23.464] [DEBUG] debug-file - Incremental task entry:default@ProcessCompiledResources post-execution cost:1 ms .
[2026-07-30T08:08:23.464] [DEBUG] debug-file - Update task entry:default@PackageHap input file:E:\0730\hongmeng1\entry\build\default\intermediates\stripped_native_libs\default cache by regenerate.
[2026-07-30T08:08:23.464] [DEBUG] debug-file - Update task entry:default@PackageHap input file:E:\0730\hongmeng1\entry\build\default\intermediates\res\default\module.json cache by regenerate.
[2026-07-30T08:08:23.464] [DEBUG] debug-file - Update task entry:default@PackageHap input file:E:\0730\hongmeng1\entry\build\default\intermediates\res\default\resources cache by regenerate.
[2026-07-30T08:08:23.465] [DEBUG] debug-file - Update task entry:default@PackageHap input file:E:\0730\hongmeng1\entry\build\default\intermediates\res\default\resources.index cache by regenerate.
[2026-07-30T08:08:23.465] [DEBUG] debug-file - Update task entry:default@PackageHap input file:E:\0730\hongmeng1\entry\build\default\outputs\default\pack.info cache by regenerate.
[2026-07-30T08:08:23.465] [DEBUG] debug-file - Update task entry:default@PackageHap input file:E:\0730\hongmeng1\entry\build\default\intermediates\loader_out\default\ets cache from map.
[2026-07-30T08:08:23.465] [DEBUG] debug-file - Update task entry:default@PackageHap input file:E:\0730\hongmeng1\entry\build\default\intermediates\loader\default\pkgContextInfo.json cache by regenerate.
[2026-07-30T08:08:23.465] [DEBUG] debug-file - Update task entry:default@PackageHap input file:E:\0730\hongmeng1\entry\build\default\intermediates\loader_out\default\ets\sourceMaps.map cache by regenerate.
[2026-07-30T08:08:23.465] [DEBUG] debug-file - Update task entry:default@PackageHap input file:E:\0730\hongmeng1\entry\build\default\generated\profile\default\BuildProfile.ets cache by regenerate.
[2026-07-30T08:08:23.466] [DEBUG] debug-file - Update task entry:default@PackageHap output file:E:\0730\hongmeng1\entry\build\default\outputs\default\entry-default-unsigned.hap cache.
[2026-07-30T08:08:23.466] [DEBUG] debug-file - Update task entry:default@PackageHap output file:E:\0730\hongmeng1\entry\build\default\intermediates\source_map\default\sourceMaps.map cache.
[2026-07-30T08:08:23.466] [DEBUG] debug-file - Update task entry:default@PackageHap output file:E:\0730\hongmeng1\entry\build\default\outputs\default\mapping\sourceMaps.map cache.
[2026-07-30T08:08:23.466] [DEBUG] debug-file - Incremental task entry:default@PackageHap post-execution cost:2 ms .
[2026-07-30T08:08:23.466] [DEBUG] debug-file - Update task entry:default@SignHap input file:E:\0730\hongmeng1\entry\build\default\outputs\default\entry-default-unsigned.hap cache from map.
[2026-07-30T08:08:23.466] [DEBUG] debug-file - Update task entry:default@SignHap output file:E:\0730\hongmeng1\entry\build\default\outputs\default\entry-default-signed.hap cache.
[2026-07-30T08:08:23.466] [DEBUG] debug-file - Incremental task entry:default@SignHap post-execution cost:1 ms .
[2026-07-30T08:08:23.466] [DEBUG] debug-file - Update task entry:default@CollectDebugSymbol input file:E:\0730\hongmeng1\entry\build\default\intermediates\loader_out\default\ets\sourceMaps.map cache by regenerate.
[2026-07-30T08:08:23.466] [DEBUG] debug-file - Update task entry:default@CollectDebugSymbol input file:E:\0730\hongmeng1\entry\build\default\intermediates\libs\default cache by regenerate.
[2026-07-30T08:08:23.466] [DEBUG] debug-file - Update task entry:default@CollectDebugSymbol output file:E:\0730\hongmeng1\entry\build\default\outputs\default\symbol cache.
[2026-07-30T08:08:23.466] [DEBUG] debug-file - Incremental task entry:default@CollectDebugSymbol post-execution cost:1 ms .
[2026-07-30T08:08:23.482] [DEBUG] debug-file - Cleanup worker 14.
[2026-07-30T08:08:23.482] [DEBUG] debug-file - Worker 14 has been cleaned up.
[2026-07-30T08:08:23.482] [DEBUG] debug-file - Current idle worker size: 1.
[2026-07-30T08:08:23.482] [DEBUG] debug-file - Current resident worker size: 2.
[2026-07-30T08:08:23.482] [DEBUG] debug-file - hvigor build process will be closed.
[2026-07-30T08:08:23.488] [DEBUG] debug-file - session manager: send message to worker process.
[2026-07-30T08:08:23.489] [DEBUG] debug-file - session manager: send message to worker process.
[2026-07-30T08:08:23.489] [DEBUG] debug-file - watch worker: worker id should be larger than 0. Nothing will be sent to any worker thread.
[2026-07-30T08:08:23.490] [DEBUG] debug-file - watch worker: worker id should be larger than 0. Nothing will be sent to any worker thread.
[2026-07-30T08:08:23.491] [DEBUG] debug-file - worker[14] exits with exit code 1.
[2026-07-30T08:18:13.096] [DEBUG] debug-file - session manager: set active socket. socketId=EQ_JBgG0qF7ecuWKAAAL
[2026-07-30T08:18:13.100] [DEBUG] debug-file - watch worker: worker id should be larger than 0. Nothing will be sent to any worker thread.
[2026-07-30T08:18:13.102] [DEBUG] debug-file - Workers' log level updated to INFO
[2026-07-30T08:18:13.104] [DEBUG] debug-file - Hvigor init with startParameters:{
  hvigorfileTypeCheck: false,
  parallelExecution: true,
  incrementalExecution: true,
  printStackTrace: false,
  daemon: true,
  analyze: 0,
  logLevel: Level { level: 20000, levelStr: 'INFO', colour: 'green' },
  optimizationStrategy: 'memory',
  hotCompile: undefined,
  hotReloadBuild: undefined,
  customizedParam: undefined
}
[2026-07-30T08:18:13.107] [DEBUG] debug-file - Cache service initialization finished in 4 ms 
[2026-07-30T08:18:13.108] [DEBUG] debug-file - hvigorfile, resolving E:\0730\hongmeng1\hvigorfile.ts
[2026-07-30T08:18:13.112] [DEBUG] debug-file - hvigorfile, require result:  { default: { plugins: [] } }
[2026-07-30T08:18:13.112] [DEBUG] debug-file - hvigorfile, binding system plugins null
[2026-07-30T08:18:13.112] [DEBUG] debug-file - Starting plugin build process
[2026-07-30T08:18:13.112] [DEBUG] debug-file - App plugin prepare start...
[2026-07-30T08:18:13.112] [DEBUG] debug-file - App plugin prepare end...
[2026-07-30T08:18:13.112] [DEBUG] debug-file - App plugin creating...
[2026-07-30T08:18:13.115] [DEBUG] debug-file - App plugin register hook start...
[2026-07-30T08:18:13.116] [DEBUG] debug-file - App plugin register hook end...
[2026-07-30T08:18:13.116] [DEBUG] debug-file - Plugin build process completed
[2026-07-30T08:18:13.116] [DEBUG] debug-file - Start initialize project's product build option map with build mode debug.
[2026-07-30T08:18:13.116] [DEBUG] debug-file - Picking option from product 'default' with build mode 'debug'.
[2026-07-30T08:18:13.116] [DEBUG] debug-file - Product 'default' build option initialized
[2026-07-30T08:18:13.116] [DEBUG] debug-file - End initialize project's product build option map with build mode 'debug'.
[2026-07-30T08:18:13.116] [DEBUG] debug-file - Obtain build option for product 'default'in this build.
[2026-07-30T08:18:13.118] [DEBUG] debug-file - No signingConfig found, initRemoteHspCache failed.
[2026-07-30T08:18:13.119] [DEBUG] debug-file - Start recording SDK configuration permission data.
[2026-07-30T08:18:13.139] [DEBUG] debug-file - Sdk init in 21 ms 
[2026-07-30T08:18:13.141] [DEBUG] debug-file - Project task initialization takes 2 ms 
[2026-07-30T08:18:13.141] [DEBUG] debug-file - hvigorfile, begin to bind custom plugins...
[2026-07-30T08:18:13.141] [DEBUG] debug-file - hvigorfile, no custom plugins were found in E:\0730\hongmeng1\hvigorfile.ts
[2026-07-30T08:18:13.141] [DEBUG] debug-file - hvigorfile, resolve finished E:\0730\hongmeng1\hvigorfile.ts
[2026-07-30T08:18:13.141] [DEBUG] debug-file - hvigorfile, resolving E:\0730\hongmeng1\entry\hvigorfile.ts
[2026-07-30T08:18:13.144] [DEBUG] debug-file - hvigorfile, require result:  { default: { plugins: [] } }
[2026-07-30T08:18:13.144] [DEBUG] debug-file - hvigorfile, binding system plugins null
[2026-07-30T08:18:13.144] [DEBUG] debug-file - Starting plugin build process
[2026-07-30T08:18:13.144] [DEBUG] debug-file - Hap plugin creating...
[2026-07-30T08:18:13.144] [DEBUG] debug-file - failed to load cangjie to dynamically generate schemas: Error: Cannot find module '@ohos/cangjie-build-support/index'
Require stack:
- D:\Program Files\DevEco Studio\tools\hvigor\hvigor-ohos-plugin\src\plugin\hooks\cangjie-register.js
- D:\Program Files\DevEco Studio\tools\hvigor\hvigor-ohos-plugin\src\plugin\strategy\stage-init-strategy.js
- D:\Program Files\DevEco Studio\tools\hvigor\hvigor-ohos-plugin\src\plugin\builder\abstract-plugin-builder.js
- D:\Program Files\DevEco Studio\tools\hvigor\hvigor-ohos-plugin\src\plugin\builder\app-plugin-builder.js
- D:\Program Files\DevEco Studio\tools\hvigor\hvigor-ohos-plugin\src\plugin\factory\plugin-factory.js
- D:\Program Files\DevEco Studio\tools\hvigor\hvigor-ohos-plugin\index.js
- E:\0730\hongmeng1\hvigorfile.ts
- D:\Program Files\DevEco Studio\tools\hvigor\hvigor\src\base\internal\lifecycle\configuration.js
- D:\Program Files\DevEco Studio\tools\hvigor\hvigor\src\base\boot\index.js
- D:\Program Files\DevEco Studio\tools\hvigor\hvigor\src\base\daemon\cluster\worker-process-lifecycle.js
- D:\Program Files\DevEco Studio\tools\hvigor\hvigor\src\base\daemon\process\daemon-process-boot-script.js
[2026-07-30T08:18:13.146] [DEBUG] debug-file - Start initialize module-target build option map, moduleName=entry, buildMode=debug
[2026-07-30T08:18:13.146] [DEBUG] debug-file - Target 'default' config initialized
[2026-07-30T08:18:13.146] [DEBUG] debug-file - Target 'ohosTest' config initialized
[2026-07-30T08:18:13.147] [DEBUG] debug-file - Module 'entry' target 'default' build option initialized
[2026-07-30T08:18:13.147] [DEBUG] debug-file - Module 'entry' target 'ohosTest' build option initialized
[2026-07-30T08:18:13.147] [DEBUG] debug-file - End initialize module-target build option map, moduleName=entry
[2026-07-30T08:18:13.147] [DEBUG] debug-file - Start initialize module-target build option map, moduleName=entry, buildMode=release
[2026-07-30T08:18:13.147] [DEBUG] debug-file - Target 'default' config initialized
[2026-07-30T08:18:13.147] [DEBUG] debug-file - Target 'ohosTest' config initialized
[2026-07-30T08:18:13.147] [DEBUG] debug-file - Module 'entry' target 'default' build option initialized
[2026-07-30T08:18:13.147] [DEBUG] debug-file - Module 'entry' target 'ohosTest' build option initialized
[2026-07-30T08:18:13.147] [DEBUG] debug-file - End initialize module-target build option map, moduleName=entry
[2026-07-30T08:18:13.147] [DEBUG] debug-file - Start initialize module-target build option map, moduleName=entry, buildMode=debug
[2026-07-30T08:18:13.147] [DEBUG] debug-file - Target 'default' config initialized
[2026-07-30T08:18:13.147] [DEBUG] debug-file - Target 'ohosTest' config initialized
[2026-07-30T08:18:13.147] [DEBUG] debug-file - Module 'entry' target 'default' build option initialized
[2026-07-30T08:18:13.147] [DEBUG] debug-file - Module 'entry' target 'ohosTest' build option initialized
[2026-07-30T08:18:13.147] [DEBUG] debug-file - End initialize module-target build option map, moduleName=entry
[2026-07-30T08:18:13.147] [DEBUG] debug-file - Obtain build option for module 'entry' target 'default'in this build.
[2026-07-30T08:18:13.148] [DEBUG] debug-file - Module entry task initialization takes 1 ms 
[2026-07-30T08:18:13.148] [DEBUG] debug-file - Hap plugin register hook start...
[2026-07-30T08:18:13.148] [DEBUG] debug-file - Hap plugin register hook end...
[2026-07-30T08:18:13.148] [DEBUG] debug-file - Plugin build process completed
[2026-07-30T08:18:13.148] [DEBUG] debug-file - hvigorfile, begin to bind custom plugins...
[2026-07-30T08:18:13.148] [DEBUG] debug-file - hvigorfile, no custom plugins were found in E:\0730\hongmeng1\entry\hvigorfile.ts
[2026-07-30T08:18:13.148] [DEBUG] debug-file - hvigorfile, resolve finished E:\0730\hongmeng1\entry\hvigorfile.ts
[2026-07-30T08:18:13.161] [DEBUG] debug-file - hvigorfile, resolve hvigorfile dependencies in 13 ms 
[2026-07-30T08:18:13.161] [DEBUG] debug-file - project has submodules:entry
[2026-07-30T08:18:13.162] [DEBUG] debug-file - start to load updatedOhPackageInfo to the disk
[2026-07-30T08:18:13.162] [DEBUG] debug-file - load to the disk finished
[2026-07-30T08:18:13.163] [DEBUG] debug-file - Start to initialize dependency information.
[2026-07-30T08:18:13.164] [DEBUG] debug-file - Module hongmeng1 Collected Dependency: 
[2026-07-30T08:18:13.165] [DEBUG] debug-file - Module hongmeng1's total dependency: 0
[2026-07-30T08:18:13.165] [DEBUG] debug-file - Start to initialize dependency information.
[2026-07-30T08:18:13.166] [DEBUG] debug-file - Module entry Collected Dependency: 
[2026-07-30T08:18:13.166] [DEBUG] debug-file - Module entry's total dependency: 0
[2026-07-30T08:18:13.168] [DEBUG] debug-file - Configuration phase cost:61 ms 
[2026-07-30T08:18:13.168] [DEBUG] debug-file - Configuration task cost before running: 67 ms 
[2026-07-30T08:18:13.170] [DEBUG] debug-file - Executing task :entry:default@PreBuild
[2026-07-30T08:18:13.171] [DEBUG] debug-file - Task 'entry:default@PreBuild' cost while wrapping incremental declarations: 1 ms 
[2026-07-30T08:18:13.174] [DEBUG] debug-file - Incremental task entry:default@PreBuild pre-execution cost: 2 ms .
[2026-07-30T08:18:13.174] [DEBUG] debug-file - entry : default@PreBuild cost memory -1.2130203247070312
[2026-07-30T08:18:13.175] [INFO] debug-file - UP-TO-DATE :entry:default@PreBuild...  
[2026-07-30T08:18:13.175] [DEBUG] debug-file - Executing task :entry:default@CreateModuleInfo
[2026-07-30T08:18:13.176] [DEBUG] debug-file - Task 'entry:default@CreateModuleInfo' cost while wrapping incremental declarations: 1 ms 
[2026-07-30T08:18:13.176] [DEBUG] debug-file - entry : default@CreateModuleInfo cost memory 0.04138946533203125
[2026-07-30T08:18:13.176] [DEBUG] debug-file - runTaskFromQueue task cost before running: 74 ms 
[2026-07-30T08:18:13.176] [INFO] debug-file - Finished :entry:default@CreateModuleInfo... after 1 ms 
[2026-07-30T08:18:13.176] [DEBUG] debug-file - Executing task :entry:default@GenerateMetadata
[2026-07-30T08:18:13.176] [DEBUG] debug-file - Task 'entry:default@GenerateMetadata' cost while wrapping incremental declarations: 1 ms 
[2026-07-30T08:18:13.177] [DEBUG] debug-file - Incremental task entry:default@GenerateMetadata pre-execution cost: 1 ms .
[2026-07-30T08:18:13.177] [DEBUG] debug-file - entry : default@GenerateMetadata cost memory 0.084014892578125
[2026-07-30T08:18:13.177] [INFO] debug-file - UP-TO-DATE :entry:default@GenerateMetadata...  
[2026-07-30T08:18:13.177] [DEBUG] debug-file - Executing task :entry:default@ConfigureCmake
[2026-07-30T08:18:13.177] [DEBUG] debug-file - entry : default@ConfigureCmake cost memory 0.01446533203125
[2026-07-30T08:18:13.177] [DEBUG] debug-file - runTaskFromQueue task cost before running: 76 ms 
[2026-07-30T08:18:13.177] [INFO] debug-file - Finished :entry:default@ConfigureCmake... after 1 ms 
[2026-07-30T08:18:13.178] [DEBUG] debug-file - Executing task :entry:default@MergeProfile
[2026-07-30T08:18:13.178] [DEBUG] debug-file - Task 'entry:default@MergeProfile' cost while wrapping incremental declarations: 1 ms 
[2026-07-30T08:18:13.179] [DEBUG] debug-file - Incremental task entry:default@MergeProfile pre-execution cost: 1 ms .
[2026-07-30T08:18:13.179] [DEBUG] debug-file - entry : default@MergeProfile cost memory 0.12926483154296875
[2026-07-30T08:18:13.179] [INFO] debug-file - UP-TO-DATE :entry:default@MergeProfile...  
[2026-07-30T08:18:13.180] [DEBUG] debug-file - Executing task :entry:default@CreateBuildProfile
[2026-07-30T08:18:13.180] [DEBUG] debug-file - Task 'entry:default@CreateBuildProfile' cost while wrapping incremental declarations: 1 ms 
[2026-07-30T08:18:13.181] [DEBUG] debug-file - Incremental task entry:default@CreateBuildProfile pre-execution cost: 1 ms .
[2026-07-30T08:18:13.181] [DEBUG] debug-file - entry : default@CreateBuildProfile cost memory 0.1016082763671875
[2026-07-30T08:18:13.181] [INFO] debug-file - UP-TO-DATE :entry:default@CreateBuildProfile...  
[2026-07-30T08:18:13.181] [DEBUG] debug-file - Executing task :entry:default@PreCheckSyscap
[2026-07-30T08:18:13.181] [DEBUG] debug-file - entry : default@PreCheckSyscap cost memory 0.01824951171875
[2026-07-30T08:18:13.181] [DEBUG] debug-file - runTaskFromQueue task cost before running: 80 ms 
[2026-07-30T08:18:13.181] [INFO] debug-file - Finished :entry:default@PreCheckSyscap... after 1 ms 
[2026-07-30T08:18:13.182] [DEBUG] debug-file - Executing task :entry:default@GeneratePkgContextInfo
[2026-07-30T08:18:13.183] [DEBUG] debug-file - Task 'entry:default@GeneratePkgContextInfo' cost while wrapping incremental declarations: 1 ms 
[2026-07-30T08:18:13.184] [DEBUG] debug-file - Incremental task entry:default@GeneratePkgContextInfo pre-execution cost: 1 ms .
[2026-07-30T08:18:13.184] [DEBUG] debug-file - entry : default@GeneratePkgContextInfo cost memory 0.21208953857421875
[2026-07-30T08:18:13.184] [INFO] debug-file - UP-TO-DATE :entry:default@GeneratePkgContextInfo...  
[2026-07-30T08:18:13.184] [DEBUG] debug-file - Executing task :entry:default@GeneratePkgSdkInfo
[2026-07-30T08:18:13.185] [DEBUG] debug-file - Task 'entry:default@GeneratePkgSdkInfo' cost while wrapping incremental declarations: 1 ms 
[2026-07-30T08:18:13.185] [DEBUG] debug-file - entry : default@GeneratePkgSdkInfo cost memory 0.1205291748046875
[2026-07-30T08:18:13.185] [DEBUG] debug-file - runTaskFromQueue task cost before running: 84 ms 
[2026-07-30T08:18:13.185] [INFO] debug-file - Finished :entry:default@GeneratePkgSdkInfo... after 1 ms 
[2026-07-30T08:18:13.186] [DEBUG] debug-file - Executing task :entry:default@ProcessIntegratedHsp
[2026-07-30T08:18:13.186] [DEBUG] debug-file - entry:default@ProcessIntegratedHsp is not up-to-date, since the output file 'E:\0730\hongmeng1\build\cache\default\integrated_hsp\integratedHspCache.json' does not exist.
[2026-07-30T08:18:13.187] [DEBUG] debug-file - Incremental task entry:default@ProcessIntegratedHsp pre-execution cost: 1 ms .
[2026-07-30T08:18:13.187] [DEBUG] debug-file - entry : default@ProcessIntegratedHsp cost memory -1.5630645751953125
[2026-07-30T08:18:13.187] [DEBUG] debug-file - runTaskFromQueue task cost before running: 85 ms 
[2026-07-30T08:18:13.187] [INFO] debug-file - Finished :entry:default@ProcessIntegratedHsp... after 1 ms 
[2026-07-30T08:18:13.187] [DEBUG] debug-file - Executing task :entry:default@BuildNativeWithCmake
[2026-07-30T08:18:13.188] [DEBUG] debug-file - entry : default@BuildNativeWithCmake cost memory 0.0144805908203125
[2026-07-30T08:18:13.188] [DEBUG] debug-file - runTaskFromQueue task cost before running: 86 ms 
[2026-07-30T08:18:13.188] [INFO] debug-file - Finished :entry:default@BuildNativeWithCmake... after 1 ms 
[2026-07-30T08:18:13.188] [DEBUG] debug-file - Executing task :entry:default@MakePackInfo
[2026-07-30T08:18:13.189] [DEBUG] debug-file - Incremental task entry:default@MakePackInfo pre-execution cost: 1 ms .
[2026-07-30T08:18:13.189] [DEBUG] debug-file - entry : default@MakePackInfo cost memory 0.12322998046875
[2026-07-30T08:18:13.189] [INFO] debug-file - UP-TO-DATE :entry:default@MakePackInfo...  
[2026-07-30T08:18:13.190] [DEBUG] debug-file - Executing task :entry:default@SyscapTransform
[2026-07-30T08:18:13.190] [DEBUG] debug-file - File: 'E:\0730\hongmeng1\entry\src\main\syscap.json' from 'sysCapJsonPath' is not exists, just ignore.
[2026-07-30T08:18:13.190] [DEBUG] debug-file - Task 'entry:default@SyscapTransform' cost while wrapping incremental declarations: 1 ms 
[2026-07-30T08:18:13.191] [DEBUG] debug-file - entry:default@SyscapTransform is not up-to-date, since the output file 'E:\0730\hongmeng1\entry\build\default\intermediates\syscap\default\rpcid.sc' does not exist.
[2026-07-30T08:18:13.191] [DEBUG] debug-file - Incremental task entry:default@SyscapTransform pre-execution cost: 1 ms .
[2026-07-30T08:18:13.191] [DEBUG] debug-file - entry : default@SyscapTransform cost memory 0.15826416015625
[2026-07-30T08:18:13.191] [DEBUG] debug-file - runTaskFromQueue task cost before running: 89 ms 
[2026-07-30T08:18:13.191] [INFO] debug-file - Finished :entry:default@SyscapTransform... after 1 ms 
[2026-07-30T08:18:13.191] [DEBUG] debug-file - Executing task :entry:default@ProcessProfile
[2026-07-30T08:18:13.192] [DEBUG] debug-file - Task 'entry:default@ProcessProfile' cost while wrapping incremental declarations: 1 ms 
[2026-07-30T08:18:13.192] [DEBUG] debug-file - Incremental task entry:default@ProcessProfile pre-execution cost: 1 ms .
[2026-07-30T08:18:13.192] [DEBUG] debug-file - entry : default@ProcessProfile cost memory 0.1331329345703125
[2026-07-30T08:18:13.192] [INFO] debug-file - UP-TO-DATE :entry:default@ProcessProfile...  
[2026-07-30T08:18:13.193] [DEBUG] debug-file - Executing task :entry:default@ProcessRouterMap
[2026-07-30T08:18:13.194] [DEBUG] debug-file - Incremental task entry:default@ProcessRouterMap pre-execution cost: 1 ms .
[2026-07-30T08:18:13.194] [DEBUG] debug-file - entry : default@ProcessRouterMap cost memory 0.14887237548828125
[2026-07-30T08:18:13.194] [INFO] debug-file - UP-TO-DATE :entry:default@ProcessRouterMap...  
[2026-07-30T08:18:13.195] [DEBUG] debug-file - Executing task :entry:default@ProcessShareConfig
[2026-07-30T08:18:13.195] [DEBUG] debug-file - Incremental task entry:default@ProcessShareConfig pre-execution cost: 1 ms .
[2026-07-30T08:18:13.196] [DEBUG] debug-file - entry : default@ProcessShareConfig cost memory 0.12572479248046875
[2026-07-30T08:18:13.196] [INFO] debug-file - UP-TO-DATE :entry:default@ProcessShareConfig...  
[2026-07-30T08:18:13.196] [DEBUG] debug-file - Executing task :entry:default@ProcessStartupConfig
[2026-07-30T08:18:13.196] [DEBUG] debug-file - Task 'entry:default@ProcessStartupConfig' cost while wrapping incremental declarations: 1 ms 
[2026-07-30T08:18:13.197] [DEBUG] debug-file - entry:default@ProcessStartupConfig is not up-to-date, since the output file 'E:\0730\hongmeng1\entry\build\default\intermediates\startup\default\startup_config.json' does not exist.
[2026-07-30T08:18:13.197] [DEBUG] debug-file - Incremental task entry:default@ProcessStartupConfig pre-execution cost: 1 ms .
[2026-07-30T08:18:13.197] [DEBUG] debug-file - entry : default@ProcessStartupConfig cost memory 0.13048553466796875
[2026-07-30T08:18:13.197] [DEBUG] debug-file - runTaskFromQueue task cost before running: 96 ms 
[2026-07-30T08:18:13.197] [INFO] debug-file - Finished :entry:default@ProcessStartupConfig... after 1 ms 
[2026-07-30T08:18:13.198] [DEBUG] debug-file - Executing task :entry:default@BuildNativeWithNinja
[2026-07-30T08:18:13.198] [DEBUG] debug-file - entry : default@BuildNativeWithNinja cost memory 0.0200042724609375
[2026-07-30T08:18:13.198] [DEBUG] debug-file - runTaskFromQueue task cost before running: 97 ms 
[2026-07-30T08:18:13.198] [INFO] debug-file - Finished :entry:default@BuildNativeWithNinja... after 1 ms 
[2026-07-30T08:18:13.199] [DEBUG] debug-file - restool module names: entry; moduleName=entry, taskName=default@ProcessResource
[2026-07-30T08:18:13.199] [DEBUG] debug-file - Executing task :entry:default@ProcessResource
[2026-07-30T08:18:13.200] [DEBUG] debug-file - Task 'entry:default@ProcessResource' cost while wrapping incremental declarations: 1 ms 
[2026-07-30T08:18:13.200] [DEBUG] debug-file - Incremental task entry:default@ProcessResource pre-execution cost: 1 ms .
[2026-07-30T08:18:13.200] [DEBUG] debug-file - entry : default@ProcessResource cost memory 0.13349151611328125
[2026-07-30T08:18:13.201] [INFO] debug-file - UP-TO-DATE :entry:default@ProcessResource...  
[2026-07-30T08:18:13.201] [DEBUG] debug-file - Executing task :entry:default@GenerateLoaderJson
[2026-07-30T08:18:13.202] [DEBUG] debug-file - Task 'entry:default@GenerateLoaderJson' cost while wrapping incremental declarations: 1 ms 
[2026-07-30T08:18:13.204] [DEBUG] debug-file - Incremental task entry:default@GenerateLoaderJson pre-execution cost: 2 ms .
[2026-07-30T08:18:13.204] [DEBUG] debug-file - entry : default@GenerateLoaderJson cost memory 0.4678955078125
[2026-07-30T08:18:13.205] [INFO] debug-file - UP-TO-DATE :entry:default@GenerateLoaderJson...  
[2026-07-30T08:18:13.206] [DEBUG] debug-file - Executing task :entry:default@ProcessLibs
[2026-07-30T08:18:13.207] [DEBUG] debug-file - Incremental task entry:default@ProcessLibs pre-execution cost: 1 ms .
[2026-07-30T08:18:13.207] [DEBUG] debug-file - entry : default@ProcessLibs cost memory 0.09757232666015625
[2026-07-30T08:18:13.207] [INFO] debug-file - UP-TO-DATE :entry:default@ProcessLibs...  
[2026-07-30T08:18:13.207] [DEBUG] debug-file - restool module names: entry; moduleName=entry, taskName=default@CompileResource
[2026-07-30T08:18:13.207] [DEBUG] debug-file - Executing task :entry:default@CompileResource
[2026-07-30T08:18:13.212] [DEBUG] debug-file - Incremental task entry:default@CompileResource pre-execution cost: 4 ms .
[2026-07-30T08:18:13.212] [DEBUG] debug-file - entry : default@CompileResource cost memory -1.0339584350585938
[2026-07-30T08:18:13.212] [INFO] debug-file - UP-TO-DATE :entry:default@CompileResource...  
[2026-07-30T08:18:13.213] [DEBUG] debug-file - Executing task :entry:default@DoNativeStrip
[2026-07-30T08:18:13.213] [DEBUG] debug-file - File: 'E:\0730\hongmeng1\entry\build\default\intermediates\binxo\default' from 'doBinxoNativeLibs' is not exists, just ignore.
[2026-07-30T08:18:13.213] [DEBUG] debug-file - Task 'entry:default@DoNativeStrip' cost while wrapping incremental declarations: 1 ms 
[2026-07-30T08:18:13.213] [DEBUG] debug-file - Incremental task entry:default@DoNativeStrip pre-execution cost: 1 ms .
[2026-07-30T08:18:13.213] [DEBUG] debug-file - entry : default@DoNativeStrip cost memory 0.09146881103515625
[2026-07-30T08:18:13.214] [INFO] debug-file - UP-TO-DATE :entry:default@DoNativeStrip...  
[2026-07-30T08:18:13.214] [DEBUG] debug-file - Executing task :entry:default@CompileArkTS
[2026-07-30T08:18:13.214] [DEBUG] debug-file - obfuscationOptions: undefined
[2026-07-30T08:18:13.215] [DEBUG] debug-file - Task 'entry:default@CompileArkTS' cost while wrapping incremental declarations: 1 ms 
[2026-07-30T08:18:13.218] [DEBUG] debug-file - Incremental task entry:default@CompileArkTS pre-execution cost: 3 ms .
[2026-07-30T08:18:13.218] [DEBUG] debug-file - entry : default@CompileArkTS cost memory 0.5401229858398438
[2026-07-30T08:18:13.219] [INFO] debug-file - UP-TO-DATE :entry:default@CompileArkTS...  
[2026-07-30T08:18:13.219] [DEBUG] debug-file - Executing task :entry:default@BuildJS
[2026-07-30T08:18:13.219] [DEBUG] debug-file - Task 'entry:default@BuildJS' cost while wrapping incremental declarations: 1 ms 
[2026-07-30T08:18:13.220] [DEBUG] debug-file - entry : default@BuildJS cost memory 0.14559173583984375
[2026-07-30T08:18:13.220] [DEBUG] debug-file - runTaskFromQueue task cost before running: 119 ms 
[2026-07-30T08:18:13.220] [INFO] debug-file - Finished :entry:default@BuildJS... after 2 ms 
[2026-07-30T08:18:13.221] [DEBUG] debug-file - Executing task :entry:default@CacheNativeLibs
[2026-07-30T08:18:13.221] [DEBUG] debug-file - File: 'E:\0730\hongmeng1\entry\build\default\intermediates\binxo\default' from 'cacheBinxoNativeLibs' is not exists, just ignore.
[2026-07-30T08:18:13.221] [DEBUG] debug-file - Task 'entry:default@CacheNativeLibs' cost while wrapping incremental declarations: 1 ms 
[2026-07-30T08:18:13.222] [DEBUG] debug-file - Incremental task entry:default@CacheNativeLibs pre-execution cost: 1 ms .
[2026-07-30T08:18:13.222] [DEBUG] debug-file - entry : default@CacheNativeLibs cost memory 0.1147918701171875
[2026-07-30T08:18:13.222] [INFO] debug-file - UP-TO-DATE :entry:default@CacheNativeLibs...  
[2026-07-30T08:18:13.223] [DEBUG] debug-file - Executing task :entry:default@GeneratePkgModuleJson
[2026-07-30T08:18:13.223] [DEBUG] debug-file - File: 'E:\0730\hongmeng1\entry\build\default\intermediates\preload\default\preload.json' from 'preloadSoJsonPath' is not exists, just ignore.
[2026-07-30T08:18:13.223] [DEBUG] debug-file - Error occurs while handling @Input 'shouldDeduplicateHar': The "data" argument must be of type string or an instance of Buffer, TypedArray, or DataView. Received undefined
[2026-07-30T08:18:13.223] [DEBUG] debug-file - Task 'entry:default@GeneratePkgModuleJson' cost while wrapping incremental declarations: 1 ms 
[2026-07-30T08:18:13.224] [DEBUG] debug-file - Incremental task entry:default@GeneratePkgModuleJson pre-execution cost: 1 ms .
[2026-07-30T08:18:13.224] [DEBUG] debug-file - entry : default@GeneratePkgModuleJson cost memory 0.1030120849609375
[2026-07-30T08:18:13.224] [INFO] debug-file - UP-TO-DATE :entry:default@GeneratePkgModuleJson...  
[2026-07-30T08:18:13.224] [DEBUG] debug-file - Executing task :entry:default@ProcessCompiledResources
[2026-07-30T08:18:13.224] [DEBUG] debug-file - File: 'E:\0730\hongmeng1\entry\build\default\intermediates\preload\default\preload.json' from 'preloadSoJsonPath' is not exists, just ignore.
[2026-07-30T08:18:13.224] [DEBUG] debug-file - Task 'entry:default@ProcessCompiledResources' cost while wrapping incremental declarations: 1 ms 
[2026-07-30T08:18:13.224] [DEBUG] debug-file - entry : default@ProcessCompiledResources cost memory 0.058380126953125
[2026-07-30T08:18:13.224] [DEBUG] debug-file - runTaskFromQueue task cost before running: 123 ms 
[2026-07-30T08:18:13.225] [INFO] debug-file - Finished :entry:default@ProcessCompiledResources... after 1 ms 
[2026-07-30T08:18:13.225] [DEBUG] debug-file - Executing task :entry:default@PackageHap
[2026-07-30T08:18:13.227] [DEBUG] debug-file - Incremental task entry:default@PackageHap pre-execution cost: 2 ms .
[2026-07-30T08:18:13.227] [DEBUG] debug-file - entry : default@PackageHap cost memory 0.413482666015625
[2026-07-30T08:18:13.228] [INFO] debug-file - UP-TO-DATE :entry:default@PackageHap...  
[2026-07-30T08:18:13.228] [DEBUG] debug-file - Executing task :entry:default@PackingCheck
[2026-07-30T08:18:13.230] [DEBUG] debug-file - entry : default@PackingCheck cost memory 0.32067108154296875
[2026-07-30T08:18:13.230] [DEBUG] debug-file - runTaskFromQueue task cost before running: 129 ms 
[2026-07-30T08:18:13.230] [INFO] debug-file - Finished :entry:default@PackingCheck... after 2 ms 
[2026-07-30T08:18:13.231] [DEBUG] debug-file - Executing task :entry:default@SignHap
[2026-07-30T08:18:13.231] [WARN] debug-file - Will skip sign 'hos_hap'. No signingConfigs profile is configured in current project.
             If needed, configure the signingConfigs in E:\0730\hongmeng1\build-profile.json5.
[2026-07-30T08:18:13.231] [DEBUG] debug-file - entry:default@SignHap is not up-to-date, since the output file 'E:\0730\hongmeng1\entry\build\default\outputs\default\entry-default-signed.hap' does not exist.
[2026-07-30T08:18:13.231] [DEBUG] debug-file - Incremental task entry:default@SignHap pre-execution cost: 1 ms .
[2026-07-30T08:18:13.231] [DEBUG] debug-file - entry : default@SignHap cost memory 0.086395263671875
[2026-07-30T08:18:13.231] [DEBUG] debug-file - runTaskFromQueue task cost before running: 130 ms 
[2026-07-30T08:18:13.232] [INFO] debug-file - Finished :entry:default@SignHap... after 1 ms 
[2026-07-30T08:18:13.232] [DEBUG] debug-file - Executing task :entry:default@CollectDebugSymbol
[2026-07-30T08:18:13.232] [DEBUG] debug-file - entry : default@CollectDebugSymbol cost memory 0.08058929443359375
[2026-07-30T08:18:13.233] [DEBUG] debug-file - runTaskFromQueue task cost before running: 131 ms 
[2026-07-30T08:18:13.233] [INFO] debug-file - Finished :entry:default@CollectDebugSymbol... after 1 ms 
[2026-07-30T08:18:13.233] [DEBUG] debug-file - Executing task :entry:assembleHap
[2026-07-30T08:18:13.233] [DEBUG] debug-file - entry : assembleHap cost memory 0.0147705078125
[2026-07-30T08:18:13.233] [DEBUG] debug-file - runTaskFromQueue task cost before running: 131 ms 
[2026-07-30T08:18:13.233] [INFO] debug-file - Finished :entry:assembleHap... after 1 ms 
[2026-07-30T08:18:13.239] [INFO] debug-file - BUILD SUCCESSFUL in 137 ms 
[2026-07-30T08:18:13.239] [DEBUG] debug-file - There is no need to refresh cache, since the incremental task entry:default@PreBuild is up-to-date.
[2026-07-30T08:18:13.239] [DEBUG] debug-file - Update task entry:default@CreateModuleInfo output file:E:\0730\hongmeng1\entry\build\default\generated\profile\default\ModuleInfo.ts cache.
[2026-07-30T08:18:13.239] [DEBUG] debug-file - Incremental task entry:default@CreateModuleInfo post-execution cost:1 ms .
[2026-07-30T08:18:13.239] [DEBUG] debug-file - There is no need to refresh cache, since the incremental task entry:default@GenerateMetadata is up-to-date.
[2026-07-30T08:18:13.239] [DEBUG] debug-file - There is no need to refresh cache, since the incremental task entry:default@MergeProfile is up-to-date.
[2026-07-30T08:18:13.239] [DEBUG] debug-file - There is no need to refresh cache, since the incremental task entry:default@CreateBuildProfile is up-to-date.
[2026-07-30T08:18:13.239] [DEBUG] debug-file - There is no need to refresh cache, since the incremental task entry:default@GeneratePkgContextInfo is up-to-date.
[2026-07-30T08:18:13.239] [DEBUG] debug-file - Update task entry:default@GeneratePkgSdkInfo output file:E:\0730\hongmeng1\entry\build\default\intermediates\loader\default\pkgSdkInfo.json cache.
[2026-07-30T08:18:13.239] [DEBUG] debug-file - Incremental task entry:default@GeneratePkgSdkInfo post-execution cost:1 ms .
[2026-07-30T08:18:13.239] [DEBUG] debug-file - Update task entry:default@ProcessIntegratedHsp output file:E:\0730\hongmeng1\build\cache\default\integrated_hsp\integratedHspCache.json cache.
[2026-07-30T08:18:13.240] [DEBUG] debug-file - Incremental task entry:default@ProcessIntegratedHsp post-execution cost:1 ms .
[2026-07-30T08:18:13.240] [DEBUG] debug-file - There is no need to refresh cache, since the incremental task entry:default@MakePackInfo is up-to-date.
[2026-07-30T08:18:13.240] [DEBUG] debug-file - Update task entry:default@SyscapTransform input file:D:\Program Files\DevEco Studio\sdk\default\openharmony\toolchains\syscap_tool.exe cache by regenerate.
[2026-07-30T08:18:13.240] [DEBUG] debug-file - Update task entry:default@SyscapTransform input file:D:\Program Files\DevEco Studio\sdk\default\openharmony\ets\api\device-define cache by regenerate.
[2026-07-30T08:18:13.240] [DEBUG] debug-file - Update task entry:default@SyscapTransform output file:E:\0730\hongmeng1\entry\build\default\intermediates\syscap\default\rpcid.sc cache.
[2026-07-30T08:18:13.240] [DEBUG] debug-file - Incremental task entry:default@SyscapTransform post-execution cost:1 ms .
[2026-07-30T08:18:13.240] [DEBUG] debug-file - There is no need to refresh cache, since the incremental task entry:default@ProcessProfile is up-to-date.
[2026-07-30T08:18:13.240] [DEBUG] debug-file - There is no need to refresh cache, since the incremental task entry:default@ProcessRouterMap is up-to-date.
[2026-07-30T08:18:13.240] [DEBUG] debug-file - There is no need to refresh cache, since the incremental task entry:default@ProcessShareConfig is up-to-date.
[2026-07-30T08:18:13.240] [DEBUG] debug-file - Update task entry:default@ProcessStartupConfig input file:E:\0730\hongmeng1\entry\build\default\intermediates\loader\default\pkgContextInfo.json cache by regenerate.
[2026-07-30T08:18:13.240] [DEBUG] debug-file - Update task entry:default@ProcessStartupConfig output file:E:\0730\hongmeng1\entry\build\default\intermediates\startup\default\startup_config.json cache.
[2026-07-30T08:18:13.240] [DEBUG] debug-file - Incremental task entry:default@ProcessStartupConfig post-execution cost:1 ms .
[2026-07-30T08:18:13.240] [DEBUG] debug-file - There is no need to refresh cache, since the incremental task entry:default@ProcessResource is up-to-date.
[2026-07-30T08:18:13.240] [DEBUG] debug-file - There is no need to refresh cache, since the incremental task entry:default@GenerateLoaderJson is up-to-date.
[2026-07-30T08:18:13.241] [DEBUG] debug-file - There is no need to refresh cache, since the incremental task entry:default@ProcessLibs is up-to-date.
[2026-07-30T08:18:13.241] [DEBUG] debug-file - There is no need to refresh cache, since the incremental task entry:default@CompileResource is up-to-date.
[2026-07-30T08:18:13.241] [DEBUG] debug-file - There is no need to refresh cache, since the incremental task entry:default@DoNativeStrip is up-to-date.
[2026-07-30T08:18:13.241] [DEBUG] debug-file - There is no need to refresh cache, since the incremental task entry:default@CompileArkTS is up-to-date.
[2026-07-30T08:18:13.241] [DEBUG] debug-file - Update task entry:default@BuildJS input file:E:\0730\hongmeng1\entry\build\default\intermediates\loader\default cache by regenerate.
[2026-07-30T08:18:13.241] [DEBUG] debug-file - Update task entry:default@BuildJS input file:E:\0730\hongmeng1\entry\build\default\intermediates\res\default\resources\rawfile cache by regenerate.
[2026-07-30T08:18:13.241] [DEBUG] debug-file - Update task entry:default@BuildJS input file:E:\0730\hongmeng1\entry\build\default\intermediates\res\default\ResourceTable.txt cache by regenerate.
[2026-07-30T08:18:13.241] [DEBUG] debug-file - Update task entry:default@BuildJS input file:E:\0730\hongmeng1\entry\build\default\intermediates\res\default\ark_module.json cache by regenerate.
[2026-07-30T08:18:13.241] [DEBUG] debug-file - Update task entry:default@BuildJS input file:E:\0730\hongmeng1\entry\build\default\intermediates\res\default\resources\base\profile cache by regenerate.
[2026-07-30T08:18:13.242] [DEBUG] debug-file - Update task entry:default@BuildJS input file:E:\0730\hongmeng1\entry\build\default\intermediates\loader\default\pkgContextInfo.json cache by regenerate.
[2026-07-30T08:18:13.242] [DEBUG] debug-file - Update task entry:default@BuildJS output file:E:\0730\hongmeng1\entry\build\default\intermediates\loader_out\default\js cache.
[2026-07-30T08:18:13.242] [DEBUG] debug-file - Incremental task entry:default@BuildJS post-execution cost:2 ms .
[2026-07-30T08:18:13.242] [DEBUG] debug-file - There is no need to refresh cache, since the incremental task entry:default@CacheNativeLibs is up-to-date.
[2026-07-30T08:18:13.242] [DEBUG] debug-file - There is no need to refresh cache, since the incremental task entry:default@GeneratePkgModuleJson is up-to-date.
[2026-07-30T08:18:13.242] [DEBUG] debug-file - Incremental task entry:default@ProcessCompiledResources post-execution cost:1 ms .
[2026-07-30T08:18:13.242] [DEBUG] debug-file - There is no need to refresh cache, since the incremental task entry:default@PackageHap is up-to-date.
[2026-07-30T08:18:13.242] [DEBUG] debug-file - Update task entry:default@SignHap input file:E:\0730\hongmeng1\entry\build\default\outputs\default\entry-default-unsigned.hap cache by regenerate.
[2026-07-30T08:18:13.242] [DEBUG] debug-file - Update task entry:default@SignHap output file:E:\0730\hongmeng1\entry\build\default\outputs\default\entry-default-signed.hap cache.
[2026-07-30T08:18:13.242] [DEBUG] debug-file - Incremental task entry:default@SignHap post-execution cost:1 ms .
[2026-07-30T08:18:13.242] [DEBUG] debug-file - Update task entry:default@CollectDebugSymbol input file:E:\0730\hongmeng1\entry\build\default\intermediates\loader_out\default\ets\sourceMaps.map cache by regenerate.
[2026-07-30T08:18:13.242] [DEBUG] debug-file - Update task entry:default@CollectDebugSymbol input file:E:\0730\hongmeng1\entry\build\default\intermediates\libs\default cache by regenerate.
[2026-07-30T08:18:13.242] [DEBUG] debug-file - Update task entry:default@CollectDebugSymbol output file:E:\0730\hongmeng1\entry\build\default\outputs\default\symbol cache.
[2026-07-30T08:18:13.242] [DEBUG] debug-file - Incremental task entry:default@CollectDebugSymbol post-execution cost:1 ms .
[2026-07-30T08:18:13.256] [DEBUG] debug-file - hvigor build process will be closed.
[2026-07-30T08:18:13.261] [DEBUG] debug-file - session manager: send message to worker process.
[2026-07-30T08:18:13.262] [DEBUG] debug-file - session manager: send message to worker process.
[2026-07-30T08:18:13.262] [DEBUG] debug-file - watch worker: worker id should be larger than 0. Nothing will be sent to any worker thread.
[2026-07-30T08:18:13.262] [DEBUG] debug-file - watch worker: worker id should be larger than 0. Nothing will be sent to any worker thread.
[2026-07-30T09:31:11.648] [DEBUG] debug-file - env: nodejsVersion=v18.20.1
[2026-07-30T09:31:11.937] [DEBUG] debug-file - Hvigor init with startParameters:{
  hvigorfileTypeCheck: false,
  parallelExecution: true,
  incrementalExecution: true,
  printStackTrace: false,
  daemon: false,
  analyze: 0,
  logLevel: Level { level: 20000, levelStr: 'INFO', colour: 'green' },
  optimizationStrategy: 'memory',
  hotCompile: undefined,
  hotReloadBuild: undefined,
  customizedParam: undefined
}
[2026-07-30T09:31:13.321] [DEBUG] debug-file - hvigorfile, require result:  { default: { system: [Function: appTasks], plugins: [] } }
[2026-07-30T09:31:13.322] [DEBUG] debug-file - Starting plugin build process
[2026-07-30T09:31:13.481] [DEBUG] debug-file - App plugin register hook start...
[2026-07-30T09:31:13.483] [DEBUG] debug-file - Start initialize project's product build option map with build mode debug.
[2026-07-30T09:31:13.497] [DEBUG] debug-file - Start recording SDK configuration permission data.
[2026-07-30T09:31:13.486] [DEBUG] debug-file - Obtain build option for product 'default'in this build.
[2026-07-30T09:31:13.535] [DEBUG] debug-file - Project task initialization takes 5 ms 
[2026-07-30T09:31:13.542] [DEBUG] debug-file - failed to load cangjie to dynamically generate schemas: Error: Cannot find module '@ohos/cangjie-build-support/index'
Require stack:
- D:\Program Files\DevEco Studio\tools\hvigor\hvigor-ohos-plugin\src\plugin\hooks\cangjie-register.js
- D:\Program Files\DevEco Studio\tools\hvigor\hvigor-ohos-plugin\src\plugin\strategy\stage-init-strategy.js
- D:\Program Files\DevEco Studio\tools\hvigor\hvigor-ohos-plugin\src\plugin\builder\abstract-plugin-builder.js
- D:\Program Files\DevEco Studio\tools\hvigor\hvigor-ohos-plugin\src\plugin\builder\app-plugin-builder.js
- D:\Program Files\DevEco Studio\tools\hvigor\hvigor-ohos-plugin\src\plugin\factory\plugin-factory.js
- D:\Program Files\DevEco Studio\tools\hvigor\hvigor-ohos-plugin\index.js
- E:\0730\hongmeng2\hvigorfile.ts
- D:\Program Files\DevEco Studio\tools\hvigor\hvigor\src\base\internal\lifecycle\configuration.js
- D:\Program Files\DevEco Studio\tools\hvigor\hvigor\src\base\boot\index.js
- D:\Program Files\DevEco Studio\tools\hvigor\hvigor\src\cli\main\cli.js
- D:\Program Files\DevEco Studio\tools\hvigor\hvigor\bin\hvigor.js
[2026-07-30T09:31:13.574] [DEBUG] debug-file - Start to initialize dependency information.
[2026-07-30T09:31:13.565] [DEBUG] debug-file - start to load updatedOhPackageInfo to the disk
[2026-07-30T09:31:13.557] [DEBUG] debug-file - Start initialize module-target build option map, moduleName=entry, buildMode=debug
[2026-07-30T09:31:13.564] [DEBUG] debug-file - project has submodules:entry
[2026-07-30T09:31:11.650] [DEBUG] debug-file - env: hvigor-config.json5 content = {
  modelVersion: '6.1.1',
  dependencies: {},
  execution: {},
  logging: {},
  debugging: {},
  nodeOptions: {}
}
[2026-07-30T09:31:11.943] [DEBUG] debug-file - Cache service initialization finished in 6 ms 
[2026-07-30T09:31:13.598] [DEBUG] debug-file - Create  resident worker with id: 0.
[2026-07-30T09:31:13.321] [DEBUG] debug-file - hvigorfile, binding system plugins [Function: appTasks]
[2026-07-30T09:31:13.322] [DEBUG] debug-file - App plugin prepare start...
[2026-07-30T09:31:13.481] [DEBUG] debug-file - App plugin register hook end...
[2026-07-30T09:31:13.483] [DEBUG] debug-file - Picking option from product 'default' with build mode 'debug'.
[2026-07-30T09:31:13.529] [DEBUG] debug-file - Sdk init in 37 ms 
[2026-07-30T09:31:13.492] [DEBUG] debug-file - No signingConfig found, initRemoteHspCache failed.
[2026-07-30T09:31:13.535] [DEBUG] debug-file - hvigorfile, begin to bind custom plugins...
[2026-07-30T09:31:13.575] [DEBUG] debug-file - Module entry Collected Dependency: 
[2026-07-30T09:31:13.566] [DEBUG] debug-file - load to the disk finished
[2026-07-30T09:31:13.557] [DEBUG] debug-file - Target 'default' config initialized
[2026-07-30T09:31:11.651] [DEBUG] debug-file - env: daemon=false
[2026-07-30T09:31:11.945] [DEBUG] debug-file - hvigorfile, resolving E:\0730\hongmeng2\hvigorfile.ts
[2026-07-30T09:31:13.601] [DEBUG] debug-file - Create  resident worker with id: 1.
[2026-07-30T09:31:13.322] [DEBUG] debug-file - App plugin prepare end...
[2026-07-30T09:31:13.482] [DEBUG] debug-file - Plugin build process completed
[2026-07-30T09:31:13.483] [DEBUG] debug-file - Product 'default' build option initialized
[2026-07-30T09:31:13.493] [DEBUG] debug-file - Local scan or download HarmonyOS sdk components toolchains,ets,js,native,previewer
[2026-07-30T09:31:13.535] [DEBUG] debug-file - hvigorfile, no custom plugins were found in E:\0730\hongmeng2\hvigorfile.ts
[2026-07-30T09:31:13.575] [DEBUG] debug-file - Module entry's total dependency: 0
[2026-07-30T09:31:13.567] [DEBUG] debug-file - Start to initialize dependency information.
[2026-07-30T09:31:13.558] [DEBUG] debug-file - Target 'ohosTest' config initialized
[2026-07-30T09:31:11.652] [DEBUG] debug-file - no-daemon, use the parent process.execArgv --max-old-space-size=8192,--max-semi-space-size=16,--expose-gc
[2026-07-30T09:31:13.602] [DEBUG] debug-file - Current worker pool is stopped or closed.
[2026-07-30T09:31:13.322] [DEBUG] debug-file - App plugin creating...
[2026-07-30T09:31:13.483] [DEBUG] debug-file - End initialize project's product build option map with build mode 'debug'.
[2026-07-30T09:31:13.495] [DEBUG] debug-file - Local scan or download hmscore sdk components toolchains,ets,native
[2026-07-30T09:31:13.535] [DEBUG] debug-file - hvigorfile, resolve finished E:\0730\hongmeng2\hvigorfile.ts
[2026-07-30T09:31:13.578] [DEBUG] debug-file - Configuration phase cost:1 s 634 ms 
[2026-07-30T09:31:13.572] [DEBUG] debug-file - Module hongmeng2 Collected Dependency: 
[2026-07-30T09:31:13.558] [DEBUG] debug-file - Module 'entry' target 'default' build option initialized
[2026-07-30T09:31:13.602] [DEBUG] debug-file - Clear worker 0.
[2026-07-30T09:31:13.579] [DEBUG] debug-file - Configuration task cost before running: 1 s 648 ms 
[2026-07-30T09:31:13.536] [DEBUG] debug-file - hvigorfile, resolving E:\0730\hongmeng2\entry\hvigorfile.ts
[2026-07-30T09:31:13.572] [DEBUG] debug-file - Module hongmeng2's total dependency: 0
[2026-07-30T09:31:13.558] [DEBUG] debug-file - Module 'entry' target 'ohosTest' build option initialized
[2026-07-30T09:31:13.603] [DEBUG] debug-file - Worker 0 has been cleared.
[2026-07-30T09:31:13.541] [DEBUG] debug-file - hvigorfile, require result:  { default: { system: [Function: hapTasks], plugins: [] } }
[2026-07-30T09:31:13.558] [DEBUG] debug-file - End initialize module-target build option map, moduleName=entry
[2026-07-30T09:31:13.580] [DEBUG] debug-file - Executing task :entry:init
[2026-07-30T09:31:13.603] [DEBUG] debug-file - Current idle worker size: 1.
[2026-07-30T09:31:13.541] [DEBUG] debug-file - hvigorfile, binding system plugins [Function: hapTasks]
[2026-07-30T09:31:13.558] [DEBUG] debug-file - Start initialize module-target build option map, moduleName=entry, buildMode=release
[2026-07-30T09:31:13.580] [DEBUG] debug-file - entry : init cost memory 0.01416778564453125
[2026-07-30T09:31:13.603] [DEBUG] debug-file - Current busy worker size: 0.
[2026-07-30T09:31:13.558] [DEBUG] debug-file - Target 'default' config initialized
[2026-07-30T09:31:13.541] [DEBUG] debug-file - Starting plugin build process
[2026-07-30T09:31:13.580] [DEBUG] debug-file - runTaskFromQueue task cost before running: 1 s 649 ms 
[2026-07-30T09:31:13.603] [DEBUG] debug-file - Clear worker 1.
[2026-07-30T09:31:13.558] [DEBUG] debug-file - Target 'ohosTest' config initialized
[2026-07-30T09:31:13.541] [DEBUG] debug-file - Hap plugin creating...
[2026-07-30T09:31:13.581] [INFO] debug-file - Finished :entry:init... after 1 ms 
[2026-07-30T09:31:13.603] [DEBUG] debug-file - Worker 1 has been cleared.
[2026-07-30T09:31:13.558] [DEBUG] debug-file - Module 'entry' target 'default' build option initialized
[2026-07-30T09:31:13.581] [DEBUG] debug-file - Executing task ::init
[2026-07-30T09:31:13.603] [DEBUG] debug-file - Current idle worker size: 0.
[2026-07-30T09:31:13.558] [DEBUG] debug-file - Module 'entry' target 'ohosTest' build option initialized
[2026-07-30T09:31:13.581] [DEBUG] debug-file - hongmeng2 : init cost memory 0.0117950439453125
[2026-07-30T09:31:13.603] [DEBUG] debug-file - Current busy worker size: 0.
[2026-07-30T09:31:13.558] [DEBUG] debug-file - End initialize module-target build option map, moduleName=entry
[2026-07-30T09:31:13.581] [DEBUG] debug-file - runTaskFromQueue task cost before running: 1 s 650 ms 
[2026-07-30T09:31:13.603] [DEBUG] debug-file - hvigor build process will be closed.
[2026-07-30T09:31:13.558] [DEBUG] debug-file - Start initialize module-target build option map, moduleName=entry, buildMode=debug
[2026-07-30T09:31:13.581] [INFO] debug-file - Finished ::init... after 1 ms 
[2026-07-30T09:31:13.606] [DEBUG] debug-file - worker[0] exits with exit code 0.
[2026-07-30T09:31:13.558] [DEBUG] debug-file - Target 'default' config initialized
[2026-07-30T09:31:13.589] [DEBUG] debug-file - Obtain build option for module 'entry' target 'default'in this build.
[2026-07-30T09:31:13.608] [DEBUG] debug-file - worker[1] exits with exit code 0.
[2026-07-30T09:31:13.559] [DEBUG] debug-file - Target 'ohosTest' config initialized
[2026-07-30T09:31:13.589] [DEBUG] debug-file - Obtain build option for module 'entry' target 'ohosTest'in this build.
[2026-07-30T09:31:13.608] [DEBUG] debug-file - Current worker pool is terminated.
[2026-07-30T09:31:13.559] [DEBUG] debug-file - Module 'entry' target 'default' build option initialized
[2026-07-30T09:31:13.596] [DEBUG] debug-file - Since there is no instance or instance is terminated, create a new worker pool.
[2026-07-30T09:31:13.559] [DEBUG] debug-file - Module 'entry' target 'ohosTest' build option initialized
[2026-07-30T09:31:13.596] [DEBUG] debug-file - Worker pool is initialized with config:  {
  minPoolNum: 2,
  maxPoolNum: undefined,
  maxCoreSize: undefined,
  cacheCapacity: undefined,
  cacheTtl: undefined
}
[2026-07-30T09:31:13.559] [DEBUG] debug-file - End initialize module-target build option map, moduleName=entry
[2026-07-30T09:31:13.559] [DEBUG] debug-file - Obtain build option for module 'entry' target 'default'in this build.
[2026-07-30T09:31:13.563] [DEBUG] debug-file - Module entry task initialization takes 3 ms 
[2026-07-30T09:31:13.563] [DEBUG] debug-file - Hap plugin register hook start...
[2026-07-30T09:31:13.563] [DEBUG] debug-file - Hap plugin register hook end...
[2026-07-30T09:31:13.563] [DEBUG] debug-file - Plugin build process completed
[2026-07-30T09:31:13.563] [DEBUG] debug-file - hvigorfile, begin to bind custom plugins...
[2026-07-30T09:31:13.563] [DEBUG] debug-file - hvigorfile, no custom plugins were found in E:\0730\hongmeng2\entry\hvigorfile.ts
[2026-07-30T09:31:13.563] [DEBUG] debug-file - hvigorfile, resolve finished E:\0730\hongmeng2\entry\hvigorfile.ts
[2026-07-30T09:32:11.934] [DEBUG] debug-file - env: nodejsVersion=v18.20.1
[2026-07-30T09:32:12.006] [DEBUG] debug-file - env: daemon=true
[2026-07-30T09:32:11.935] [DEBUG] debug-file - env: hvigor-config.json5 content = {
  modelVersion: '6.1.1',
  dependencies: {},
  execution: {},
  logging: {},
  debugging: {},
  nodeOptions: {}
}
[2026-07-30T09:32:12.514] [DEBUG] debug-file - hvigor java daemon: Starting java daemon. jvmXmxValue=512m, jarPath=D:\Program Files\DevEco Studio\tools\hvigor\hvigor\lib\hvigor-java-daemon.jar
[2026-07-30T09:32:12.514] [DEBUG] debug-file - hvigor java daemon: Read cache file, 
    port=45050, pid=29216, sessionId exists=true
[2026-07-30T09:32:12.530] [DEBUG] debug-file - hvigor java daemon: tryConnect failed, Error: connect ECONNREFUSED 127.0.0.1:45050, will start new daemon
[2026-07-30T09:32:12.540] [DEBUG] debug-file - java daemon started at port 45050 pid 31312
[2026-07-30T09:32:12.566] [DEBUG] debug-file - session manager: set active socket. socketId=o2BSanc5b7bRteZAAAAB
[2026-07-30T09:32:13.070] [DEBUG] debug-file - watch worker: worker id should be larger than 0. Nothing will be sent to any worker thread.
[2026-07-30T09:32:13.075] [DEBUG] debug-file - Since there is no instance or instance is terminated, create a new worker pool.
[2026-07-30T09:32:13.076] [DEBUG] debug-file - Worker pool is initialized with config:  {
  minPoolNum: 2,
  maxPoolNum: undefined,
  maxCoreSize: undefined,
  cacheCapacity: undefined,
  cacheTtl: undefined
}
[2026-07-30T09:32:13.077] [DEBUG] debug-file - Create  resident worker with id: 0.
[2026-07-30T09:32:13.079] [DEBUG] debug-file - Create  resident worker with id: 1.
[2026-07-30T09:32:13.080] [DEBUG] debug-file - Workers' log level updated to INFO
[2026-07-30T09:32:13.088] [DEBUG] debug-file - Hvigor init with startParameters:{
  hvigorfileTypeCheck: false,
  parallelExecution: true,
  incrementalExecution: true,
  printStackTrace: false,
  daemon: true,
  analyze: 0,
  logLevel: Level { level: 20000, levelStr: 'INFO', colour: 'green' },
  optimizationStrategy: 'memory',
  hotCompile: undefined,
  hotReloadBuild: undefined,
  customizedParam: undefined
}
[2026-07-30T09:32:13.096] [DEBUG] debug-file - Cache service initialization finished in 9 ms 
[2026-07-30T09:32:13.098] [DEBUG] debug-file - hvigorfile, resolving E:\0730\hongmeng2\hvigorfile.ts
[2026-07-30T09:32:14.407] [DEBUG] debug-file - hvigorfile, require result:  { default: { plugins: [] } }
[2026-07-30T09:32:14.407] [DEBUG] debug-file - hvigorfile, binding system plugins null
[2026-07-30T09:32:14.408] [DEBUG] debug-file - Starting plugin build process
[2026-07-30T09:32:14.408] [DEBUG] debug-file - App plugin prepare start...
[2026-07-30T09:32:14.408] [DEBUG] debug-file - App plugin prepare end...
[2026-07-30T09:32:14.408] [DEBUG] debug-file - App plugin creating...
[2026-07-30T09:32:14.556] [DEBUG] debug-file - App plugin register hook start...
[2026-07-30T09:32:14.557] [DEBUG] debug-file - App plugin register hook end...
[2026-07-30T09:32:14.557] [DEBUG] debug-file - Plugin build process completed
[2026-07-30T09:32:14.558] [DEBUG] debug-file - Start initialize project's product build option map with build mode debug.
[2026-07-30T09:32:14.558] [DEBUG] debug-file - Picking option from product 'default' with build mode 'debug'.
[2026-07-30T09:32:14.558] [DEBUG] debug-file - Product 'default' build option initialized
[2026-07-30T09:32:14.558] [DEBUG] debug-file - End initialize project's product build option map with build mode 'debug'.
[2026-07-30T09:32:14.559] [DEBUG] debug-file - Obtain build option for product 'default'in this build.
[2026-07-30T09:32:14.567] [DEBUG] debug-file - No signingConfig found, initRemoteHspCache failed.
[2026-07-30T09:32:14.569] [DEBUG] debug-file - Local scan or download HarmonyOS sdk components toolchains,ets,js,native,previewer
[2026-07-30T09:32:14.571] [DEBUG] debug-file - Local scan or download hmscore sdk components toolchains,ets,native
[2026-07-30T09:32:14.572] [DEBUG] debug-file - Start recording SDK configuration permission data.
[2026-07-30T09:32:14.616] [DEBUG] debug-file - Sdk init in 49 ms 
[2026-07-30T09:32:14.622] [DEBUG] debug-file - Project task initialization takes 5 ms 
[2026-07-30T09:32:14.622] [DEBUG] debug-file - hvigorfile, begin to bind custom plugins...
[2026-07-30T09:32:14.623] [DEBUG] debug-file - hvigorfile, no custom plugins were found in E:\0730\hongmeng2\hvigorfile.ts
[2026-07-30T09:32:14.623] [DEBUG] debug-file - hvigorfile, resolve finished E:\0730\hongmeng2\hvigorfile.ts
[2026-07-30T09:32:14.623] [DEBUG] debug-file - hvigorfile, resolving E:\0730\hongmeng2\entry\hvigorfile.ts
[2026-07-30T09:32:14.628] [DEBUG] debug-file - hvigorfile, require result:  { default: { plugins: [] } }
[2026-07-30T09:32:14.628] [DEBUG] debug-file - hvigorfile, binding system plugins null
[2026-07-30T09:32:14.629] [DEBUG] debug-file - Starting plugin build process
[2026-07-30T09:32:14.629] [DEBUG] debug-file - Hap plugin creating...
[2026-07-30T09:32:14.629] [DEBUG] debug-file - failed to load cangjie to dynamically generate schemas: Error: Cannot find module '@ohos/cangjie-build-support/index'
Require stack:
- D:\Program Files\DevEco Studio\tools\hvigor\hvigor-ohos-plugin\src\plugin\hooks\cangjie-register.js
- D:\Program Files\DevEco Studio\tools\hvigor\hvigor-ohos-plugin\src\plugin\strategy\stage-init-strategy.js
- D:\Program Files\DevEco Studio\tools\hvigor\hvigor-ohos-plugin\src\plugin\builder\abstract-plugin-builder.js
- D:\Program Files\DevEco Studio\tools\hvigor\hvigor-ohos-plugin\src\plugin\builder\app-plugin-builder.js
- D:\Program Files\DevEco Studio\tools\hvigor\hvigor-ohos-plugin\src\plugin\factory\plugin-factory.js
- D:\Program Files\DevEco Studio\tools\hvigor\hvigor-ohos-plugin\index.js
- E:\0730\hongmeng2\hvigorfile.ts
- D:\Program Files\DevEco Studio\tools\hvigor\hvigor\src\base\internal\lifecycle\configuration.js
- D:\Program Files\DevEco Studio\tools\hvigor\hvigor\src\base\boot\index.js
- D:\Program Files\DevEco Studio\tools\hvigor\hvigor\src\base\daemon\cluster\worker-process-lifecycle.js
- D:\Program Files\DevEco Studio\tools\hvigor\hvigor\src\base\daemon\process\daemon-process-boot-script.js
[2026-07-30T09:32:14.644] [DEBUG] debug-file - Start initialize module-target build option map, moduleName=entry, buildMode=debug
[2026-07-30T09:32:14.644] [DEBUG] debug-file - Target 'default' config initialized
[2026-07-30T09:32:14.645] [DEBUG] debug-file - Target 'ohosTest' config initialized
[2026-07-30T09:32:14.645] [DEBUG] debug-file - Module 'entry' target 'default' build option initialized
[2026-07-30T09:32:14.645] [DEBUG] debug-file - Module 'entry' target 'ohosTest' build option initialized
[2026-07-30T09:32:14.645] [DEBUG] debug-file - End initialize module-target build option map, moduleName=entry
[2026-07-30T09:32:14.645] [DEBUG] debug-file - Start initialize module-target build option map, moduleName=entry, buildMode=release
[2026-07-30T09:32:14.645] [DEBUG] debug-file - Target 'default' config initialized
[2026-07-30T09:32:14.646] [DEBUG] debug-file - Target 'ohosTest' config initialized
[2026-07-30T09:32:14.646] [DEBUG] debug-file - Module 'entry' target 'default' build option initialized
[2026-07-30T09:32:14.646] [DEBUG] debug-file - Module 'entry' target 'ohosTest' build option initialized
[2026-07-30T09:32:14.646] [DEBUG] debug-file - End initialize module-target build option map, moduleName=entry
[2026-07-30T09:32:14.646] [DEBUG] debug-file - Start initialize module-target build option map, moduleName=entry, buildMode=debug
[2026-07-30T09:32:14.646] [DEBUG] debug-file - Target 'default' config initialized
[2026-07-30T09:32:14.646] [DEBUG] debug-file - Target 'ohosTest' config initialized
[2026-07-30T09:32:14.647] [DEBUG] debug-file - Module 'entry' target 'default' build option initialized
[2026-07-30T09:32:14.647] [DEBUG] debug-file - Module 'entry' target 'ohosTest' build option initialized
[2026-07-30T09:32:14.647] [DEBUG] debug-file - End initialize module-target build option map, moduleName=entry
[2026-07-30T09:32:14.647] [DEBUG] debug-file - Obtain build option for module 'entry' target 'default'in this build.
[2026-07-30T09:32:14.652] [DEBUG] debug-file - Module entry task initialization takes 5 ms 
[2026-07-30T09:32:14.653] [DEBUG] debug-file - Hap plugin register hook start...
[2026-07-30T09:32:14.653] [DEBUG] debug-file - Hap plugin register hook end...
[2026-07-30T09:32:14.653] [DEBUG] debug-file - Plugin build process completed
[2026-07-30T09:32:14.653] [DEBUG] debug-file - hvigorfile, begin to bind custom plugins...
[2026-07-30T09:32:14.653] [DEBUG] debug-file - hvigorfile, no custom plugins were found in E:\0730\hongmeng2\entry\hvigorfile.ts
[2026-07-30T09:32:14.653] [DEBUG] debug-file - hvigorfile, resolve finished E:\0730\hongmeng2\entry\hvigorfile.ts
[2026-07-30T09:32:14.672] [DEBUG] debug-file - hvigorfile, resolve hvigorfile dependencies in 19 ms 
[2026-07-30T09:32:14.673] [DEBUG] debug-file - project has submodules:entry
[2026-07-30T09:32:14.674] [DEBUG] debug-file - start to load updatedOhPackageInfo to the disk
[2026-07-30T09:32:14.675] [DEBUG] debug-file - load to the disk finished
[2026-07-30T09:32:14.676] [DEBUG] debug-file - Start to initialize dependency information.
[2026-07-30T09:32:14.681] [DEBUG] debug-file - Module hongmeng2 Collected Dependency: 
[2026-07-30T09:32:14.681] [DEBUG] debug-file - Module hongmeng2's total dependency: 0
[2026-07-30T09:32:14.682] [DEBUG] debug-file - Start to initialize dependency information.
[2026-07-30T09:32:14.684] [DEBUG] debug-file - Module entry Collected Dependency: 
[2026-07-30T09:32:14.684] [DEBUG] debug-file - Module entry's total dependency: 0
[2026-07-30T09:32:14.688] [DEBUG] debug-file - Configuration phase cost:1 s 592 ms 
[2026-07-30T09:32:14.690] [DEBUG] debug-file - Configuration task cost before running: 1 s 609 ms 
[2026-07-30T09:32:14.695] [DEBUG] debug-file - Executing task :entry:default@PreBuild
[2026-07-30T09:32:14.699] [DEBUG] debug-file - Task 'entry:default@PreBuild' cost while wrapping incremental declarations: 1 ms 
[2026-07-30T09:32:14.796] [DEBUG] debug-file - current product is not Atomic service.
[2026-07-30T09:32:14.797] [DEBUG] debug-file - Use tool [win32: JAVA_HOME, CLASSPATH]
 [
  { JAVA_HOME: 'D:\\Program Files\\DevEco Studio\\jbr' },
  {
    CLASSPATH: '.;D:\\Program Files\\jdk17\\lib\\dt.jar;D:\\Program Files\\jdk17\\lib\\tools.jar'
  }
]
[2026-07-30T09:32:14.797] [DEBUG] debug-file - Use tool [win32: NODE_HOME]
 [ { NODE_HOME: 'D:\\Program Files\\DevEco Studio\\tools\\node' } ]
[2026-07-30T09:32:14.797] [DEBUG] debug-file - entry : default@PreBuild cost memory 7.814308166503906
[2026-07-30T09:32:14.798] [DEBUG] debug-file - runTaskFromQueue task cost before running: 1 s 717 ms 
[2026-07-30T09:32:14.799] [INFO] debug-file - Finished :entry:default@PreBuild... after 103 ms 
[2026-07-30T09:32:14.799] [DEBUG] debug-file - Executing task :entry:default@CreateModuleInfo
[2026-07-30T09:32:14.800] [DEBUG] debug-file - Task 'entry:default@CreateModuleInfo' cost while wrapping incremental declarations: 1 ms 
[2026-07-30T09:32:14.800] [DEBUG] debug-file - entry : default@CreateModuleInfo cost memory 0.04242706298828125
[2026-07-30T09:32:14.800] [DEBUG] debug-file - runTaskFromQueue task cost before running: 1 s 720 ms 
[2026-07-30T09:32:14.800] [INFO] debug-file - Finished :entry:default@CreateModuleInfo... after 1 ms 
[2026-07-30T09:32:14.801] [DEBUG] debug-file - Executing task :entry:default@GenerateMetadata
[2026-07-30T09:32:14.802] [DEBUG] debug-file - Task 'entry:default@GenerateMetadata' cost while wrapping incremental declarations: 1 ms 
[2026-07-30T09:32:14.803] [DEBUG] debug-file - entry : default@GenerateMetadata cost memory 0.058837890625
[2026-07-30T09:32:14.803] [DEBUG] debug-file - runTaskFromQueue task cost before running: 1 s 722 ms 
[2026-07-30T09:32:14.803] [INFO] debug-file - Finished :entry:default@GenerateMetadata... after 2 ms 
[2026-07-30T09:32:14.804] [DEBUG] debug-file - Executing task :entry:default@ConfigureCmake
[2026-07-30T09:32:14.804] [DEBUG] debug-file - entry : default@ConfigureCmake cost memory 0.01446533203125
[2026-07-30T09:32:14.804] [DEBUG] debug-file - runTaskFromQueue task cost before running: 1 s 724 ms 
[2026-07-30T09:32:14.804] [INFO] debug-file - Finished :entry:default@ConfigureCmake... after 1 ms 
[2026-07-30T09:32:14.805] [DEBUG] debug-file - Executing task :entry:default@MergeProfile
[2026-07-30T09:32:14.805] [DEBUG] debug-file - Task 'entry:default@MergeProfile' cost while wrapping incremental declarations: 1 ms 
[2026-07-30T09:32:14.806] [DEBUG] debug-file - Change app api release type with 'Release'
[2026-07-30T09:32:14.806] [DEBUG] debug-file - Change app compile API version with '6.1.1.125'
[2026-07-30T09:32:14.806] [DEBUG] debug-file - Change app target API version with '60101024'
[2026-07-30T09:32:14.806] [DEBUG] debug-file - Change app minimum API version with '60101024'
[2026-07-30T09:32:14.806] [DEBUG] debug-file - Use cli appEnvironment
[2026-07-30T09:32:14.808] [DEBUG] debug-file - entry : default@MergeProfile cost memory 0.21074676513671875
[2026-07-30T09:32:14.808] [DEBUG] debug-file - runTaskFromQueue task cost before running: 1 s 728 ms 
[2026-07-30T09:32:14.808] [INFO] debug-file - Finished :entry:default@MergeProfile... after 4 ms 
[2026-07-30T09:32:14.810] [DEBUG] debug-file - Executing task :entry:default@CreateBuildProfile
[2026-07-30T09:32:14.810] [DEBUG] debug-file - Task 'entry:default@CreateBuildProfile' cost while wrapping incremental declarations: 1 ms 
[2026-07-30T09:32:14.811] [DEBUG] debug-file - entry : default@CreateBuildProfile cost memory 0.0679168701171875
[2026-07-30T09:32:14.811] [DEBUG] debug-file - runTaskFromQueue task cost before running: 1 s 731 ms 
[2026-07-30T09:32:14.811] [INFO] debug-file - Finished :entry:default@CreateBuildProfile... after 2 ms 
[2026-07-30T09:32:14.812] [DEBUG] debug-file - Executing task :entry:default@PreCheckSyscap
[2026-07-30T09:32:14.812] [DEBUG] debug-file - entry : default@PreCheckSyscap cost memory 0.01470184326171875
[2026-07-30T09:32:14.812] [DEBUG] debug-file - runTaskFromQueue task cost before running: 1 s 732 ms 
[2026-07-30T09:32:14.813] [INFO] debug-file - Finished :entry:default@PreCheckSyscap... after 1 ms 
[2026-07-30T09:32:14.814] [DEBUG] debug-file - Executing task :entry:default@GeneratePkgContextInfo
[2026-07-30T09:32:14.819] [DEBUG] debug-file - Task 'entry:default@GeneratePkgContextInfo' cost while wrapping incremental declarations: 1 ms 
[2026-07-30T09:32:14.821] [DEBUG] debug-file - entry : default@GeneratePkgContextInfo cost memory 0.229339599609375
[2026-07-30T09:32:14.821] [DEBUG] debug-file - runTaskFromQueue task cost before running: 1 s 741 ms 
[2026-07-30T09:32:14.821] [INFO] debug-file - Finished :entry:default@GeneratePkgContextInfo... after 8 ms 
[2026-07-30T09:32:14.822] [DEBUG] debug-file - Executing task :entry:default@GeneratePkgSdkInfo
[2026-07-30T09:32:14.825] [DEBUG] debug-file - Task 'entry:default@GeneratePkgSdkInfo' cost while wrapping incremental declarations: 1 ms 
[2026-07-30T09:32:14.825] [DEBUG] debug-file - entry : default@GeneratePkgSdkInfo cost memory 0.139404296875
[2026-07-30T09:32:14.825] [DEBUG] debug-file - runTaskFromQueue task cost before running: 1 s 745 ms 
[2026-07-30T09:32:14.825] [INFO] debug-file - Finished :entry:default@GeneratePkgSdkInfo... after 3 ms 
[2026-07-30T09:32:14.828] [DEBUG] debug-file - Executing task :entry:default@ProcessIntegratedHsp
[2026-07-30T09:32:14.829] [DEBUG] debug-file - entry : default@ProcessIntegratedHsp cost memory 0.02899169921875
[2026-07-30T09:32:14.829] [DEBUG] debug-file - runTaskFromQueue task cost before running: 1 s 748 ms 
[2026-07-30T09:32:14.829] [INFO] debug-file - Finished :entry:default@ProcessIntegratedHsp... after 1 ms 
[2026-07-30T09:32:14.830] [DEBUG] debug-file - Executing task :entry:default@BuildNativeWithCmake
[2026-07-30T09:32:14.830] [DEBUG] debug-file - entry : default@BuildNativeWithCmake cost memory 0.01514434814453125
[2026-07-30T09:32:14.830] [DEBUG] debug-file - runTaskFromQueue task cost before running: 1 s 750 ms 
[2026-07-30T09:32:14.830] [INFO] debug-file - Finished :entry:default@BuildNativeWithCmake... after 1 ms 
[2026-07-30T09:32:14.832] [DEBUG] debug-file - Executing task :entry:default@MakePackInfo
[2026-07-30T09:32:14.834] [DEBUG] debug-file - Module Pack Info:  {
  summary: {
    app: { bundleName: 'c***u', bundleType: 'app', version: [Object] },
    modules: [ [Object] ]
  },
  packages: [
    {
      deviceType: [Array],
      moduleType: 'entry',
      deliveryWithInstall: true,
      name: 'entry-default'
    }
  ]
}
[2026-07-30T09:32:14.835] [DEBUG] debug-file - entry : default@MakePackInfo cost memory 0.1114654541015625
[2026-07-30T09:32:14.835] [DEBUG] debug-file - runTaskFromQueue task cost before running: 1 s 754 ms 
[2026-07-30T09:32:14.835] [INFO] debug-file - Finished :entry:default@MakePackInfo... after 4 ms 
[2026-07-30T09:32:14.836] [DEBUG] debug-file - Executing task :entry:default@SyscapTransform
[2026-07-30T09:32:14.836] [DEBUG] debug-file - File: 'E:\0730\hongmeng2\entry\src\main\syscap.json' from 'sysCapJsonPath' is not exists, just ignore.
[2026-07-30T09:32:14.837] [DEBUG] debug-file - Task 'entry:default@SyscapTransform' cost while wrapping incremental declarations: 1 ms 
[2026-07-30T09:32:14.837] [DEBUG] debug-file - entry : default@SyscapTransform cost memory 0.05523681640625
[2026-07-30T09:32:14.837] [DEBUG] debug-file - runTaskFromQueue task cost before running: 1 s 757 ms 
[2026-07-30T09:32:14.837] [INFO] debug-file - Finished :entry:default@SyscapTransform... after 1 ms 
[2026-07-30T09:32:14.838] [DEBUG] debug-file - Executing task :entry:default@ProcessProfile
[2026-07-30T09:32:14.839] [DEBUG] debug-file - Task 'entry:default@ProcessProfile' cost while wrapping incremental declarations: 1 ms 
[2026-07-30T09:32:14.840] [DEBUG] debug-file - [
  'D:\\Program Files\\DevEco Studio\\tools\\node\\node.exe',
  'D:\\Program Files\\DevEco Studio\\sdk\\default\\openharmony\\ets\\build-tools\\ets-loader\\bin\\ark\\ts2abc.js',
  '--target-api-version',
  '24'
]
[2026-07-30T09:32:14.986] [DEBUG] debug-file - 24.0.0.0
[2026-07-30T09:32:14.987] [DEBUG] debug-file - No need to add fake ui ability because of not in preview process.
[2026-07-30T09:32:14.987] [DEBUG] debug-file - entry : default@ProcessProfile cost memory 1.9405746459960938
[2026-07-30T09:32:14.987] [DEBUG] debug-file - runTaskFromQueue task cost before running: 1 s 907 ms 
[2026-07-30T09:32:14.987] [INFO] debug-file - Finished :entry:default@ProcessProfile... after 149 ms 
[2026-07-30T09:32:14.988] [DEBUG] debug-file - Executing task :entry:default@ProcessRouterMap
[2026-07-30T09:32:14.990] [DEBUG] debug-file - entry : default@ProcessRouterMap cost memory 0.07701873779296875
[2026-07-30T09:32:14.990] [DEBUG] debug-file - runTaskFromQueue task cost before running: 1 s 910 ms 
[2026-07-30T09:32:14.991] [INFO] debug-file - Finished :entry:default@ProcessRouterMap... after 2 ms 
[2026-07-30T09:32:14.991] [DEBUG] debug-file - Executing task :entry:default@ProcessShareConfig
[2026-07-30T09:32:14.992] [DEBUG] debug-file - entry : default@ProcessShareConfig cost memory 0.0649871826171875
[2026-07-30T09:32:14.992] [DEBUG] debug-file - runTaskFromQueue task cost before running: 1 s 912 ms 
[2026-07-30T09:32:14.993] [INFO] debug-file - Finished :entry:default@ProcessShareConfig... after 2 ms 
[2026-07-30T09:32:14.993] [DEBUG] debug-file - Executing task :entry:default@ProcessStartupConfig
[2026-07-30T09:32:14.994] [DEBUG] debug-file - Task 'entry:default@ProcessStartupConfig' cost while wrapping incremental declarations: 1 ms 
[2026-07-30T09:32:14.994] [DEBUG] debug-file - entry : default@ProcessStartupConfig cost memory 0.09365081787109375
[2026-07-30T09:32:14.995] [DEBUG] debug-file - runTaskFromQueue task cost before running: 1 s 914 ms 
[2026-07-30T09:32:14.995] [INFO] debug-file - Finished :entry:default@ProcessStartupConfig... after 2 ms 
[2026-07-30T09:32:14.995] [DEBUG] debug-file - Executing task :entry:default@BuildNativeWithNinja
[2026-07-30T09:32:14.996] [DEBUG] debug-file - entry : default@BuildNativeWithNinja cost memory 0.02085113525390625
[2026-07-30T09:32:14.996] [DEBUG] debug-file - runTaskFromQueue task cost before running: 1 s 915 ms 
[2026-07-30T09:32:14.996] [INFO] debug-file - Finished :entry:default@BuildNativeWithNinja... after 1 ms 
[2026-07-30T09:32:14.997] [DEBUG] debug-file - restool module names: entry; moduleName=entry, taskName=default@ProcessResource
[2026-07-30T09:32:14.998] [DEBUG] debug-file - Executing task :entry:default@ProcessResource
[2026-07-30T09:32:14.998] [DEBUG] debug-file - Task 'entry:default@ProcessResource' cost while wrapping incremental declarations: 1 ms 
[2026-07-30T09:32:15.000] [DEBUG] debug-file - entry : default@ProcessResource cost memory 0.12591552734375
[2026-07-30T09:32:15.001] [DEBUG] debug-file - runTaskFromQueue task cost before running: 1 s 920 ms 
[2026-07-30T09:32:15.001] [INFO] debug-file - Finished :entry:default@ProcessResource... after 3 ms 
[2026-07-30T09:32:15.003] [DEBUG] debug-file - Executing task :entry:default@GenerateLoaderJson
[2026-07-30T09:32:15.004] [DEBUG] debug-file - Task 'entry:default@GenerateLoaderJson' cost while wrapping incremental declarations: 1 ms 
[2026-07-30T09:32:15.012] [DEBUG] debug-file - entry : default@GenerateLoaderJson cost memory 0.7387466430664062
[2026-07-30T09:32:15.012] [DEBUG] debug-file - runTaskFromQueue task cost before running: 1 s 932 ms 
[2026-07-30T09:32:15.014] [INFO] debug-file - Finished :entry:default@GenerateLoaderJson... after 10 ms 
[2026-07-30T09:32:15.014] [DEBUG] debug-file - Executing task :entry:default@ProcessLibs
[2026-07-30T09:32:15.018] [DEBUG] debug-file - Worker dispatch failed, running processLibs on main thread.
[2026-07-30T09:32:15.020] [DEBUG] debug-file - entry : default@ProcessLibs cost memory 0.26336669921875
[2026-07-30T09:32:15.020] [DEBUG] debug-file - runTaskFromQueue task cost before running: 1 s 939 ms 
[2026-07-30T09:32:15.020] [INFO] debug-file - Finished :entry:default@ProcessLibs... after 6 ms 
[2026-07-30T09:32:15.021] [DEBUG] debug-file - restool module names: entry; moduleName=entry, taskName=default@CompileResource
[2026-07-30T09:32:15.021] [DEBUG] debug-file - Executing task :entry:default@CompileResource
[2026-07-30T09:32:15.029] [DEBUG] debug-file - Use tool [D:\Program Files\DevEco Studio\sdk\default\openharmony\toolchains\restool.exe]
 [
  'D:\\Program Files\\DevEco Studio\\sdk\\default\\openharmony\\toolchains\\restool.exe',
  '-l',
  'E:\\0730\\hongmeng2\\entry\\build\\default\\intermediates\\res\\default\\resConfig.json'
]
[2026-07-30T09:32:15.030] [DEBUG] debug-file - current process  memoryUsage: {
  rss: 263979008,
  heapTotal: 163995648,
  heapUsed: 130366232,
  external: 3123628,
  arrayBuffers: 127000
} os memoryUsage :13.539054870605469
[2026-07-30T09:32:15.161] [DEBUG] debug-file - Info: Pack: normal pack mode

[2026-07-30T09:32:15.352] [DEBUG] debug-file - Info: hardware concurrency count is : 16
Info: thread count is : 16

[2026-07-30T09:32:15.352] [DEBUG] debug-file - Info: thread pool is started

[2026-07-30T09:32:15.352] [DEBUG] debug-file - Info: GenericCompiler::CompileFiles

[2026-07-30T09:32:15.355] [DEBUG] debug-file - Info: GenericCompiler::CompileFiles

[2026-07-30T09:32:15.356] [DEBUG] debug-file - Warning: 'E:\0730\hongmeng2\entry\src\main\resources\base\media\background.png' is defined repeatedly.
Warning: 'E:\0730\hongmeng2\entry\src\main\resources\base\media\foreground.png' is defined repeatedly.
Warning: 'E:\0730\hongmeng2\entry\src\main\resources\base\media\layered_image.json' is defined repeatedly.

[2026-07-30T09:32:15.356] [DEBUG] debug-file - Info: GenericCompiler::CompileFiles

[2026-07-30T09:32:15.360] [DEBUG] debug-file - 07-30 09:32:15.360 19308 35484 E C01400/ImageTranscoderUtils: DecodeToRGBA IN

[2026-07-30T09:32:15.360] [DEBUG] debug-file - 07-30 09:32:15.360 19308 35484 E C01400/ImageTranscoderUtils: ImageFilter IN E:\0730\hongmeng2\AppScope\resources\base\media\background.png

[2026-07-30T09:32:15.393] [DEBUG] debug-file - 07-30 09:32:15.393 19308 35484 E C01400/ImageTranscoderUtils: DecodeToRGBA IN
07-30 09:32:15.393 19308 35484 E C01400/ImageTranscoderUtils: ImageFilter IN E:\0730\hongmeng2\AppScope\resources\base\media\foreground.png

[2026-07-30T09:32:15.424] [DEBUG] debug-file - Info: can't scale media json file.

[2026-07-30T09:32:15.424] [DEBUG] debug-file - Warning: The width or height of the png file referenced by the icon exceeds the limit (41 pixels)
at E:\0730\hongmeng2\AppScope\resources\base\media\background.png
Warning: The width or height of the png file referenced by the icon exceeds the limit (41 pixels)
at E:\0730\hongmeng2\AppScope\resources\base\media\foreground.png
Warning: E:\0730\hongmeng2\AppScope\resources\base\media\layered_image.json is not png format

[2026-07-30T09:32:15.425] [DEBUG] debug-file - Info: restool resources compile success.

[2026-07-30T09:32:15.425] [DEBUG] debug-file - Info: thread pool is stopped

[2026-07-30T09:32:15.492] [DEBUG] debug-file - entry : default@CompileResource cost memory -11.5350341796875
[2026-07-30T09:32:15.492] [DEBUG] debug-file - runTaskFromQueue task cost before running: 2 s 411 ms 
[2026-07-30T09:32:15.492] [INFO] debug-file - Finished :entry:default@CompileResource... after 471 ms 
[2026-07-30T09:32:15.493] [DEBUG] debug-file - Executing task :entry:default@DoNativeStrip
[2026-07-30T09:32:15.493] [DEBUG] debug-file - File: 'E:\0730\hongmeng2\entry\build\default\intermediates\binxo\default' from 'doBinxoNativeLibs' is not exists, just ignore.
[2026-07-30T09:32:15.493] [DEBUG] debug-file - Task 'entry:default@DoNativeStrip' cost while wrapping incremental declarations: 1 ms 
[2026-07-30T09:32:15.494] [DEBUG] debug-file - entry : default@DoNativeStrip cost memory 0.07135772705078125
[2026-07-30T09:32:15.495] [DEBUG] debug-file - runTaskFromQueue task cost before running: 2 s 414 ms 
[2026-07-30T09:32:15.495] [INFO] debug-file - Finished :entry:default@DoNativeStrip... after 2 ms 
[2026-07-30T09:32:15.496] [DEBUG] debug-file - Executing task :entry:default@CompileArkTS
[2026-07-30T09:32:15.496] [DEBUG] debug-file - obfuscationOptions: undefined
[2026-07-30T09:32:15.497] [DEBUG] debug-file - Task 'entry:default@CompileArkTS' cost while wrapping incremental declarations: 1 ms 
[2026-07-30T09:32:15.509] [DEBUG] debug-file - build config:
[2026-07-30T09:32:15.509] [DEBUG] debug-file - {
  moduleType: 'entry',
  perf: 0,
  targetName: '.default',
  packageManagerType: 'ohpm',
  localPropertiesPath: 'E:\\0730\\hongmeng2\\local.properties',
  isPreview: false,
  isOhosTest: false,
  isLocalTest: false,
  buildMode: 'Debug',
  hotReloadBuild: undefined,
  watchMode: 'false',
  aceProfilePath: 'E:\\0730\\hongmeng2\\entry\\build\\default\\intermediates\\res\\default\\resources\\base\\profile',
  etsLoaderPath: 'D:\\Program Files\\DevEco Studio\\sdk\\default\\openharmony\\ets\\build-tools\\ets-loader',
  modulePath: 'E:\\0730\\hongmeng2\\entry',
  testFrameworkPar: {
    testMode: undefined,
    coveragePathFilter: undefined,
    coverageMode: undefined
  },
  needCoverageInsert: false,
  debugLine: false,
  projectTopDir: 'E:\\0730\\hongmeng2',
  compileSdkVersion: 24,
  compatibleSdkVersion: 24,
  originCompatibleSdkVersion: '6.1.1(24)',
  compatibleSdkVersionStage: undefined,
  bundleName: 'c***u',
  etsLoaderVersion: '6.1.1.125',
  etsLoaderReleaseType: 'Release',
  aotCompileMode: 'type',
  apPath: 'E:\\0730\\hongmeng2\\entry\\modules.ap',
  entryModuleName: 'entry',
  entryModuleVersion: '1.0.0',
  entryPackageName: 'entry',
  allModuleNameHash: '50da379e2093c221eb63abfaa8963cfb14d8b5965f6000b4d0907e2c6ae06f26',
  externalApiPaths: [ 'D:\\Program Files\\DevEco Studio\\sdk\\default\\hms\\ets' ],
  compilerTypes: [],
  isCrossplatform: false,
  hvigorPluginFile: undefined,
  compilePluginPath: undefined,
  buildGeneratedProfilePath: 'E:\\0730\\hongmeng2\\entry\\build\\default\\generated\\profile\\default',
  bundleType: 'app',
  arkTSVersion: undefined,
  apiVersion: 24,
  needCompleteSourcesMap: false,
  isFaMode: false,
  buildDir: 'E:\\0730\\hongmeng2\\entry\\build',
  deviceTypes: [ 'phone' ],
  pkgContextInfo: {
    '@ohos/hypium': {
      packageName: '@ohos/hypium',
      bundleName: '*****',
      moduleName: '',
      version: '1.0.25',
      entryPath: 'index.js',
      isSO: false,
      dependencyAlias: ''
    },
    '@ohos/hamock': {
      packageName: '@ohos/hamock',
      bundleName: '*****',
      moduleName: '',
      version: '1.0.0',
      entryPath: 'index.ets',
      isSO: false,
      dependencyAlias: ''
    },
    entry: {
      packageName: 'entry',
      bundleName: '*****',
      moduleName: '',
      version: '',
      entryPath: 'src/main/',
      isSO: false,
      dependencyAlias: ''
    }
  },
  ohPackagePathMap: {},
  dependencyAliasMap: {},
  permission: { requestPermissions: [ [Object] ], definePermissions: undefined },
  useGetCurrentBundleName: false,
  projectArkOption: undefined,
  sourceMapDir: undefined,
  branchElimination: false,
  transformLib: undefined,
  tsImportSendable: false,
  resolveConflictMode: true,
  depName2RootPath: {},
  depName2DepInfo: {},
  depName2OhExports: {},
  rootPathSet: [ 'E:\\0730\\hongmeng2' ],
  useNativeResolver: true,
  shouldEmitJs: true,
  useTscResolve: false,
  singleFileEmit: false,
  userProjectConfig: {
    autoLazyImport: false,
    allowEmptyBundleName: false,
    reExportCheckMode: 'noCheck',
    executionMode: 'memory',
    usePathPlaceholder: false,
    writeRollupCache: true,
    isExpandImportEnabled: false,
    expandImportExclude: '',
    lazyImportExclude: '',
    lazyImportInclude: '',
    ignoreCrossplatformCheck: false,
    isHarDeduplicateEnabled: false,
    skipOhModulesLint: false,
    enableStrictCheckOHModule: false,
    disableSendableCheckRules: [],
    useDeclarationFileSignature: false,
    customizedOptions: undefined,
    integratedHsp: false,
    isPreloadSoEnabled: false
  },
  executionMode: 'memory',
  arkCompileCachePath: 'E:\\0730\\hongmeng2\\entry\\build\\default\\cache\\default\\default@CompileArkTS\\esmodule',
  autoLazyFilter: undefined,
  isHarDeduplicateEnabled: false,
  intermediateHarDuplicateDirPath: 'E:\\0730\\hongmeng2\\entry\\build\\default\\intermediates\\har_duplicate\\default',
  autoLazyImport: false,
  allowEmptyBundleName: false,
  reExportCheckMode: 'noCheck',
  usePathPlaceholder: false,
  writeRollupCache: true,
  isExpandImportEnabled: false,
  expandImportExclude: '',
  lazyImportExclude: '',
  lazyImportInclude: '',
  ignoreCrossplatformCheck: false,
  skipOhModulesLint: false,
  enableStrictCheckOHModule: false,
  disableSendableCheckRules: [],
  useDeclarationFileSignature: false,
  customizedOptions: undefined,
  integratedHsp: false,
  isPreloadSoEnabled: false,
  strictMode: {
    caseSensitiveCheck: true,
    useNormalizedOHMUrl: true,
    noExternalImportByPath: true
  },
  useNormalizedOHMUrl: true,
  caseSensitiveCheck: true,
  strictCheckerOnly: false,
  aceModuleJsonPath: 'E:\\0730\\hongmeng2\\entry\\build\\default\\intermediates\\res\\default\\ark_module.json',
  appResource: 'E:\\0730\\hongmeng2\\entry\\build\\default\\intermediates\\res\\default\\ResourceTable.txt',
  rawFileResource: 'E:\\0730\\hongmeng2\\entry\\build\\default\\intermediates\\res\\default\\resources\\rawfile',
  resourceTableHash: 'd81a83941c07883d4327563ba2cfe0ac7f68042912820a1577b99d29cbd144cc',
  runtimeOS: 'HarmonyOS',
  sdkInfo: 'false:24:6.1.1.125:Release',
  aceModuleRoot: 'E:\\0730\\hongmeng2\\entry\\src\\main\\ets',
  compileMode: 'esmodule',
  aceSuperVisualPath: 'E:\\0730\\hongmeng2\\entry\\src\\main\\supervisual',
  aceBuildJson: 'E:\\0730\\hongmeng2\\entry\\build\\default\\intermediates\\loader\\default\\loader.json',
  cachePath: 'E:\\0730\\hongmeng2\\entry\\build\\default\\cache\\default\\default@CompileArkTS\\esmodule\\debug',
  aceModuleBuild: 'E:\\0730\\hongmeng2\\entry\\build\\default\\intermediates\\loader_out\\default\\ets',
  supportChunks: true,
  declaredFilesPath: undefined,
  shouldCollectDirectImportees: false,
  isByteCodeHarOptimize: false,
  expandImportPath: undefined,
  resourceTableTs: 'E:\\0730\\hongmeng2\\entry\\build\\default\\generated\\r\\default\\ResourceTable.ts',
  moduleMetaInfoFiles: [
    {
      filePath: 'E:\\0730\\hongmeng2\\entry\\build\\default\\generated\\r\\default\\ResourceTable.ts',
      ohmurl: '&entry/build/generated/r/ResourceTable&'
    }
  ],
  pkgNameToPkgBriefInfo: {
    entry: {
      pkgRoot: 'E:\\0730\\hongmeng2\\entry',
      originalSourceRoots: undefined,
      sourceRoots: [Array],
      pkgName: 'entry'
    }
  },
  projectModel: {
    'E:\\0730\\hongmeng2\\entry\\src\\main': {
      moduleName: 'entry',
      modulePkgPath: 'E:\\0730\\hongmeng2\\entry',
      belongProjectPath: 'E:\\0730\\hongmeng2'
    },
    'E:\\0730\\hongmeng2\\entry\\.test\\default\\intermediates\\src\\ohosTest\\ets': {
      moduleName: 'entry_test',
      modulePkgPath: 'E:\\0730\\hongmeng2\\entry',
      belongProjectPath: 'E:\\0730\\hongmeng2'
    },
    'E:\\0730\\hongmeng2\\entry\\src\\ohosTest': {
      moduleName: 'entry_test',
      modulePkgPath: 'E:\\0730\\hongmeng2\\entry',
      belongProjectPath: 'E:\\0730\\hongmeng2'
    },
    'E:\\0730\\hongmeng2\\entry': {
      moduleName: 'entry',
      modulePkgPath: 'E:\\0730\\hongmeng2\\entry',
      belongProjectPath: 'E:\\0730\\hongmeng2'
    },
    'E:\\0730\\hongmeng2': {
      moduleName: 'hongmeng2',
      modulePkgPath: 'E:\\0730\\hongmeng2',
      belongProjectPath: 'E:\\0730\\hongmeng2'
    }
  },
  pkgJsonFileHash: '5fe8383df5fd82f84de69074092b8e2a0e11bd016c3f1f79ff0c32866c0ed8f5',
  allModulePaths: [ 'E:\\0730\\hongmeng2\\entry' ],
  routerMap: {},
  obfuscationOptions: undefined,
  byteCodeHarToDependencyKeys: undefined,
  compileBlockPkg: [],
  mockParams: {
    decorator: '@MockSetup',
    packageName: '@ohos/hamock',
    etsSourceRootPath: 'src/main/ets',
    mockConfigPath: 'E:\\0730\\hongmeng2\\entry\\src\\mock\\mock-config.json5',
    mockConfigKey2ModuleInfo: {},
    source2ModuleIdMap: {}
  },
  copyCodeResourceEnable: false,
  copyCodeResourceExcludes: [],
  copyCodeResourceIncludes: undefined,
  uiTransformOptimization: false,
  sdkPath: 'D:/Program Files/DevEco Studio/sdk',
  needPreloadSoFileSet: {},
  preloadSoFilePath: 'E:\\0730\\hongmeng2\\entry\\build\\default\\intermediates\\preload\\default\\preload.json',
  useSourceHash: false,
  localModuleParamMap: {},
  otherPaths: {
    'entry/*': [
      '..\\*',
      '..\\..\\..\\build\\default\\generated\\profile\\default\\*'
    ]
  },
  collectImportersConfig: undefined
}
[2026-07-30T09:32:15.509] [DEBUG] debug-file - Compile arkts with external api path: D:\Program Files\DevEco Studio\sdk\default\hms\ets
[2026-07-30T09:32:15.511] [DEBUG] debug-file - default@CompileArkTS work[0] is submitted.
[2026-07-30T09:32:15.512] [DEBUG] debug-file - default@CompileArkTS work[0] is pushed to ready queue.
[2026-07-30T09:32:15.512] [DEBUG] debug-file - A work dispatched to worker[15] failed because unable to get work from ready queue.
[2026-07-30T09:32:15.512] [DEBUG] debug-file - A work dispatched to worker[14] failed because unable to get work from ready queue.
[2026-07-30T09:32:15.512] [DEBUG] debug-file - A work dispatched to worker[13] failed because unable to get work from ready queue.
[2026-07-30T09:32:15.512] [DEBUG] debug-file - A work dispatched to worker[12] failed because unable to get work from ready queue.
[2026-07-30T09:32:15.512] [DEBUG] debug-file - A work dispatched to worker[11] failed because unable to get work from ready queue.
[2026-07-30T09:32:15.512] [DEBUG] debug-file - A work dispatched to worker[10] failed because unable to get work from ready queue.
[2026-07-30T09:32:15.512] [DEBUG] debug-file - A work dispatched to worker[9] failed because unable to get work from ready queue.
[2026-07-30T09:32:15.512] [DEBUG] debug-file - A work dispatched to worker[8] failed because unable to get work from ready queue.
[2026-07-30T09:32:15.512] [DEBUG] debug-file - A work dispatched to worker[7] failed because unable to get work from ready queue.
[2026-07-30T09:32:15.512] [DEBUG] debug-file - A work dispatched to worker[6] failed because unable to get work from ready queue.
[2026-07-30T09:32:15.512] [DEBUG] debug-file - A work dispatched to worker[5] failed because unable to get work from ready queue.
[2026-07-30T09:32:15.512] [DEBUG] debug-file - Create  resident worker with id: 4.
[2026-07-30T09:32:15.513] [DEBUG] debug-file - default@CompileArkTS work[0] has been dispatched to worker[4].
[2026-07-30T09:32:15.513] [DEBUG] debug-file - default@CompileArkTS work[0] is dispatched.
[2026-07-30T09:32:15.513] [DEBUG] debug-file - entry : default@CompileArkTS cost memory 2.0176544189453125
[2026-07-30T09:32:15.515] [DEBUG] debug-file - Executing task :entry:default@BuildJS
[2026-07-30T09:32:15.515] [DEBUG] debug-file - Task 'entry:default@BuildJS' cost while wrapping incremental declarations: 1 ms 
[2026-07-30T09:32:15.518] [DEBUG] debug-file - entry : default@BuildJS cost memory 0.26324462890625
[2026-07-30T09:32:15.518] [DEBUG] debug-file - runTaskFromQueue task cost before running: 2 s 438 ms 
[2026-07-30T09:32:15.518] [INFO] debug-file - Finished :entry:default@BuildJS... after 4 ms 
[2026-07-30T09:32:15.519] [DEBUG] debug-file - Executing task :entry:default@CacheNativeLibs
[2026-07-30T09:32:15.520] [DEBUG] debug-file - File: 'E:\0730\hongmeng2\entry\build\default\intermediates\binxo\default' from 'cacheBinxoNativeLibs' is not exists, just ignore.
[2026-07-30T09:32:15.520] [DEBUG] debug-file - Task 'entry:default@CacheNativeLibs' cost while wrapping incremental declarations: 1 ms 
[2026-07-30T09:32:15.520] [DEBUG] debug-file - default@CacheNativeLibs work[1] is submitted.
[2026-07-30T09:32:15.520] [DEBUG] debug-file - default@CacheNativeLibs work[1] is pushed to ready queue.
[2026-07-30T09:32:15.520] [DEBUG] debug-file - A work dispatched to worker[15] failed because unable to get work from ready queue.
[2026-07-30T09:32:15.520] [DEBUG] debug-file - Create  resident worker with id: 14.
[2026-07-30T09:32:15.521] [DEBUG] debug-file - default@CacheNativeLibs work[1] has been dispatched to worker[14].
[2026-07-30T09:32:15.521] [DEBUG] debug-file - default@CacheNativeLibs work[1] is dispatched.
[2026-07-30T09:32:15.521] [DEBUG] debug-file - entry : default@CacheNativeLibs cost memory 0.17308807373046875
[2026-07-30T09:32:16.192] [DEBUG] debug-file - worker[14] has one work done.
[2026-07-30T09:32:16.193] [DEBUG] debug-file - default@CacheNativeLibs work[1] done.
[2026-07-30T09:32:16.193] [DEBUG] debug-file - A work dispatched to worker[14] failed because unable to get work from ready queue.
[2026-07-30T09:32:16.193] [INFO] debug-file - Finished :entry:default@CacheNativeLibs... after 7 ms 
[2026-07-30T09:32:23.253] [WARN] debug-file - [33mWARN: [33m[33mArkTS:WARN File: E:/0730/hongmeng2/entry/src/main/ets/pages/Index.ets:496:17
 'show' has been deprecated.
[39m[39m
[33mWARN: [33m[33mArkTS:WARN File: E:/0730/hongmeng2/entry/src/main/ets/pages/Index.ets:504:17
 'show' has been deprecated.
[39m[39m

[2026-07-30T09:32:23.253] [DEBUG] debug-file - Ark compile task finished.finished time is 600180005510600
[2026-07-30T09:32:23.254] [DEBUG] debug-file - worker[4] has one work done.
[2026-07-30T09:32:23.255] [DEBUG] debug-file - default@CompileArkTS work[0] done.
[2026-07-30T09:32:23.256] [DEBUG] debug-file - A work dispatched to worker[4] failed because unable to get work from ready queue.
[2026-07-30T09:32:23.257] [INFO] debug-file - Finished :entry:default@CompileArkTS... after 6 s 191 ms 
[2026-07-30T09:32:23.258] [DEBUG] debug-file - Executing task :entry:default@GeneratePkgModuleJson
[2026-07-30T09:32:23.258] [DEBUG] debug-file - File: 'E:\0730\hongmeng2\entry\build\default\intermediates\preload\default\preload.json' from 'preloadSoJsonPath' is not exists, just ignore.
[2026-07-30T09:32:23.259] [DEBUG] debug-file - Error occurs while handling @Input 'shouldDeduplicateHar': The "data" argument must be of type string or an instance of Buffer, TypedArray, or DataView. Received undefined
[2026-07-30T09:32:23.259] [DEBUG] debug-file - Task 'entry:default@GeneratePkgModuleJson' cost while wrapping incremental declarations: 1 ms 
[2026-07-30T09:32:23.261] [DEBUG] debug-file - entry : default@GeneratePkgModuleJson cost memory 0.161712646484375
[2026-07-30T09:32:23.261] [DEBUG] debug-file - runTaskFromQueue task cost before running: 10 s 181 ms 
[2026-07-30T09:32:23.261] [INFO] debug-file - Finished :entry:default@GeneratePkgModuleJson... after 4 ms 
[2026-07-30T09:32:23.262] [DEBUG] debug-file - Executing task :entry:default@ProcessCompiledResources
[2026-07-30T09:32:23.262] [DEBUG] debug-file - File: 'E:\0730\hongmeng2\entry\build\default\intermediates\preload\default\preload.json' from 'preloadSoJsonPath' is not exists, just ignore.
[2026-07-30T09:32:23.262] [DEBUG] debug-file - Task 'entry:default@ProcessCompiledResources' cost while wrapping incremental declarations: 1 ms 
[2026-07-30T09:32:23.263] [DEBUG] debug-file - entry : default@ProcessCompiledResources cost memory 0.05682373046875
[2026-07-30T09:32:23.263] [DEBUG] debug-file - runTaskFromQueue task cost before running: 10 s 183 ms 
[2026-07-30T09:32:23.263] [INFO] debug-file - Finished :entry:default@ProcessCompiledResources... after 1 ms 
[2026-07-30T09:32:23.265] [DEBUG] debug-file - Executing task :entry:default@PackageHap
[2026-07-30T09:32:23.269] [DEBUG] debug-file - Use tool [D:\Program Files\DevEco Studio\sdk\default\openharmony\toolchains\lib\app_packing_tool.jar]
 [
  'java',
  '-Dfile.encoding=GBK',
  '-jar',
  'D:\\Program Files\\DevEco Studio\\sdk\\default\\openharmony\\toolchains\\lib\\app_packing_tool.jar',
  '--mode',
  'hap',
  '--force',
  'true',
  '--lib-path',
  'E:\\0730\\hongmeng2\\entry\\build\\default\\intermediates\\stripped_native_libs\\default',
  '--json-path',
  'E:\\0730\\hongmeng2\\entry\\build\\default\\intermediates\\package\\default\\module.json',
  '--resources-path',
  'E:\\0730\\hongmeng2\\entry\\build\\default\\intermediates\\res\\default\\resources',
  '--index-path',
  'E:\\0730\\hongmeng2\\entry\\build\\default\\intermediates\\res\\default\\resources.index',
  '--pack-info-path',
  'E:\\0730\\hongmeng2\\entry\\build\\default\\outputs\\default\\pack.info',
  '--out-path',
  'E:\\0730\\hongmeng2\\entry\\build\\default\\outputs\\default\\entry-default-unsigned.hap',
  '--ets-path',
  'E:\\0730\\hongmeng2\\entry\\build\\default\\intermediates\\loader_out\\default\\ets',
  '--pkg-context-path',
  'E:\\0730\\hongmeng2\\entry\\build\\default\\intermediates\\loader\\default\\pkgContextInfo.json'
]
[2026-07-30T09:32:23.270] [DEBUG] debug-file - default@PackageHap work[2] is submitted.
[2026-07-30T09:32:23.270] [DEBUG] debug-file - default@PackageHap work[2] is pushed to ready queue.
[2026-07-30T09:32:23.270] [DEBUG] debug-file - A work dispatched to worker[15] failed because unable to get work from ready queue.
[2026-07-30T09:32:23.270] [DEBUG] debug-file - default@PackageHap work[2] has been dispatched to worker[14].
[2026-07-30T09:32:23.270] [DEBUG] debug-file - default@PackageHap work[2] is dispatched.
[2026-07-30T09:32:23.273] [DEBUG] debug-file - entry : default@PackageHap cost memory 0.5659332275390625
[2026-07-30T09:32:23.361] [DEBUG] debug-file - current process  memoryUsage: {
  rss: 705298432,
  heapTotal: 81559552,
  heapUsed: 53989168,
  external: 2399982,
  arrayBuffers: 158305
} os memoryUsage :15.01251220703125
[2026-07-30T09:32:23.759] [DEBUG] debug-file - worker[14] has one work done.
[2026-07-30T09:32:23.760] [DEBUG] debug-file - default@PackageHap work[2] done.
[2026-07-30T09:32:23.760] [DEBUG] debug-file - A work dispatched to worker[14] failed because unable to get work from ready queue.
[2026-07-30T09:32:23.761] [INFO] debug-file - Finished :entry:default@PackageHap... after 410 ms 
[2026-07-30T09:32:23.762] [DEBUG] debug-file - Executing task :entry:default@PackingCheck
[2026-07-30T09:32:23.768] [DEBUG] debug-file - entry : default@PackingCheck cost memory 0.5431747436523438
[2026-07-30T09:32:23.769] [DEBUG] debug-file - runTaskFromQueue task cost before running: 10 s 688 ms 
[2026-07-30T09:32:23.769] [INFO] debug-file - Finished :entry:default@PackingCheck... after 7 ms 
[2026-07-30T09:32:23.770] [DEBUG] debug-file - Executing task :entry:default@SignHap
[2026-07-30T09:32:23.770] [WARN] debug-file - Will skip sign 'hos_hap'. No signingConfigs profile is configured in current project.
             If needed, configure the signingConfigs in E:\0730\hongmeng2\build-profile.json5.
[2026-07-30T09:32:23.771] [DEBUG] debug-file - entry : default@SignHap cost memory 0.0544891357421875
[2026-07-30T09:32:23.771] [DEBUG] debug-file - runTaskFromQueue task cost before running: 10 s 691 ms 
[2026-07-30T09:32:23.772] [INFO] debug-file - Finished :entry:default@SignHap... after 2 ms 
[2026-07-30T09:32:23.773] [DEBUG] debug-file - Executing task :entry:default@CollectDebugSymbol
[2026-07-30T09:32:23.774] [DEBUG] debug-file - entry : default@CollectDebugSymbol cost memory 0.08188629150390625
[2026-07-30T09:32:23.774] [DEBUG] debug-file - runTaskFromQueue task cost before running: 10 s 693 ms 
[2026-07-30T09:32:23.774] [INFO] debug-file - Finished :entry:default@CollectDebugSymbol... after 2 ms 
[2026-07-30T09:32:23.774] [DEBUG] debug-file - Executing task :entry:assembleHap
[2026-07-30T09:32:23.775] [DEBUG] debug-file - entry : assembleHap cost memory 0.0128326416015625
[2026-07-30T09:32:23.775] [DEBUG] debug-file - runTaskFromQueue task cost before running: 10 s 694 ms 
[2026-07-30T09:32:23.775] [INFO] debug-file - Finished :entry:assembleHap... after 1 ms 
[2026-07-30T09:32:23.783] [INFO] debug-file - BUILD SUCCESSFUL in 10 s 702 ms 
[2026-07-30T09:32:23.784] [DEBUG] debug-file - Update task entry:default@PreBuild input file:E:\0730\hongmeng2\AppScope\app.json5 cache by regenerate.
[2026-07-30T09:32:23.785] [DEBUG] debug-file - Update task entry:default@PreBuild input file:E:\0730\hongmeng2\entry\src\main\module.json5 cache by regenerate.
[2026-07-30T09:32:23.785] [DEBUG] debug-file - Update task entry:default@PreBuild input file:E:\0730\hongmeng2\build-profile.json5 cache by regenerate.
[2026-07-30T09:32:23.785] [DEBUG] debug-file - Update task entry:default@PreBuild input file:E:\0730\hongmeng2\entry\build-profile.json5 cache by regenerate.
[2026-07-30T09:32:23.785] [DEBUG] debug-file - Update task entry:default@PreBuild input file:E:\0730\hongmeng2\entry\src\main\resources\base\profile\main_pages.json cache by regenerate.
[2026-07-30T09:32:23.786] [DEBUG] debug-file - Update task entry:default@PreBuild input file:E:\0730\hongmeng2\hvigor\hvigor-config.json5 cache by regenerate.
[2026-07-30T09:32:23.786] [DEBUG] debug-file - Update task entry:default@PreBuild input file:E:\0730\hongmeng2\entry\src\mock\mock-config.json5 cache by regenerate.
[2026-07-30T09:32:23.786] [DEBUG] debug-file - Update task entry:default@PreBuild input file:E:\0730\hongmeng2\entry\oh-package.json5 cache by regenerate.
[2026-07-30T09:32:23.786] [DEBUG] debug-file - Update task entry:default@PreBuild input file:E:\0730\hongmeng2\oh-package.json5 cache by regenerate.
[2026-07-30T09:32:23.786] [DEBUG] debug-file - Incremental task entry:default@PreBuild post-execution cost:3 ms .
[2026-07-30T09:32:23.786] [DEBUG] debug-file - Update task entry:default@CreateModuleInfo output file:E:\0730\hongmeng2\entry\build\default\generated\profile\default\ModuleInfo.ts cache.
[2026-07-30T09:32:23.787] [DEBUG] debug-file - Incremental task entry:default@CreateModuleInfo post-execution cost:1 ms .
[2026-07-30T09:32:23.787] [DEBUG] debug-file - Update task entry:default@GenerateMetadata input file:E:\0730\hongmeng2\entry\src\main\module.json5 cache by regenerate.
[2026-07-30T09:32:23.787] [DEBUG] debug-file - Update task entry:default@GenerateMetadata output file:E:\0730\hongmeng2\entry\build\default\intermediates\hap_metadata\default\output_metadata.json cache.
[2026-07-30T09:32:23.787] [DEBUG] debug-file - Incremental task entry:default@GenerateMetadata post-execution cost:1 ms .
[2026-07-30T09:32:23.787] [DEBUG] debug-file - Update task entry:default@MergeProfile input file:E:\0730\hongmeng2\AppScope\app.json5 cache by regenerate.
[2026-07-30T09:32:23.787] [DEBUG] debug-file - Update task entry:default@MergeProfile input file:E:\0730\hongmeng2\build-profile.json5 cache by regenerate.
[2026-07-30T09:32:23.788] [DEBUG] debug-file - Update task entry:default@MergeProfile input file:E:\0730\hongmeng2\entry\src\main\module.json5 cache by regenerate.
[2026-07-30T09:32:23.788] [DEBUG] debug-file - Update task entry:default@MergeProfile output file:E:\0730\hongmeng2\entry\build\default\intermediates\merge_profile\default\module.json cache.
[2026-07-30T09:32:23.788] [DEBUG] debug-file - Incremental task entry:default@MergeProfile post-execution cost:1 ms .
[2026-07-30T09:32:23.788] [DEBUG] debug-file - Update task entry:default@CreateBuildProfile input file:E:\0730\hongmeng2\AppScope\app.json5 cache by regenerate.
[2026-07-30T09:32:23.788] [DEBUG] debug-file - Update task entry:default@CreateBuildProfile input file:E:\0730\hongmeng2\build-profile.json5 cache by regenerate.
[2026-07-30T09:32:23.788] [DEBUG] debug-file - Update task entry:default@CreateBuildProfile output file:E:\0730\hongmeng2\entry\build\default\generated\profile\default\BuildProfile.ets cache.
[2026-07-30T09:32:23.789] [DEBUG] debug-file - Incremental task entry:default@CreateBuildProfile post-execution cost:1 ms .
[2026-07-30T09:32:23.789] [DEBUG] debug-file - Update task entry:default@GeneratePkgContextInfo output file:E:\0730\hongmeng2\entry\build\default\intermediates\loader\default\pkgContextInfo.json cache.
[2026-07-30T09:32:23.789] [DEBUG] debug-file - Incremental task entry:default@GeneratePkgContextInfo post-execution cost:1 ms .
[2026-07-30T09:32:23.789] [DEBUG] debug-file - Update task entry:default@GeneratePkgSdkInfo output file:E:\0730\hongmeng2\entry\build\default\intermediates\loader\default\pkgSdkInfo.json cache.
[2026-07-30T09:32:23.789] [DEBUG] debug-file - Incremental task entry:default@GeneratePkgSdkInfo post-execution cost:1 ms .
[2026-07-30T09:32:23.789] [DEBUG] debug-file - Update task entry:default@ProcessIntegratedHsp output file:E:\0730\hongmeng2\build\cache\default\integrated_hsp\integratedHspCache.json cache.
[2026-07-30T09:32:23.789] [DEBUG] debug-file - Incremental task entry:default@ProcessIntegratedHsp post-execution cost:1 ms .
[2026-07-30T09:32:23.790] [DEBUG] debug-file - Update task entry:default@MakePackInfo input file:E:\0730\hongmeng2\AppScope\app.json5 cache by regenerate.
[2026-07-30T09:32:23.790] [DEBUG] debug-file - Update task entry:default@MakePackInfo input file:E:\0730\hongmeng2\entry\src\main\module.json5 cache by regenerate.
[2026-07-30T09:32:23.790] [DEBUG] debug-file - Update task entry:default@MakePackInfo input file:E:\0730\hongmeng2\build-profile.json5 cache by regenerate.
[2026-07-30T09:32:23.790] [DEBUG] debug-file - Update task entry:default@MakePackInfo input file:E:\0730\hongmeng2\entry\src\main\resources\base\profile\backup_config.json cache by regenerate.
[2026-07-30T09:32:23.790] [DEBUG] debug-file - Update task entry:default@MakePackInfo output file:E:\0730\hongmeng2\entry\build\default\outputs\default\pack.info cache.
[2026-07-30T09:32:23.790] [DEBUG] debug-file - Incremental task entry:default@MakePackInfo post-execution cost:2 ms .
[2026-07-30T09:32:23.790] [DEBUG] debug-file - Update task entry:default@SyscapTransform input file:D:\Program Files\DevEco Studio\sdk\default\openharmony\toolchains\syscap_tool.exe cache by regenerate.
[2026-07-30T09:32:23.790] [DEBUG] debug-file - Update task entry:default@SyscapTransform input file:D:\Program Files\DevEco Studio\sdk\default\openharmony\ets\api\device-define cache by regenerate.
[2026-07-30T09:32:23.791] [DEBUG] debug-file - Update task entry:default@SyscapTransform output file:E:\0730\hongmeng2\entry\build\default\intermediates\syscap\default\rpcid.sc cache.
[2026-07-30T09:32:23.791] [DEBUG] debug-file - Incremental task entry:default@SyscapTransform post-execution cost:2 ms .
[2026-07-30T09:32:23.792] [DEBUG] debug-file - Update task entry:default@ProcessProfile input file:E:\0730\hongmeng2\entry\build\default\intermediates\merge_profile\default\module.json cache by regenerate.
[2026-07-30T09:32:23.792] [DEBUG] debug-file - Update task entry:default@ProcessProfile output file:E:\0730\hongmeng2\entry\build\default\intermediates\process_profile\default\module.json cache.
[2026-07-30T09:32:23.792] [DEBUG] debug-file - Incremental task entry:default@ProcessProfile post-execution cost:1 ms .
[2026-07-30T09:32:23.792] [DEBUG] debug-file - Update task entry:default@ProcessRouterMap input file:E:\0730\hongmeng2\entry\oh-package.json5 cache by regenerate.
[2026-07-30T09:32:23.792] [DEBUG] debug-file - Update task entry:default@ProcessRouterMap input file:E:\0730\hongmeng2\oh-package.json5 cache by regenerate.
[2026-07-30T09:32:23.792] [DEBUG] debug-file - Update task entry:default@ProcessRouterMap input file:E:\0730\hongmeng2\entry\src\main\module.json5 cache by regenerate.
[2026-07-30T09:32:23.792] [DEBUG] debug-file - Update task entry:default@ProcessRouterMap input file:E:\0730\hongmeng2\entry\build\default\intermediates\loader\default\pkgContextInfo.json cache by regenerate.
[2026-07-30T09:32:23.792] [DEBUG] debug-file - Update task entry:default@ProcessRouterMap output file:E:\0730\hongmeng2\entry\build\default\intermediates\router_map\default\temp-router-map.json cache.
[2026-07-30T09:32:23.792] [DEBUG] debug-file - Update task entry:default@ProcessRouterMap output file:E:\0730\hongmeng2\entry\build\default\intermediates\router_map\default\loader-router-map.json cache.
[2026-07-30T09:32:23.793] [DEBUG] debug-file - Incremental task entry:default@ProcessRouterMap post-execution cost:1 ms .
[2026-07-30T09:32:23.793] [DEBUG] debug-file - Update task entry:default@ProcessShareConfig input file:E:\0730\hongmeng2\entry\oh-package.json5 cache by regenerate.
[2026-07-30T09:32:23.793] [DEBUG] debug-file - Update task entry:default@ProcessShareConfig input file:E:\0730\hongmeng2\oh-package.json5 cache by regenerate.
[2026-07-30T09:32:23.793] [DEBUG] debug-file - Update task entry:default@ProcessShareConfig input file:E:\0730\hongmeng2\entry\src\main\module.json5 cache by regenerate.
[2026-07-30T09:32:23.793] [DEBUG] debug-file - Update task entry:default@ProcessShareConfig input file:E:\0730\hongmeng2\entry\build\default\intermediates\loader\default\pkgContextInfo.json cache by regenerate.
[2026-07-30T09:32:23.794] [DEBUG] debug-file - Update task entry:default@ProcessShareConfig output file:E:\0730\hongmeng2\entry\build\default\intermediates\share_config\default\temp-share-config.json cache.
[2026-07-30T09:32:23.794] [DEBUG] debug-file - Incremental task entry:default@ProcessShareConfig post-execution cost:1 ms .
[2026-07-30T09:32:23.794] [DEBUG] debug-file - Update task entry:default@ProcessStartupConfig input file:E:\0730\hongmeng2\entry\build\default\intermediates\loader\default\pkgContextInfo.json cache by regenerate.
[2026-07-30T09:32:23.794] [DEBUG] debug-file - Update task entry:default@ProcessStartupConfig output file:E:\0730\hongmeng2\entry\build\default\intermediates\startup\default\startup_config.json cache.
[2026-07-30T09:32:23.794] [DEBUG] debug-file - Incremental task entry:default@ProcessStartupConfig post-execution cost:1 ms .
[2026-07-30T09:32:23.794] [DEBUG] debug-file - Update task entry:default@ProcessResource output file:E:\0730\hongmeng2\entry\build\default\intermediates\res\default\resConfig.json cache.
[2026-07-30T09:32:23.794] [DEBUG] debug-file - Update task entry:default@ProcessResource output file:E:\0730\hongmeng2\entry\build\default\intermediates\res\default\opt-compression.json cache.
[2026-07-30T09:32:23.795] [DEBUG] debug-file - Incremental task entry:default@ProcessResource post-execution cost:1 ms .
[2026-07-30T09:32:23.795] [DEBUG] debug-file - Update task entry:default@GenerateLoaderJson input file:E:\0730\hongmeng2\entry\src\mock\mock-config.json5 cache by regenerate.
[2026-07-30T09:32:23.795] [DEBUG] debug-file - Update task entry:default@GenerateLoaderJson input file:E:\0730\hongmeng2\entry\build\default\intermediates\loader\default\pkgContextInfo.json cache by regenerate.
[2026-07-30T09:32:23.795] [DEBUG] debug-file - Update task entry:default@GenerateLoaderJson input file:E:\0730\hongmeng2\entry\build\default\intermediates\router_map\default\temp-router-map.json cache by regenerate.
[2026-07-30T09:32:23.795] [DEBUG] debug-file - Update task entry:default@GenerateLoaderJson output file:E:\0730\hongmeng2\entry\build\default\intermediates\loader\default\loader.json cache.
[2026-07-30T09:32:23.796] [DEBUG] debug-file - Incremental task entry:default@GenerateLoaderJson post-execution cost:2 ms .
[2026-07-30T09:32:23.796] [DEBUG] debug-file - Update task entry:default@ProcessLibs input file:E:\0730\hongmeng2\build-profile.json5 cache by regenerate.
[2026-07-30T09:32:23.796] [DEBUG] debug-file - Update task entry:default@ProcessLibs input file:E:\0730\hongmeng2\entry\build-profile.json5 cache by regenerate.
[2026-07-30T09:32:23.796] [DEBUG] debug-file - Update task entry:default@ProcessLibs output file:E:\0730\hongmeng2\entry\build\default\intermediates\libs\default cache.
[2026-07-30T09:32:23.796] [DEBUG] debug-file - Incremental task entry:default@ProcessLibs post-execution cost:1 ms .
[2026-07-30T09:32:23.797] [DEBUG] debug-file - Update task entry:default@CompileResource input file:E:\0730\hongmeng2\entry\src\main\resources cache by regenerate.
[2026-07-30T09:32:23.798] [DEBUG] debug-file - Update task entry:default@CompileResource input file:E:\0730\hongmeng2\AppScope\resources cache by regenerate.
[2026-07-30T09:32:23.800] [DEBUG] debug-file - Update task entry:default@CompileResource input file:E:\0730\hongmeng2\entry\build\default\intermediates\process_profile\default\module.json cache by regenerate.
[2026-07-30T09:32:23.800] [DEBUG] debug-file - Update task entry:default@CompileResource input file:E:\0730\hongmeng2\entry\build\default\intermediates\res\default\resConfig.json cache by regenerate.
[2026-07-30T09:32:23.801] [DEBUG] debug-file - Update task entry:default@CompileResource output file:E:\0730\hongmeng2\entry\build\default\intermediates\res\default cache.
[2026-07-30T09:32:23.802] [DEBUG] debug-file - Update task entry:default@CompileResource output file:E:\0730\hongmeng2\entry\build\default\generated\r\default\ResourceTable.h cache.
[2026-07-30T09:32:23.802] [DEBUG] debug-file - Update task entry:default@CompileResource output file:E:\0730\hongmeng2\entry\build\default\generated\r\default\ResourceTable.ts cache.
[2026-07-30T09:32:23.802] [DEBUG] debug-file - Update task entry:default@CompileResource output file:E:\0730\hongmeng2\entry\build\default\generated\r\default cache.
[2026-07-30T09:32:23.803] [DEBUG] debug-file - Incremental task entry:default@CompileResource post-execution cost:7 ms .
[2026-07-30T09:32:23.803] [DEBUG] debug-file - Update task entry:default@DoNativeStrip input file:E:\0730\hongmeng2\entry\build\default\intermediates\libs\default cache by regenerate.
[2026-07-30T09:32:23.803] [DEBUG] debug-file - Update task entry:default@DoNativeStrip output file:E:\0730\hongmeng2\entry\build\default\intermediates\stripped_native_libs\default cache.
[2026-07-30T09:32:23.803] [DEBUG] debug-file - Incremental task entry:default@DoNativeStrip post-execution cost:1 ms .
[2026-07-30T09:32:23.804] [DEBUG] debug-file - Update task entry:default@CompileArkTS input file:E:\0730\hongmeng2\entry\build\default\intermediates\loader\default cache by regenerate.
[2026-07-30T09:32:23.804] [DEBUG] debug-file - Update task entry:default@CompileArkTS input file:E:\0730\hongmeng2\entry\build\default\intermediates\res\default\resources\rawfile cache by regenerate.
[2026-07-30T09:32:23.804] [DEBUG] debug-file - Update task entry:default@CompileArkTS input file:E:\0730\hongmeng2\entry\build\default\intermediates\res\default\ResourceTable.txt cache by regenerate.
[2026-07-30T09:32:23.804] [DEBUG] debug-file - Update task entry:default@CompileArkTS input file:E:\0730\hongmeng2\entry\build\default\intermediates\res\default\ark_module.json cache by regenerate.
[2026-07-30T09:32:23.804] [DEBUG] debug-file - Update task entry:default@CompileArkTS input file:E:\0730\hongmeng2\entry\build\default\intermediates\res\default\resources\base\profile cache by regenerate.
[2026-07-30T09:32:23.805] [DEBUG] debug-file - Update task entry:default@CompileArkTS input file:E:\0730\hongmeng2\entry\src\main\ets cache by regenerate.
[2026-07-30T09:32:23.805] [DEBUG] debug-file - Update task entry:default@CompileArkTS input file:E:\0730\hongmeng2\entry\build\default\intermediates\loader\default\pkgContextInfo.json cache by regenerate.
[2026-07-30T09:32:23.805] [DEBUG] debug-file - Update task entry:default@CompileArkTS input file:E:\0730\hongmeng2\entry\build\default\generated\profile\default\BuildProfile.ets cache by regenerate.
[2026-07-30T09:32:23.806] [DEBUG] debug-file - Update task entry:default@CompileArkTS input file:E:\0730\hongmeng2\entry\src\mock\mock-config.json5 cache by regenerate.
[2026-07-30T09:32:23.806] [DEBUG] debug-file - Update task entry:default@CompileArkTS output file:E:\0730\hongmeng2\entry\build\default\intermediates\loader_out\default\ets cache.
[2026-07-30T09:32:23.806] [DEBUG] debug-file - Incremental task entry:default@CompileArkTS post-execution cost:4 ms .
[2026-07-30T09:32:23.807] [DEBUG] debug-file - Update task entry:default@BuildJS input file:E:\0730\hongmeng2\entry\build\default\intermediates\loader\default cache by regenerate.
[2026-07-30T09:32:23.807] [DEBUG] debug-file - Update task entry:default@BuildJS input file:E:\0730\hongmeng2\entry\build\default\intermediates\res\default\resources\rawfile cache by regenerate.
[2026-07-30T09:32:23.807] [DEBUG] debug-file - Update task entry:default@BuildJS input file:E:\0730\hongmeng2\entry\build\default\intermediates\res\default\ResourceTable.txt cache by regenerate.
[2026-07-30T09:32:23.807] [DEBUG] debug-file - Update task entry:default@BuildJS input file:E:\0730\hongmeng2\entry\build\default\intermediates\res\default\ark_module.json cache by regenerate.
[2026-07-30T09:32:23.807] [DEBUG] debug-file - Update task entry:default@BuildJS input file:E:\0730\hongmeng2\entry\build\default\intermediates\res\default\resources\base\profile cache by regenerate.
[2026-07-30T09:32:23.808] [DEBUG] debug-file - Update task entry:default@BuildJS input file:E:\0730\hongmeng2\entry\build\default\intermediates\loader\default\pkgContextInfo.json cache by regenerate.
[2026-07-30T09:32:23.808] [DEBUG] debug-file - Update task entry:default@BuildJS output file:E:\0730\hongmeng2\entry\build\default\intermediates\loader_out\default\js cache.
[2026-07-30T09:32:23.808] [DEBUG] debug-file - Incremental task entry:default@BuildJS post-execution cost:2 ms .
[2026-07-30T09:32:23.808] [DEBUG] debug-file - Update task entry:default@CacheNativeLibs input file:E:\0730\hongmeng2\entry\build\default\intermediates\stripped_native_libs\default cache by regenerate.
[2026-07-30T09:32:23.808] [DEBUG] debug-file - Update task entry:default@CacheNativeLibs input file:E:\0730\hongmeng2\entry\build\default\intermediates\libs\default cache by regenerate.
[2026-07-30T09:32:23.808] [DEBUG] debug-file - Update task entry:default@CacheNativeLibs output file:E:\0730\hongmeng2\entry\build\default\intermediates\patch\default\base_native_libs.json cache.
[2026-07-30T09:32:23.808] [DEBUG] debug-file - Update task entry:default@CacheNativeLibs output file:E:\0730\hongmeng2\entry\build\default\intermediates\patch\default\binxo_native_libs.json cache.
[2026-07-30T09:32:23.809] [DEBUG] debug-file - Incremental task entry:default@CacheNativeLibs post-execution cost:1 ms .
[2026-07-30T09:32:23.809] [DEBUG] debug-file - Update task entry:default@GeneratePkgModuleJson input file:E:\0730\hongmeng2\entry\build\default\intermediates\res\default\module.json cache by regenerate.
[2026-07-30T09:32:23.809] [DEBUG] debug-file - Update task entry:default@GeneratePkgModuleJson output file:E:\0730\hongmeng2\entry\build\default\intermediates\package\default\module.json cache.
[2026-07-30T09:32:23.809] [DEBUG] debug-file - Incremental task entry:default@GeneratePkgModuleJson post-execution cost:1 ms .
[2026-07-30T09:32:23.809] [DEBUG] debug-file - Incremental task entry:default@ProcessCompiledResources post-execution cost:1 ms .
[2026-07-30T09:32:23.809] [DEBUG] debug-file - Update task entry:default@PackageHap input file:E:\0730\hongmeng2\entry\build\default\intermediates\stripped_native_libs\default cache by regenerate.
[2026-07-30T09:32:23.809] [DEBUG] debug-file - Update task entry:default@PackageHap input file:E:\0730\hongmeng2\entry\build\default\intermediates\res\default\module.json cache by regenerate.
[2026-07-30T09:32:23.810] [DEBUG] debug-file - Update task entry:default@PackageHap input file:E:\0730\hongmeng2\entry\build\default\intermediates\res\default\resources cache by regenerate.
[2026-07-30T09:32:23.810] [DEBUG] debug-file - Update task entry:default@PackageHap input file:E:\0730\hongmeng2\entry\build\default\intermediates\res\default\resources.index cache by regenerate.
[2026-07-30T09:32:23.810] [DEBUG] debug-file - Update task entry:default@PackageHap input file:E:\0730\hongmeng2\entry\build\default\outputs\default\pack.info cache by regenerate.
[2026-07-30T09:32:23.810] [DEBUG] debug-file - Update task entry:default@PackageHap input file:E:\0730\hongmeng2\entry\build\default\intermediates\loader_out\default\ets cache by regenerate.
[2026-07-30T09:32:23.811] [DEBUG] debug-file - Update task entry:default@PackageHap input file:E:\0730\hongmeng2\entry\build\default\intermediates\loader\default\pkgContextInfo.json cache by regenerate.
[2026-07-30T09:32:23.811] [DEBUG] debug-file - Update task entry:default@PackageHap input file:E:\0730\hongmeng2\entry\build\default\intermediates\loader_out\default\ets\sourceMaps.map cache by regenerate.
[2026-07-30T09:32:23.811] [DEBUG] debug-file - Update task entry:default@PackageHap input file:E:\0730\hongmeng2\entry\build\default\generated\profile\default\BuildProfile.ets cache by regenerate.
[2026-07-30T09:32:23.811] [DEBUG] debug-file - Update task entry:default@PackageHap output file:E:\0730\hongmeng2\entry\build\default\outputs\default\entry-default-unsigned.hap cache.
[2026-07-30T09:32:23.811] [DEBUG] debug-file - Update task entry:default@PackageHap output file:E:\0730\hongmeng2\entry\build\default\intermediates\source_map\default\sourceMaps.map cache.
[2026-07-30T09:32:23.811] [DEBUG] debug-file - Update task entry:default@PackageHap output file:E:\0730\hongmeng2\entry\build\default\outputs\default\mapping\sourceMaps.map cache.
[2026-07-30T09:32:23.811] [DEBUG] debug-file - Incremental task entry:default@PackageHap post-execution cost:3 ms .
[2026-07-30T09:32:23.811] [DEBUG] debug-file - Update task entry:default@SignHap input file:E:\0730\hongmeng2\entry\build\default\outputs\default\entry-default-unsigned.hap cache by regenerate.
[2026-07-30T09:32:23.811] [DEBUG] debug-file - Update task entry:default@SignHap output file:E:\0730\hongmeng2\entry\build\default\outputs\default\entry-default-signed.hap cache.
[2026-07-30T09:32:23.812] [DEBUG] debug-file - Incremental task entry:default@SignHap post-execution cost:1 ms .
[2026-07-30T09:32:23.812] [DEBUG] debug-file - Update task entry:default@CollectDebugSymbol input file:E:\0730\hongmeng2\entry\build\default\intermediates\loader_out\default\ets\sourceMaps.map cache by regenerate.
[2026-07-30T09:32:23.812] [DEBUG] debug-file - Update task entry:default@CollectDebugSymbol input file:E:\0730\hongmeng2\entry\build\default\intermediates\libs\default cache by regenerate.
[2026-07-30T09:32:23.812] [DEBUG] debug-file - Update task entry:default@CollectDebugSymbol output file:E:\0730\hongmeng2\entry\build\default\outputs\default\symbol cache.
[2026-07-30T09:32:23.812] [DEBUG] debug-file - Incremental task entry:default@CollectDebugSymbol post-execution cost:1 ms .
[2026-07-30T09:32:23.838] [DEBUG] debug-file - Cleanup worker 0.
[2026-07-30T09:32:23.838] [DEBUG] debug-file - Worker 0 has been cleaned up.
[2026-07-30T09:32:23.839] [DEBUG] debug-file - Current idle worker size: 3.
[2026-07-30T09:32:23.839] [DEBUG] debug-file - Current resident worker size: 4.
[2026-07-30T09:32:23.839] [DEBUG] debug-file - Cleanup worker 1.
[2026-07-30T09:32:23.839] [DEBUG] debug-file - Worker 1 has been cleaned up.
[2026-07-30T09:32:23.839] [DEBUG] debug-file - Current idle worker size: 2.
[2026-07-30T09:32:23.839] [DEBUG] debug-file - Current resident worker size: 4.
[2026-07-30T09:32:23.839] [DEBUG] debug-file - Cleanup worker 14.
[2026-07-30T09:32:23.839] [DEBUG] debug-file - Worker 14 has been cleaned up.
[2026-07-30T09:32:23.839] [DEBUG] debug-file - Current idle worker size: 1.
[2026-07-30T09:32:23.839] [DEBUG] debug-file - Current resident worker size: 4.
[2026-07-30T09:32:23.840] [DEBUG] debug-file - hvigor build process will be closed.
[2026-07-30T09:32:23.841] [DEBUG] debug-file - worker[0] exits with exit code 1.
[2026-07-30T09:32:23.844] [DEBUG] debug-file - session manager: send message to worker process.
[2026-07-30T09:32:23.845] [DEBUG] debug-file - session manager: send message to worker process.
[2026-07-30T09:32:23.844] [DEBUG] debug-file - watch worker: worker id should be larger than 0. Nothing will be sent to any worker thread.
[2026-07-30T09:32:23.845] [DEBUG] debug-file - watch worker: worker id should be larger than 0. Nothing will be sent to any worker thread.
[2026-07-30T09:32:23.847] [DEBUG] debug-file - worker[1] exits with exit code 1.
[2026-07-30T09:32:23.854] [DEBUG] debug-file - worker[14] exits with exit code 1.
[2026-07-30T09:57:00.204] [DEBUG] debug-file - session manager: set active socket. socketId=aIAm3n_PW0EC1juLAAAD
[2026-07-30T09:57:00.209] [DEBUG] debug-file - watch worker: worker id should be larger than 0. Nothing will be sent to any worker thread.
[2026-07-30T09:57:00.212] [DEBUG] debug-file - Workers' log level updated to INFO
[2026-07-30T09:57:00.215] [DEBUG] debug-file - Hvigor init with startParameters:{
  hvigorfileTypeCheck: false,
  parallelExecution: true,
  incrementalExecution: true,
  printStackTrace: false,
  daemon: true,
  analyze: 0,
  logLevel: Level { level: 20000, levelStr: 'INFO', colour: 'green' },
  optimizationStrategy: 'memory',
  hotCompile: undefined,
  hotReloadBuild: undefined,
  customizedParam: undefined
}
[2026-07-30T09:57:00.222] [DEBUG] debug-file - Cache service initialization finished in 7 ms 
[2026-07-30T09:57:00.223] [DEBUG] debug-file - hvigorfile, resolving E:\0730\hongmeng2\hvigorfile.ts
[2026-07-30T09:57:00.228] [DEBUG] debug-file - hvigorfile, require result:  { default: { plugins: [] } }
[2026-07-30T09:57:00.228] [DEBUG] debug-file - hvigorfile, binding system plugins null
[2026-07-30T09:57:00.228] [DEBUG] debug-file - Starting plugin build process
[2026-07-30T09:57:00.228] [DEBUG] debug-file - App plugin prepare start...
[2026-07-30T09:57:00.228] [DEBUG] debug-file - App plugin prepare end...
[2026-07-30T09:57:00.228] [DEBUG] debug-file - App plugin creating...
[2026-07-30T09:57:00.231] [DEBUG] debug-file - App plugin register hook start...
[2026-07-30T09:57:00.231] [DEBUG] debug-file - App plugin register hook end...
[2026-07-30T09:57:00.232] [DEBUG] debug-file - Plugin build process completed
[2026-07-30T09:57:00.232] [DEBUG] debug-file - Start initialize project's product build option map with build mode debug.
[2026-07-30T09:57:00.232] [DEBUG] debug-file - Picking option from product 'default' with build mode 'debug'.
[2026-07-30T09:57:00.232] [DEBUG] debug-file - Product 'default' build option initialized
[2026-07-30T09:57:00.232] [DEBUG] debug-file - End initialize project's product build option map with build mode 'debug'.
[2026-07-30T09:57:00.233] [DEBUG] debug-file - Obtain build option for product 'default'in this build.
[2026-07-30T09:57:00.235] [DEBUG] debug-file - No signingConfig found, initRemoteHspCache failed.
[2026-07-30T09:57:00.237] [DEBUG] debug-file - Start recording SDK configuration permission data.
[2026-07-30T09:57:00.261] [DEBUG] debug-file - Sdk init in 26 ms 
[2026-07-30T09:57:00.264] [DEBUG] debug-file - Project task initialization takes 3 ms 
[2026-07-30T09:57:00.264] [DEBUG] debug-file - hvigorfile, begin to bind custom plugins...
[2026-07-30T09:57:00.264] [DEBUG] debug-file - hvigorfile, no custom plugins were found in E:\0730\hongmeng2\hvigorfile.ts
[2026-07-30T09:57:00.264] [DEBUG] debug-file - hvigorfile, resolve finished E:\0730\hongmeng2\hvigorfile.ts
[2026-07-30T09:57:00.265] [DEBUG] debug-file - hvigorfile, resolving E:\0730\hongmeng2\entry\hvigorfile.ts
[2026-07-30T09:57:00.268] [DEBUG] debug-file - hvigorfile, require result:  { default: { plugins: [] } }
[2026-07-30T09:57:00.268] [DEBUG] debug-file - hvigorfile, binding system plugins null
[2026-07-30T09:57:00.268] [DEBUG] debug-file - Starting plugin build process
[2026-07-30T09:57:00.268] [DEBUG] debug-file - Hap plugin creating...
[2026-07-30T09:57:00.269] [DEBUG] debug-file - failed to load cangjie to dynamically generate schemas: Error: Cannot find module '@ohos/cangjie-build-support/index'
Require stack:
- D:\Program Files\DevEco Studio\tools\hvigor\hvigor-ohos-plugin\src\plugin\hooks\cangjie-register.js
- D:\Program Files\DevEco Studio\tools\hvigor\hvigor-ohos-plugin\src\plugin\strategy\stage-init-strategy.js
- D:\Program Files\DevEco Studio\tools\hvigor\hvigor-ohos-plugin\src\plugin\builder\abstract-plugin-builder.js
- D:\Program Files\DevEco Studio\tools\hvigor\hvigor-ohos-plugin\src\plugin\builder\app-plugin-builder.js
- D:\Program Files\DevEco Studio\tools\hvigor\hvigor-ohos-plugin\src\plugin\factory\plugin-factory.js
- D:\Program Files\DevEco Studio\tools\hvigor\hvigor-ohos-plugin\index.js
- E:\0730\hongmeng2\hvigorfile.ts
- D:\Program Files\DevEco Studio\tools\hvigor\hvigor\src\base\internal\lifecycle\configuration.js
- D:\Program Files\DevEco Studio\tools\hvigor\hvigor\src\base\boot\index.js
- D:\Program Files\DevEco Studio\tools\hvigor\hvigor\src\base\daemon\cluster\worker-process-lifecycle.js
- D:\Program Files\DevEco Studio\tools\hvigor\hvigor\src\base\daemon\process\daemon-process-boot-script.js
[2026-07-30T09:57:00.273] [DEBUG] debug-file - Start initialize module-target build option map, moduleName=entry, buildMode=debug
[2026-07-30T09:57:00.273] [DEBUG] debug-file - Target 'default' config initialized
[2026-07-30T09:57:00.274] [DEBUG] debug-file - Target 'ohosTest' config initialized
[2026-07-30T09:57:00.274] [DEBUG] debug-file - Module 'entry' target 'default' build option initialized
[2026-07-30T09:57:00.274] [DEBUG] debug-file - Module 'entry' target 'ohosTest' build option initialized
[2026-07-30T09:57:00.274] [DEBUG] debug-file - End initialize module-target build option map, moduleName=entry
[2026-07-30T09:57:00.274] [DEBUG] debug-file - Start initialize module-target build option map, moduleName=entry, buildMode=release
[2026-07-30T09:57:00.274] [DEBUG] debug-file - Target 'default' config initialized
[2026-07-30T09:57:00.274] [DEBUG] debug-file - Target 'ohosTest' config initialized
[2026-07-30T09:57:00.274] [DEBUG] debug-file - Module 'entry' target 'default' build option initialized
[2026-07-30T09:57:00.274] [DEBUG] debug-file - Module 'entry' target 'ohosTest' build option initialized
[2026-07-30T09:57:00.275] [DEBUG] debug-file - End initialize module-target build option map, moduleName=entry
[2026-07-30T09:57:00.275] [DEBUG] debug-file - Start initialize module-target build option map, moduleName=entry, buildMode=debug
[2026-07-30T09:57:00.275] [DEBUG] debug-file - Target 'default' config initialized
[2026-07-30T09:57:00.275] [DEBUG] debug-file - Target 'ohosTest' config initialized
[2026-07-30T09:57:00.275] [DEBUG] debug-file - Module 'entry' target 'default' build option initialized
[2026-07-30T09:57:00.275] [DEBUG] debug-file - Module 'entry' target 'ohosTest' build option initialized
[2026-07-30T09:57:00.275] [DEBUG] debug-file - End initialize module-target build option map, moduleName=entry
[2026-07-30T09:57:00.275] [DEBUG] debug-file - Obtain build option for module 'entry' target 'default'in this build.
[2026-07-30T09:57:00.276] [DEBUG] debug-file - Module entry task initialization takes 1 ms 
[2026-07-30T09:57:00.276] [DEBUG] debug-file - Hap plugin register hook start...
[2026-07-30T09:57:00.276] [DEBUG] debug-file - Hap plugin register hook end...
[2026-07-30T09:57:00.276] [DEBUG] debug-file - Plugin build process completed
[2026-07-30T09:57:00.276] [DEBUG] debug-file - hvigorfile, begin to bind custom plugins...
[2026-07-30T09:57:00.276] [DEBUG] debug-file - hvigorfile, no custom plugins were found in E:\0730\hongmeng2\entry\hvigorfile.ts
[2026-07-30T09:57:00.276] [DEBUG] debug-file - hvigorfile, resolve finished E:\0730\hongmeng2\entry\hvigorfile.ts
[2026-07-30T09:57:00.292] [DEBUG] debug-file - hvigorfile, resolve hvigorfile dependencies in 16 ms 
[2026-07-30T09:57:00.292] [DEBUG] debug-file - project has submodules:entry
[2026-07-30T09:57:00.293] [DEBUG] debug-file - start to load updatedOhPackageInfo to the disk
[2026-07-30T09:57:00.294] [DEBUG] debug-file - load to the disk finished
[2026-07-30T09:57:00.295] [DEBUG] debug-file - Start to initialize dependency information.
[2026-07-30T09:57:00.297] [DEBUG] debug-file - Module hongmeng2 Collected Dependency: 
[2026-07-30T09:57:00.297] [DEBUG] debug-file - Module hongmeng2's total dependency: 0
[2026-07-30T09:57:00.298] [DEBUG] debug-file - Start to initialize dependency information.
[2026-07-30T09:57:00.298] [DEBUG] debug-file - Module entry Collected Dependency: 
[2026-07-30T09:57:00.298] [DEBUG] debug-file - Module entry's total dependency: 0
[2026-07-30T09:57:00.299] [DEBUG] debug-file - Configuration phase cost:77 ms 
[2026-07-30T09:57:00.300] [DEBUG] debug-file - Configuration task cost before running: 87 ms 
[2026-07-30T09:57:00.302] [DEBUG] debug-file - Executing task :entry:default@PreBuild
[2026-07-30T09:57:00.304] [DEBUG] debug-file - Task 'entry:default@PreBuild' cost while wrapping incremental declarations: 1 ms 
[2026-07-30T09:57:00.308] [DEBUG] debug-file - Incremental task entry:default@PreBuild pre-execution cost: 3 ms .
[2026-07-30T09:57:00.308] [DEBUG] debug-file - entry : default@PreBuild cost memory -1.1915206909179688
[2026-07-30T09:57:00.309] [INFO] debug-file - UP-TO-DATE :entry:default@PreBuild...  
[2026-07-30T09:57:00.309] [DEBUG] debug-file - Executing task :entry:default@CreateModuleInfo
[2026-07-30T09:57:00.310] [DEBUG] debug-file - Task 'entry:default@CreateModuleInfo' cost while wrapping incremental declarations: 1 ms 
[2026-07-30T09:57:00.310] [DEBUG] debug-file - entry : default@CreateModuleInfo cost memory 0.04169464111328125
[2026-07-30T09:57:00.310] [DEBUG] debug-file - runTaskFromQueue task cost before running: 98 ms 
[2026-07-30T09:57:00.310] [INFO] debug-file - Finished :entry:default@CreateModuleInfo... after 1 ms 
[2026-07-30T09:57:00.311] [DEBUG] debug-file - Executing task :entry:default@GenerateMetadata
[2026-07-30T09:57:00.312] [DEBUG] debug-file - Task 'entry:default@GenerateMetadata' cost while wrapping incremental declarations: 1 ms 
[2026-07-30T09:57:00.312] [DEBUG] debug-file - Incremental task entry:default@GenerateMetadata pre-execution cost: 1 ms .
[2026-07-30T09:57:00.312] [DEBUG] debug-file - entry : default@GenerateMetadata cost memory 0.0838470458984375
[2026-07-30T09:57:00.312] [INFO] debug-file - UP-TO-DATE :entry:default@GenerateMetadata...  
[2026-07-30T09:57:00.313] [DEBUG] debug-file - Executing task :entry:default@ConfigureCmake
[2026-07-30T09:57:00.313] [DEBUG] debug-file - entry : default@ConfigureCmake cost memory 0.0145263671875
[2026-07-30T09:57:00.313] [DEBUG] debug-file - runTaskFromQueue task cost before running: 100 ms 
[2026-07-30T09:57:00.313] [INFO] debug-file - Finished :entry:default@ConfigureCmake... after 1 ms 
[2026-07-30T09:57:00.314] [DEBUG] debug-file - Executing task :entry:default@MergeProfile
[2026-07-30T09:57:00.314] [DEBUG] debug-file - Task 'entry:default@MergeProfile' cost while wrapping incremental declarations: 1 ms 
[2026-07-30T09:57:00.314] [DEBUG] debug-file - Incremental task entry:default@MergeProfile pre-execution cost: 1 ms .
[2026-07-30T09:57:00.315] [DEBUG] debug-file - entry : default@MergeProfile cost memory 0.12518310546875
[2026-07-30T09:57:00.315] [INFO] debug-file - UP-TO-DATE :entry:default@MergeProfile...  
[2026-07-30T09:57:00.315] [DEBUG] debug-file - Executing task :entry:default@CreateBuildProfile
[2026-07-30T09:57:00.316] [DEBUG] debug-file - Task 'entry:default@CreateBuildProfile' cost while wrapping incremental declarations: 1 ms 
[2026-07-30T09:57:00.316] [DEBUG] debug-file - Incremental task entry:default@CreateBuildProfile pre-execution cost: 1 ms .
[2026-07-30T09:57:00.316] [DEBUG] debug-file - entry : default@CreateBuildProfile cost memory 0.1042022705078125
[2026-07-30T09:57:00.316] [INFO] debug-file - UP-TO-DATE :entry:default@CreateBuildProfile...  
[2026-07-30T09:57:00.317] [DEBUG] debug-file - Executing task :entry:default@PreCheckSyscap
[2026-07-30T09:57:00.317] [DEBUG] debug-file - entry : default@PreCheckSyscap cost memory 0.01476287841796875
[2026-07-30T09:57:00.317] [DEBUG] debug-file - runTaskFromQueue task cost before running: 105 ms 
[2026-07-30T09:57:00.317] [INFO] debug-file - Finished :entry:default@PreCheckSyscap... after 1 ms 
[2026-07-30T09:57:00.318] [DEBUG] debug-file - Executing task :entry:default@GeneratePkgContextInfo
[2026-07-30T09:57:00.320] [DEBUG] debug-file - Task 'entry:default@GeneratePkgContextInfo' cost while wrapping incremental declarations: 1 ms 
[2026-07-30T09:57:00.320] [DEBUG] debug-file - Incremental task entry:default@GeneratePkgContextInfo pre-execution cost: 1 ms .
[2026-07-30T09:57:00.320] [DEBUG] debug-file - entry : default@GeneratePkgContextInfo cost memory 0.21353912353515625
[2026-07-30T09:57:00.321] [INFO] debug-file - UP-TO-DATE :entry:default@GeneratePkgContextInfo...  
[2026-07-30T09:57:00.321] [DEBUG] debug-file - Executing task :entry:default@GeneratePkgSdkInfo
[2026-07-30T09:57:00.322] [DEBUG] debug-file - Task 'entry:default@GeneratePkgSdkInfo' cost while wrapping incremental declarations: 1 ms 
[2026-07-30T09:57:00.322] [DEBUG] debug-file - entry : default@GeneratePkgSdkInfo cost memory 0.12001800537109375
[2026-07-30T09:57:00.322] [DEBUG] debug-file - runTaskFromQueue task cost before running: 110 ms 
[2026-07-30T09:57:00.322] [INFO] debug-file - Finished :entry:default@GeneratePkgSdkInfo... after 2 ms 
[2026-07-30T09:57:00.324] [DEBUG] debug-file - Executing task :entry:default@ProcessIntegratedHsp
[2026-07-30T09:57:00.324] [DEBUG] debug-file - entry:default@ProcessIntegratedHsp is not up-to-date, since the output file 'E:\0730\hongmeng2\build\cache\default\integrated_hsp\integratedHspCache.json' does not exist.
[2026-07-30T09:57:00.324] [DEBUG] debug-file - Incremental task entry:default@ProcessIntegratedHsp pre-execution cost: 1 ms .
[2026-07-30T09:57:00.324] [DEBUG] debug-file - entry : default@ProcessIntegratedHsp cost memory 0.0546875
[2026-07-30T09:57:00.324] [DEBUG] debug-file - runTaskFromQueue task cost before running: 112 ms 
[2026-07-30T09:57:00.325] [INFO] debug-file - Finished :entry:default@ProcessIntegratedHsp... after 1 ms 
[2026-07-30T09:57:00.325] [DEBUG] debug-file - Executing task :entry:default@BuildNativeWithCmake
[2026-07-30T09:57:00.325] [DEBUG] debug-file - entry : default@BuildNativeWithCmake cost memory 0.0144805908203125
[2026-07-30T09:57:00.326] [DEBUG] debug-file - runTaskFromQueue task cost before running: 113 ms 
[2026-07-30T09:57:00.326] [INFO] debug-file - Finished :entry:default@BuildNativeWithCmake... after 1 ms 
[2026-07-30T09:57:00.326] [DEBUG] debug-file - Executing task :entry:default@MakePackInfo
[2026-07-30T09:57:00.328] [DEBUG] debug-file - Incremental task entry:default@MakePackInfo pre-execution cost: 1 ms .
[2026-07-30T09:57:00.328] [DEBUG] debug-file - entry : default@MakePackInfo cost memory 0.12786865234375
[2026-07-30T09:57:00.328] [INFO] debug-file - UP-TO-DATE :entry:default@MakePackInfo...  
[2026-07-30T09:57:00.329] [DEBUG] debug-file - Executing task :entry:default@SyscapTransform
[2026-07-30T09:57:00.329] [DEBUG] debug-file - File: 'E:\0730\hongmeng2\entry\src\main\syscap.json' from 'sysCapJsonPath' is not exists, just ignore.
[2026-07-30T09:57:00.330] [DEBUG] debug-file - Task 'entry:default@SyscapTransform' cost while wrapping incremental declarations: 1 ms 
[2026-07-30T09:57:00.330] [DEBUG] debug-file - entry:default@SyscapTransform is not up-to-date, since the output file 'E:\0730\hongmeng2\entry\build\default\intermediates\syscap\default\rpcid.sc' does not exist.
[2026-07-30T09:57:00.330] [DEBUG] debug-file - Incremental task entry:default@SyscapTransform pre-execution cost: 1 ms .
[2026-07-30T09:57:00.330] [DEBUG] debug-file - entry : default@SyscapTransform cost memory 0.38790130615234375
[2026-07-30T09:57:00.331] [DEBUG] debug-file - runTaskFromQueue task cost before running: 118 ms 
[2026-07-30T09:57:00.331] [INFO] debug-file - Finished :entry:default@SyscapTransform... after 2 ms 
[2026-07-30T09:57:00.331] [DEBUG] debug-file - Executing task :entry:default@ProcessProfile
[2026-07-30T09:57:00.332] [DEBUG] debug-file - Task 'entry:default@ProcessProfile' cost while wrapping incremental declarations: 1 ms 
[2026-07-30T09:57:00.332] [DEBUG] debug-file - Incremental task entry:default@ProcessProfile pre-execution cost: 1 ms .
[2026-07-30T09:57:00.332] [DEBUG] debug-file - entry : default@ProcessProfile cost memory 0.1346588134765625
[2026-07-30T09:57:00.332] [INFO] debug-file - UP-TO-DATE :entry:default@ProcessProfile...  
[2026-07-30T09:57:00.333] [DEBUG] debug-file - Executing task :entry:default@ProcessRouterMap
[2026-07-30T09:57:00.334] [DEBUG] debug-file - Incremental task entry:default@ProcessRouterMap pre-execution cost: 2 ms .
[2026-07-30T09:57:00.334] [DEBUG] debug-file - entry : default@ProcessRouterMap cost memory 0.15716552734375
[2026-07-30T09:57:00.335] [INFO] debug-file - UP-TO-DATE :entry:default@ProcessRouterMap...  
[2026-07-30T09:57:00.335] [DEBUG] debug-file - Executing task :entry:default@ProcessShareConfig
[2026-07-30T09:57:00.337] [DEBUG] debug-file - Incremental task entry:default@ProcessShareConfig pre-execution cost: 2 ms .
[2026-07-30T09:57:00.337] [DEBUG] debug-file - entry : default@ProcessShareConfig cost memory -1.4290924072265625
[2026-07-30T09:57:00.337] [INFO] debug-file - UP-TO-DATE :entry:default@ProcessShareConfig...  
[2026-07-30T09:57:00.338] [DEBUG] debug-file - Executing task :entry:default@ProcessStartupConfig
[2026-07-30T09:57:00.338] [DEBUG] debug-file - Task 'entry:default@ProcessStartupConfig' cost while wrapping incremental declarations: 1 ms 
[2026-07-30T09:57:00.338] [DEBUG] debug-file - entry:default@ProcessStartupConfig is not up-to-date, since the output file 'E:\0730\hongmeng2\entry\build\default\intermediates\startup\default\startup_config.json' does not exist.
[2026-07-30T09:57:00.338] [DEBUG] debug-file - Incremental task entry:default@ProcessStartupConfig pre-execution cost: 1 ms .
[2026-07-30T09:57:00.339] [DEBUG] debug-file - entry : default@ProcessStartupConfig cost memory 0.13416290283203125
[2026-07-30T09:57:00.339] [DEBUG] debug-file - runTaskFromQueue task cost before running: 126 ms 
[2026-07-30T09:57:00.339] [INFO] debug-file - Finished :entry:default@ProcessStartupConfig... after 2 ms 
[2026-07-30T09:57:00.340] [DEBUG] debug-file - Executing task :entry:default@BuildNativeWithNinja
[2026-07-30T09:57:00.340] [DEBUG] debug-file - entry : default@BuildNativeWithNinja cost memory 0.0200042724609375
[2026-07-30T09:57:00.340] [DEBUG] debug-file - runTaskFromQueue task cost before running: 128 ms 
[2026-07-30T09:57:00.340] [INFO] debug-file - Finished :entry:default@BuildNativeWithNinja... after 1 ms 
[2026-07-30T09:57:00.341] [DEBUG] debug-file - restool module names: entry; moduleName=entry, taskName=default@ProcessResource
[2026-07-30T09:57:00.341] [DEBUG] debug-file - Executing task :entry:default@ProcessResource
[2026-07-30T09:57:00.342] [DEBUG] debug-file - Task 'entry:default@ProcessResource' cost while wrapping incremental declarations: 1 ms 
[2026-07-30T09:57:00.342] [DEBUG] debug-file - Incremental task entry:default@ProcessResource pre-execution cost: 1 ms .
[2026-07-30T09:57:00.342] [DEBUG] debug-file - entry : default@ProcessResource cost memory 0.131103515625
[2026-07-30T09:57:00.343] [INFO] debug-file - UP-TO-DATE :entry:default@ProcessResource...  
[2026-07-30T09:57:00.344] [DEBUG] debug-file - Executing task :entry:default@GenerateLoaderJson
[2026-07-30T09:57:00.345] [DEBUG] debug-file - Task 'entry:default@GenerateLoaderJson' cost while wrapping incremental declarations: 1 ms 
[2026-07-30T09:57:00.348] [DEBUG] debug-file - Incremental task entry:default@GenerateLoaderJson pre-execution cost: 2 ms .
[2026-07-30T09:57:00.348] [DEBUG] debug-file - entry : default@GenerateLoaderJson cost memory 0.474090576171875
[2026-07-30T09:57:00.349] [INFO] debug-file - UP-TO-DATE :entry:default@GenerateLoaderJson...  
[2026-07-30T09:57:00.350] [DEBUG] debug-file - Executing task :entry:default@ProcessLibs
[2026-07-30T09:57:00.352] [DEBUG] debug-file - Incremental task entry:default@ProcessLibs pre-execution cost: 2 ms .
[2026-07-30T09:57:00.352] [DEBUG] debug-file - entry : default@ProcessLibs cost memory -1.5831069946289062
[2026-07-30T09:57:00.352] [INFO] debug-file - UP-TO-DATE :entry:default@ProcessLibs...  
[2026-07-30T09:57:00.353] [DEBUG] debug-file - restool module names: entry; moduleName=entry, taskName=default@CompileResource
[2026-07-30T09:57:00.353] [DEBUG] debug-file - Executing task :entry:default@CompileResource
[2026-07-30T09:57:00.358] [DEBUG] debug-file - Incremental task entry:default@CompileResource pre-execution cost: 5 ms .
[2026-07-30T09:57:00.358] [DEBUG] debug-file - entry : default@CompileResource cost memory 0.7061386108398438
[2026-07-30T09:57:00.358] [INFO] debug-file - UP-TO-DATE :entry:default@CompileResource...  
[2026-07-30T09:57:00.359] [DEBUG] debug-file - Executing task :entry:default@DoNativeStrip
[2026-07-30T09:57:00.359] [DEBUG] debug-file - File: 'E:\0730\hongmeng2\entry\build\default\intermediates\binxo\default' from 'doBinxoNativeLibs' is not exists, just ignore.
[2026-07-30T09:57:00.359] [DEBUG] debug-file - Task 'entry:default@DoNativeStrip' cost while wrapping incremental declarations: 1 ms 
[2026-07-30T09:57:00.360] [DEBUG] debug-file - Incremental task entry:default@DoNativeStrip pre-execution cost: 1 ms .
[2026-07-30T09:57:00.360] [DEBUG] debug-file - entry : default@DoNativeStrip cost memory 0.093048095703125
[2026-07-30T09:57:00.360] [INFO] debug-file - UP-TO-DATE :entry:default@DoNativeStrip...  
[2026-07-30T09:57:00.361] [DEBUG] debug-file - Executing task :entry:default@CompileArkTS
[2026-07-30T09:57:00.361] [DEBUG] debug-file - obfuscationOptions: undefined
[2026-07-30T09:57:00.361] [DEBUG] debug-file - Task 'entry:default@CompileArkTS' cost while wrapping incremental declarations: 1 ms 
[2026-07-30T09:57:00.365] [DEBUG] debug-file - Incremental task entry:default@CompileArkTS pre-execution cost: 3 ms .
[2026-07-30T09:57:00.365] [DEBUG] debug-file - entry : default@CompileArkTS cost memory 0.5580596923828125
[2026-07-30T09:57:00.366] [INFO] debug-file - UP-TO-DATE :entry:default@CompileArkTS...  
[2026-07-30T09:57:00.367] [DEBUG] debug-file - Executing task :entry:default@BuildJS
[2026-07-30T09:57:00.367] [DEBUG] debug-file - Task 'entry:default@BuildJS' cost while wrapping incremental declarations: 1 ms 
[2026-07-30T09:57:00.369] [DEBUG] debug-file - entry : default@BuildJS cost memory 0.15105438232421875
[2026-07-30T09:57:00.369] [DEBUG] debug-file - runTaskFromQueue task cost before running: 156 ms 
[2026-07-30T09:57:00.369] [INFO] debug-file - Finished :entry:default@BuildJS... after 3 ms 
[2026-07-30T09:57:00.370] [DEBUG] debug-file - Executing task :entry:default@CacheNativeLibs
[2026-07-30T09:57:00.370] [DEBUG] debug-file - File: 'E:\0730\hongmeng2\entry\build\default\intermediates\binxo\default' from 'cacheBinxoNativeLibs' is not exists, just ignore.
[2026-07-30T09:57:00.370] [DEBUG] debug-file - Task 'entry:default@CacheNativeLibs' cost while wrapping incremental declarations: 1 ms 
[2026-07-30T09:57:00.371] [DEBUG] debug-file - Incremental task entry:default@CacheNativeLibs pre-execution cost: 1 ms .
[2026-07-30T09:57:00.371] [DEBUG] debug-file - entry : default@CacheNativeLibs cost memory 0.11971282958984375
[2026-07-30T09:57:00.371] [INFO] debug-file - UP-TO-DATE :entry:default@CacheNativeLibs...  
[2026-07-30T09:57:00.371] [DEBUG] debug-file - Executing task :entry:default@GeneratePkgModuleJson
[2026-07-30T09:57:00.371] [DEBUG] debug-file - File: 'E:\0730\hongmeng2\entry\build\default\intermediates\preload\default\preload.json' from 'preloadSoJsonPath' is not exists, just ignore.
[2026-07-30T09:57:00.372] [DEBUG] debug-file - Error occurs while handling @Input 'shouldDeduplicateHar': The "data" argument must be of type string or an instance of Buffer, TypedArray, or DataView. Received undefined
[2026-07-30T09:57:00.372] [DEBUG] debug-file - Task 'entry:default@GeneratePkgModuleJson' cost while wrapping incremental declarations: 1 ms 
[2026-07-30T09:57:00.372] [DEBUG] debug-file - Incremental task entry:default@GeneratePkgModuleJson pre-execution cost: 1 ms .
[2026-07-30T09:57:00.372] [DEBUG] debug-file - entry : default@GeneratePkgModuleJson cost memory 0.10872650146484375
[2026-07-30T09:57:00.372] [INFO] debug-file - UP-TO-DATE :entry:default@GeneratePkgModuleJson...  
[2026-07-30T09:57:00.372] [DEBUG] debug-file - Executing task :entry:default@ProcessCompiledResources
[2026-07-30T09:57:00.373] [DEBUG] debug-file - File: 'E:\0730\hongmeng2\entry\build\default\intermediates\preload\default\preload.json' from 'preloadSoJsonPath' is not exists, just ignore.
[2026-07-30T09:57:00.373] [DEBUG] debug-file - Task 'entry:default@ProcessCompiledResources' cost while wrapping incremental declarations: 1 ms 
[2026-07-30T09:57:00.373] [DEBUG] debug-file - entry : default@ProcessCompiledResources cost memory 0.056365966796875
[2026-07-30T09:57:00.373] [DEBUG] debug-file - runTaskFromQueue task cost before running: 160 ms 
[2026-07-30T09:57:00.373] [INFO] debug-file - Finished :entry:default@ProcessCompiledResources... after 1 ms 
[2026-07-30T09:57:00.374] [DEBUG] debug-file - Executing task :entry:default@PackageHap
[2026-07-30T09:57:00.377] [DEBUG] debug-file - Incremental task entry:default@PackageHap pre-execution cost: 3 ms .
[2026-07-30T09:57:00.377] [DEBUG] debug-file - entry : default@PackageHap cost memory 0.4367523193359375
[2026-07-30T09:57:00.377] [INFO] debug-file - UP-TO-DATE :entry:default@PackageHap...  
[2026-07-30T09:57:00.378] [DEBUG] debug-file - Executing task :entry:default@PackingCheck
[2026-07-30T09:57:00.380] [DEBUG] debug-file - entry : default@PackingCheck cost memory -1.363433837890625
[2026-07-30T09:57:00.381] [DEBUG] debug-file - runTaskFromQueue task cost before running: 168 ms 
[2026-07-30T09:57:00.381] [INFO] debug-file - Finished :entry:default@PackingCheck... after 3 ms 
[2026-07-30T09:57:00.381] [DEBUG] debug-file - Executing task :entry:default@SignHap
[2026-07-30T09:57:00.382] [WARN] debug-file - Will skip sign 'hos_hap'. No signingConfigs profile is configured in current project.
             If needed, configure the signingConfigs in E:\0730\hongmeng2\build-profile.json5.
[2026-07-30T09:57:00.382] [DEBUG] debug-file - entry:default@SignHap is not up-to-date, since the output file 'E:\0730\hongmeng2\entry\build\default\outputs\default\entry-default-signed.hap' does not exist.
[2026-07-30T09:57:00.382] [DEBUG] debug-file - Incremental task entry:default@SignHap pre-execution cost: 1 ms .
[2026-07-30T09:57:00.382] [DEBUG] debug-file - entry : default@SignHap cost memory 0.08991241455078125
[2026-07-30T09:57:00.382] [DEBUG] debug-file - runTaskFromQueue task cost before running: 170 ms 
[2026-07-30T09:57:00.383] [INFO] debug-file - Finished :entry:default@SignHap... after 1 ms 
[2026-07-30T09:57:00.384] [DEBUG] debug-file - Executing task :entry:default@CollectDebugSymbol
[2026-07-30T09:57:00.384] [DEBUG] debug-file - entry : default@CollectDebugSymbol cost memory 0.08193206787109375
[2026-07-30T09:57:00.385] [DEBUG] debug-file - runTaskFromQueue task cost before running: 172 ms 
[2026-07-30T09:57:00.385] [INFO] debug-file - Finished :entry:default@CollectDebugSymbol... after 1 ms 
[2026-07-30T09:57:00.385] [DEBUG] debug-file - Executing task :entry:assembleHap
[2026-07-30T09:57:00.385] [DEBUG] debug-file - entry : assembleHap cost memory 0.0126800537109375
[2026-07-30T09:57:00.385] [DEBUG] debug-file - runTaskFromQueue task cost before running: 172 ms 
[2026-07-30T09:57:00.385] [INFO] debug-file - Finished :entry:assembleHap... after 1 ms 
[2026-07-30T09:57:00.392] [INFO] debug-file - BUILD SUCCESSFUL in 179 ms 
[2026-07-30T09:57:00.392] [DEBUG] debug-file - There is no need to refresh cache, since the incremental task entry:default@PreBuild is up-to-date.
[2026-07-30T09:57:00.393] [DEBUG] debug-file - Update task entry:default@CreateModuleInfo output file:E:\0730\hongmeng2\entry\build\default\generated\profile\default\ModuleInfo.ts cache.
[2026-07-30T09:57:00.393] [DEBUG] debug-file - Incremental task entry:default@CreateModuleInfo post-execution cost:1 ms .
[2026-07-30T09:57:00.393] [DEBUG] debug-file - There is no need to refresh cache, since the incremental task entry:default@GenerateMetadata is up-to-date.
[2026-07-30T09:57:00.393] [DEBUG] debug-file - There is no need to refresh cache, since the incremental task entry:default@MergeProfile is up-to-date.
[2026-07-30T09:57:00.393] [DEBUG] debug-file - There is no need to refresh cache, since the incremental task entry:default@CreateBuildProfile is up-to-date.
[2026-07-30T09:57:00.393] [DEBUG] debug-file - There is no need to refresh cache, since the incremental task entry:default@GeneratePkgContextInfo is up-to-date.
[2026-07-30T09:57:00.393] [DEBUG] debug-file - Update task entry:default@GeneratePkgSdkInfo output file:E:\0730\hongmeng2\entry\build\default\intermediates\loader\default\pkgSdkInfo.json cache.
[2026-07-30T09:57:00.393] [DEBUG] debug-file - Incremental task entry:default@GeneratePkgSdkInfo post-execution cost:1 ms .
[2026-07-30T09:57:00.394] [DEBUG] debug-file - Update task entry:default@ProcessIntegratedHsp output file:E:\0730\hongmeng2\build\cache\default\integrated_hsp\integratedHspCache.json cache.
[2026-07-30T09:57:00.394] [DEBUG] debug-file - Incremental task entry:default@ProcessIntegratedHsp post-execution cost:1 ms .
[2026-07-30T09:57:00.394] [DEBUG] debug-file - There is no need to refresh cache, since the incremental task entry:default@MakePackInfo is up-to-date.
[2026-07-30T09:57:00.394] [DEBUG] debug-file - Update task entry:default@SyscapTransform input file:D:\Program Files\DevEco Studio\sdk\default\openharmony\toolchains\syscap_tool.exe cache by regenerate.
[2026-07-30T09:57:00.394] [DEBUG] debug-file - Update task entry:default@SyscapTransform input file:D:\Program Files\DevEco Studio\sdk\default\openharmony\ets\api\device-define cache by regenerate.
[2026-07-30T09:57:00.394] [DEBUG] debug-file - Update task entry:default@SyscapTransform output file:E:\0730\hongmeng2\entry\build\default\intermediates\syscap\default\rpcid.sc cache.
[2026-07-30T09:57:00.394] [DEBUG] debug-file - Incremental task entry:default@SyscapTransform post-execution cost:1 ms .
[2026-07-30T09:57:00.394] [DEBUG] debug-file - There is no need to refresh cache, since the incremental task entry:default@ProcessProfile is up-to-date.
[2026-07-30T09:57:00.394] [DEBUG] debug-file - There is no need to refresh cache, since the incremental task entry:default@ProcessRouterMap is up-to-date.
[2026-07-30T09:57:00.394] [DEBUG] debug-file - There is no need to refresh cache, since the incremental task entry:default@ProcessShareConfig is up-to-date.
[2026-07-30T09:57:00.395] [DEBUG] debug-file - Update task entry:default@ProcessStartupConfig input file:E:\0730\hongmeng2\entry\build\default\intermediates\loader\default\pkgContextInfo.json cache by regenerate.
[2026-07-30T09:57:00.395] [DEBUG] debug-file - Update task entry:default@ProcessStartupConfig output file:E:\0730\hongmeng2\entry\build\default\intermediates\startup\default\startup_config.json cache.
[2026-07-30T09:57:00.395] [DEBUG] debug-file - Incremental task entry:default@ProcessStartupConfig post-execution cost:1 ms .
[2026-07-30T09:57:00.395] [DEBUG] debug-file - There is no need to refresh cache, since the incremental task entry:default@ProcessResource is up-to-date.
[2026-07-30T09:57:00.395] [DEBUG] debug-file - There is no need to refresh cache, since the incremental task entry:default@GenerateLoaderJson is up-to-date.
[2026-07-30T09:57:00.395] [DEBUG] debug-file - There is no need to refresh cache, since the incremental task entry:default@ProcessLibs is up-to-date.
[2026-07-30T09:57:00.395] [DEBUG] debug-file - There is no need to refresh cache, since the incremental task entry:default@CompileResource is up-to-date.
[2026-07-30T09:57:00.395] [DEBUG] debug-file - There is no need to refresh cache, since the incremental task entry:default@DoNativeStrip is up-to-date.
[2026-07-30T09:57:00.395] [DEBUG] debug-file - There is no need to refresh cache, since the incremental task entry:default@CompileArkTS is up-to-date.
[2026-07-30T09:57:00.396] [DEBUG] debug-file - Update task entry:default@BuildJS input file:E:\0730\hongmeng2\entry\build\default\intermediates\loader\default cache by regenerate.
[2026-07-30T09:57:00.396] [DEBUG] debug-file - Update task entry:default@BuildJS input file:E:\0730\hongmeng2\entry\build\default\intermediates\res\default\resources\rawfile cache by regenerate.
[2026-07-30T09:57:00.396] [DEBUG] debug-file - Update task entry:default@BuildJS input file:E:\0730\hongmeng2\entry\build\default\intermediates\res\default\ResourceTable.txt cache by regenerate.
[2026-07-30T09:57:00.396] [DEBUG] debug-file - Update task entry:default@BuildJS input file:E:\0730\hongmeng2\entry\build\default\intermediates\res\default\ark_module.json cache by regenerate.
[2026-07-30T09:57:00.396] [DEBUG] debug-file - Update task entry:default@BuildJS input file:E:\0730\hongmeng2\entry\build\default\intermediates\res\default\resources\base\profile cache by regenerate.
[2026-07-30T09:57:00.397] [DEBUG] debug-file - Update task entry:default@BuildJS input file:E:\0730\hongmeng2\entry\build\default\intermediates\loader\default\pkgContextInfo.json cache by regenerate.
[2026-07-30T09:57:00.397] [DEBUG] debug-file - Update task entry:default@BuildJS output file:E:\0730\hongmeng2\entry\build\default\intermediates\loader_out\default\js cache.
[2026-07-30T09:57:00.397] [DEBUG] debug-file - Incremental task entry:default@BuildJS post-execution cost:2 ms .
[2026-07-30T09:57:00.397] [DEBUG] debug-file - There is no need to refresh cache, since the incremental task entry:default@CacheNativeLibs is up-to-date.
[2026-07-30T09:57:00.397] [DEBUG] debug-file - There is no need to refresh cache, since the incremental task entry:default@GeneratePkgModuleJson is up-to-date.
[2026-07-30T09:57:00.397] [DEBUG] debug-file - Incremental task entry:default@ProcessCompiledResources post-execution cost:1 ms .
[2026-07-30T09:57:00.397] [DEBUG] debug-file - There is no need to refresh cache, since the incremental task entry:default@PackageHap is up-to-date.
[2026-07-30T09:57:00.397] [DEBUG] debug-file - Update task entry:default@SignHap input file:E:\0730\hongmeng2\entry\build\default\outputs\default\entry-default-unsigned.hap cache by regenerate.
[2026-07-30T09:57:00.397] [DEBUG] debug-file - Update task entry:default@SignHap output file:E:\0730\hongmeng2\entry\build\default\outputs\default\entry-default-signed.hap cache.
[2026-07-30T09:57:00.397] [DEBUG] debug-file - Incremental task entry:default@SignHap post-execution cost:1 ms .
[2026-07-30T09:57:00.398] [DEBUG] debug-file - Update task entry:default@CollectDebugSymbol input file:E:\0730\hongmeng2\entry\build\default\intermediates\loader_out\default\ets\sourceMaps.map cache by regenerate.
[2026-07-30T09:57:00.398] [DEBUG] debug-file - Update task entry:default@CollectDebugSymbol input file:E:\0730\hongmeng2\entry\build\default\intermediates\libs\default cache by regenerate.
[2026-07-30T09:57:00.398] [DEBUG] debug-file - Update task entry:default@CollectDebugSymbol output file:E:\0730\hongmeng2\entry\build\default\outputs\default\symbol cache.
[2026-07-30T09:57:00.398] [DEBUG] debug-file - Incremental task entry:default@CollectDebugSymbol post-execution cost:1 ms .
[2026-07-30T09:57:00.415] [DEBUG] debug-file - hvigor build process will be closed.
[2026-07-30T09:57:00.420] [DEBUG] debug-file - session manager: send message to worker process.
[2026-07-30T09:57:00.421] [DEBUG] debug-file - session manager: send message to worker process.
[2026-07-30T09:57:00.421] [DEBUG] debug-file - watch worker: worker id should be larger than 0. Nothing will be sent to any worker thread.
[2026-07-30T09:57:00.421] [DEBUG] debug-file - watch worker: worker id should be larger than 0. Nothing will be sent to any worker thread.
[2026-07-30T10:05:25.900] [DEBUG] debug-file - session manager: set active socket. socketId=5y8rQVNNDp2_-P05AAAF
[2026-07-30T10:05:25.903] [DEBUG] debug-file - watch worker: worker id should be larger than 0. Nothing will be sent to any worker thread.
[2026-07-30T10:05:25.905] [DEBUG] debug-file - Workers' log level updated to INFO
[2026-07-30T10:05:25.907] [DEBUG] debug-file - Hvigor init with startParameters:{
  hvigorfileTypeCheck: false,
  parallelExecution: true,
  incrementalExecution: true,
  printStackTrace: false,
  daemon: true,
  analyze: 0,
  logLevel: Level { level: 20000, levelStr: 'INFO', colour: 'green' },
  optimizationStrategy: 'memory',
  hotCompile: undefined,
  hotReloadBuild: undefined,
  customizedParam: undefined
}
[2026-07-30T10:05:25.913] [DEBUG] debug-file - Cache service initialization finished in 7 ms 
[2026-07-30T10:05:25.914] [DEBUG] debug-file - hvigorfile, resolving E:\0730\hongmeng2\hvigorfile.ts
[2026-07-30T10:05:25.918] [DEBUG] debug-file - hvigorfile, require result:  { default: { plugins: [] } }
[2026-07-30T10:05:25.918] [DEBUG] debug-file - hvigorfile, binding system plugins null
[2026-07-30T10:05:25.919] [DEBUG] debug-file - Starting plugin build process
[2026-07-30T10:05:25.919] [DEBUG] debug-file - App plugin prepare start...
[2026-07-30T10:05:25.919] [DEBUG] debug-file - App plugin prepare end...
[2026-07-30T10:05:25.919] [DEBUG] debug-file - App plugin creating...
[2026-07-30T10:05:25.922] [DEBUG] debug-file - App plugin register hook start...
[2026-07-30T10:05:25.922] [DEBUG] debug-file - App plugin register hook end...
[2026-07-30T10:05:25.922] [DEBUG] debug-file - Plugin build process completed
[2026-07-30T10:05:25.922] [DEBUG] debug-file - Start initialize project's product build option map with build mode debug.
[2026-07-30T10:05:25.922] [DEBUG] debug-file - Picking option from product 'default' with build mode 'debug'.
[2026-07-30T10:05:25.922] [DEBUG] debug-file - Product 'default' build option initialized
[2026-07-30T10:05:25.922] [DEBUG] debug-file - End initialize project's product build option map with build mode 'debug'.
[2026-07-30T10:05:25.923] [DEBUG] debug-file - Obtain build option for product 'default'in this build.
[2026-07-30T10:05:25.924] [DEBUG] debug-file - No signingConfig found, initRemoteHspCache failed.
[2026-07-30T10:05:25.925] [DEBUG] debug-file - Start recording SDK configuration permission data.
[2026-07-30T10:05:25.945] [DEBUG] debug-file - Sdk init in 21 ms 
[2026-07-30T10:05:25.947] [DEBUG] debug-file - Project task initialization takes 2 ms 
[2026-07-30T10:05:25.947] [DEBUG] debug-file - hvigorfile, begin to bind custom plugins...
[2026-07-30T10:05:25.947] [DEBUG] debug-file - hvigorfile, no custom plugins were found in E:\0730\hongmeng2\hvigorfile.ts
[2026-07-30T10:05:25.948] [DEBUG] debug-file - hvigorfile, resolve finished E:\0730\hongmeng2\hvigorfile.ts
[2026-07-30T10:05:25.948] [DEBUG] debug-file - hvigorfile, resolving E:\0730\hongmeng2\entry\hvigorfile.ts
[2026-07-30T10:05:25.950] [DEBUG] debug-file - hvigorfile, require result:  { default: { plugins: [] } }
[2026-07-30T10:05:25.950] [DEBUG] debug-file - hvigorfile, binding system plugins null
[2026-07-30T10:05:25.950] [DEBUG] debug-file - Starting plugin build process
[2026-07-30T10:05:25.951] [DEBUG] debug-file - Hap plugin creating...
[2026-07-30T10:05:25.951] [DEBUG] debug-file - failed to load cangjie to dynamically generate schemas: Error: Cannot find module '@ohos/cangjie-build-support/index'
Require stack:
- D:\Program Files\DevEco Studio\tools\hvigor\hvigor-ohos-plugin\src\plugin\hooks\cangjie-register.js
- D:\Program Files\DevEco Studio\tools\hvigor\hvigor-ohos-plugin\src\plugin\strategy\stage-init-strategy.js
- D:\Program Files\DevEco Studio\tools\hvigor\hvigor-ohos-plugin\src\plugin\builder\abstract-plugin-builder.js
- D:\Program Files\DevEco Studio\tools\hvigor\hvigor-ohos-plugin\src\plugin\builder\app-plugin-builder.js
- D:\Program Files\DevEco Studio\tools\hvigor\hvigor-ohos-plugin\src\plugin\factory\plugin-factory.js
- D:\Program Files\DevEco Studio\tools\hvigor\hvigor-ohos-plugin\index.js
- E:\0730\hongmeng2\hvigorfile.ts
- D:\Program Files\DevEco Studio\tools\hvigor\hvigor\src\base\internal\lifecycle\configuration.js
- D:\Program Files\DevEco Studio\tools\hvigor\hvigor\src\base\boot\index.js
- D:\Program Files\DevEco Studio\tools\hvigor\hvigor\src\base\daemon\cluster\worker-process-lifecycle.js
- D:\Program Files\DevEco Studio\tools\hvigor\hvigor\src\base\daemon\process\daemon-process-boot-script.js
[2026-07-30T10:05:25.952] [DEBUG] debug-file - Start initialize module-target build option map, moduleName=entry, buildMode=debug
[2026-07-30T10:05:25.952] [DEBUG] debug-file - Target 'default' config initialized
[2026-07-30T10:05:25.953] [DEBUG] debug-file - Target 'ohosTest' config initialized
[2026-07-30T10:05:25.953] [DEBUG] debug-file - Module 'entry' target 'default' build option initialized
[2026-07-30T10:05:25.953] [DEBUG] debug-file - Module 'entry' target 'ohosTest' build option initialized
[2026-07-30T10:05:25.953] [DEBUG] debug-file - End initialize module-target build option map, moduleName=entry
[2026-07-30T10:05:25.953] [DEBUG] debug-file - Start initialize module-target build option map, moduleName=entry, buildMode=release
[2026-07-30T10:05:25.953] [DEBUG] debug-file - Target 'default' config initialized
[2026-07-30T10:05:25.953] [DEBUG] debug-file - Target 'ohosTest' config initialized
[2026-07-30T10:05:25.953] [DEBUG] debug-file - Module 'entry' target 'default' build option initialized
[2026-07-30T10:05:25.953] [DEBUG] debug-file - Module 'entry' target 'ohosTest' build option initialized
[2026-07-30T10:05:25.953] [DEBUG] debug-file - End initialize module-target build option map, moduleName=entry
[2026-07-30T10:05:25.953] [DEBUG] debug-file - Start initialize module-target build option map, moduleName=entry, buildMode=debug
[2026-07-30T10:05:25.954] [DEBUG] debug-file - Target 'default' config initialized
[2026-07-30T10:05:25.954] [DEBUG] debug-file - Target 'ohosTest' config initialized
[2026-07-30T10:05:25.954] [DEBUG] debug-file - Module 'entry' target 'default' build option initialized
[2026-07-30T10:05:25.954] [DEBUG] debug-file - Module 'entry' target 'ohosTest' build option initialized
[2026-07-30T10:05:25.954] [DEBUG] debug-file - End initialize module-target build option map, moduleName=entry
[2026-07-30T10:05:25.954] [DEBUG] debug-file - Obtain build option for module 'entry' target 'default'in this build.
[2026-07-30T10:05:25.955] [DEBUG] debug-file - Module entry task initialization takes 1 ms 
[2026-07-30T10:05:25.955] [DEBUG] debug-file - Hap plugin register hook start...
[2026-07-30T10:05:25.955] [DEBUG] debug-file - Hap plugin register hook end...
[2026-07-30T10:05:25.955] [DEBUG] debug-file - Plugin build process completed
[2026-07-30T10:05:25.955] [DEBUG] debug-file - hvigorfile, begin to bind custom plugins...
[2026-07-30T10:05:25.955] [DEBUG] debug-file - hvigorfile, no custom plugins were found in E:\0730\hongmeng2\entry\hvigorfile.ts
[2026-07-30T10:05:25.955] [DEBUG] debug-file - hvigorfile, resolve finished E:\0730\hongmeng2\entry\hvigorfile.ts
[2026-07-30T10:05:25.968] [DEBUG] debug-file - hvigorfile, resolve hvigorfile dependencies in 14 ms 
[2026-07-30T10:05:25.968] [DEBUG] debug-file - project has submodules:entry
[2026-07-30T10:05:25.969] [DEBUG] debug-file - start to load updatedOhPackageInfo to the disk
[2026-07-30T10:05:25.970] [DEBUG] debug-file - load to the disk finished
[2026-07-30T10:05:25.970] [DEBUG] debug-file - Start to initialize dependency information.
[2026-07-30T10:05:25.972] [DEBUG] debug-file - Module hongmeng2 Collected Dependency: 
[2026-07-30T10:05:25.972] [DEBUG] debug-file - Module hongmeng2's total dependency: 0
[2026-07-30T10:05:25.972] [DEBUG] debug-file - Start to initialize dependency information.
[2026-07-30T10:05:25.973] [DEBUG] debug-file - Module entry Collected Dependency: 
[2026-07-30T10:05:25.973] [DEBUG] debug-file - Module entry's total dependency: 0
[2026-07-30T10:05:25.974] [DEBUG] debug-file - Configuration phase cost:61 ms 
[2026-07-30T10:05:25.974] [DEBUG] debug-file - Configuration task cost before running: 69 ms 
[2026-07-30T10:05:25.976] [DEBUG] debug-file - Executing task :entry:default@PreBuild
[2026-07-30T10:05:25.978] [DEBUG] debug-file - Task 'entry:default@PreBuild' cost while wrapping incremental declarations: 1 ms 
[2026-07-30T10:05:25.980] [DEBUG] debug-file - entry:default@PreBuild is not up-to-date, since the task snapshots are different.
[2026-07-30T10:05:25.981] [DEBUG] debug-file - Incremental task entry:default@PreBuild pre-execution cost: 2 ms .
[2026-07-30T10:05:25.984] [DEBUG] debug-file - current product is not Atomic service.
[2026-07-30T10:05:25.984] [DEBUG] debug-file - Use tool [win32: JAVA_HOME, CLASSPATH]
 [
  { JAVA_HOME: 'D:\\Program Files\\DevEco Studio\\jbr' },
  {
    CLASSPATH: '.;D:\\Program Files\\jdk17\\lib\\dt.jar;D:\\Program Files\\jdk17\\lib\\tools.jar'
  }
]
[2026-07-30T10:05:25.984] [DEBUG] debug-file - Use tool [win32: NODE_HOME]
 [ { NODE_HOME: 'D:\\Program Files\\DevEco Studio\\tools\\node' } ]
[2026-07-30T10:05:25.984] [DEBUG] debug-file - entry : default@PreBuild cost memory -0.5703506469726562
[2026-07-30T10:05:25.984] [DEBUG] debug-file - runTaskFromQueue task cost before running: 79 ms 
[2026-07-30T10:05:25.985] [INFO] debug-file - Finished :entry:default@PreBuild... after 9 ms 
[2026-07-30T10:05:25.986] [DEBUG] debug-file - Executing task :entry:default@CreateModuleInfo
[2026-07-30T10:05:25.986] [DEBUG] debug-file - Task 'entry:default@CreateModuleInfo' cost while wrapping incremental declarations: 1 ms 
[2026-07-30T10:05:25.986] [DEBUG] debug-file - entry : default@CreateModuleInfo cost memory 0.04126739501953125
[2026-07-30T10:05:25.986] [DEBUG] debug-file - runTaskFromQueue task cost before running: 81 ms 
[2026-07-30T10:05:25.986] [INFO] debug-file - Finished :entry:default@CreateModuleInfo... after 1 ms 
[2026-07-30T10:05:25.987] [DEBUG] debug-file - Executing task :entry:default@GenerateMetadata
[2026-07-30T10:05:25.987] [DEBUG] debug-file - Task 'entry:default@GenerateMetadata' cost while wrapping incremental declarations: 1 ms 
[2026-07-30T10:05:25.988] [DEBUG] debug-file - Incremental task entry:default@GenerateMetadata pre-execution cost: 1 ms .
[2026-07-30T10:05:25.988] [DEBUG] debug-file - entry : default@GenerateMetadata cost memory 0.08358001708984375
[2026-07-30T10:05:25.988] [INFO] debug-file - UP-TO-DATE :entry:default@GenerateMetadata...  
[2026-07-30T10:05:25.988] [DEBUG] debug-file - Executing task :entry:default@ConfigureCmake
[2026-07-30T10:05:25.988] [DEBUG] debug-file - entry : default@ConfigureCmake cost memory 0.01446533203125
[2026-07-30T10:05:25.988] [DEBUG] debug-file - runTaskFromQueue task cost before running: 83 ms 
[2026-07-30T10:05:25.988] [INFO] debug-file - Finished :entry:default@ConfigureCmake... after 1 ms 
[2026-07-30T10:05:25.989] [DEBUG] debug-file - Executing task :entry:default@MergeProfile
[2026-07-30T10:05:25.989] [DEBUG] debug-file - Task 'entry:default@MergeProfile' cost while wrapping incremental declarations: 1 ms 
[2026-07-30T10:05:25.989] [DEBUG] debug-file - Incremental task entry:default@MergeProfile pre-execution cost: 1 ms .
[2026-07-30T10:05:25.989] [DEBUG] debug-file - entry : default@MergeProfile cost memory 0.125
[2026-07-30T10:05:25.990] [INFO] debug-file - UP-TO-DATE :entry:default@MergeProfile...  
[2026-07-30T10:05:25.990] [DEBUG] debug-file - Executing task :entry:default@CreateBuildProfile
[2026-07-30T10:05:25.990] [DEBUG] debug-file - Task 'entry:default@CreateBuildProfile' cost while wrapping incremental declarations: 1 ms 
[2026-07-30T10:05:25.991] [DEBUG] debug-file - Incremental task entry:default@CreateBuildProfile pre-execution cost: 1 ms .
[2026-07-30T10:05:25.991] [DEBUG] debug-file - entry : default@CreateBuildProfile cost memory 0.1038818359375
[2026-07-30T10:05:25.991] [INFO] debug-file - UP-TO-DATE :entry:default@CreateBuildProfile...  
[2026-07-30T10:05:25.991] [DEBUG] debug-file - Executing task :entry:default@PreCheckSyscap
[2026-07-30T10:05:25.992] [DEBUG] debug-file - entry : default@PreCheckSyscap cost memory 0.01468658447265625
[2026-07-30T10:05:25.992] [DEBUG] debug-file - runTaskFromQueue task cost before running: 87 ms 
[2026-07-30T10:05:25.992] [INFO] debug-file - Finished :entry:default@PreCheckSyscap... after 1 ms 
[2026-07-30T10:05:25.992] [DEBUG] debug-file - Executing task :entry:default@GeneratePkgContextInfo
[2026-07-30T10:05:25.994] [DEBUG] debug-file - Task 'entry:default@GeneratePkgContextInfo' cost while wrapping incremental declarations: 1 ms 
[2026-07-30T10:05:25.995] [DEBUG] debug-file - Incremental task entry:default@GeneratePkgContextInfo pre-execution cost: 1 ms .
[2026-07-30T10:05:25.995] [DEBUG] debug-file - entry : default@GeneratePkgContextInfo cost memory -1.451019287109375
[2026-07-30T10:05:25.995] [INFO] debug-file - UP-TO-DATE :entry:default@GeneratePkgContextInfo...  
[2026-07-30T10:05:25.995] [DEBUG] debug-file - Executing task :entry:default@GeneratePkgSdkInfo
[2026-07-30T10:05:25.996] [DEBUG] debug-file - Task 'entry:default@GeneratePkgSdkInfo' cost while wrapping incremental declarations: 1 ms 
[2026-07-30T10:05:25.996] [DEBUG] debug-file - entry : default@GeneratePkgSdkInfo cost memory 0.119476318359375
[2026-07-30T10:05:25.996] [DEBUG] debug-file - runTaskFromQueue task cost before running: 91 ms 
[2026-07-30T10:05:25.996] [INFO] debug-file - Finished :entry:default@GeneratePkgSdkInfo... after 2 ms 
[2026-07-30T10:05:25.998] [DEBUG] debug-file - Executing task :entry:default@ProcessIntegratedHsp
[2026-07-30T10:05:25.998] [DEBUG] debug-file - entry:default@ProcessIntegratedHsp is not up-to-date, since the output file 'E:\0730\hongmeng2\build\cache\default\integrated_hsp\integratedHspCache.json' does not exist.
[2026-07-30T10:05:25.998] [DEBUG] debug-file - Incremental task entry:default@ProcessIntegratedHsp pre-execution cost: 1 ms .
[2026-07-30T10:05:25.998] [DEBUG] debug-file - entry : default@ProcessIntegratedHsp cost memory 0.122802734375
[2026-07-30T10:05:25.998] [DEBUG] debug-file - runTaskFromQueue task cost before running: 93 ms 
[2026-07-30T10:05:25.998] [INFO] debug-file - Finished :entry:default@ProcessIntegratedHsp... after 1 ms 
[2026-07-30T10:05:25.999] [DEBUG] debug-file - Executing task :entry:default@BuildNativeWithCmake
[2026-07-30T10:05:25.999] [DEBUG] debug-file - entry : default@BuildNativeWithCmake cost memory 0.0144805908203125
[2026-07-30T10:05:25.999] [DEBUG] debug-file - runTaskFromQueue task cost before running: 94 ms 
[2026-07-30T10:05:25.999] [INFO] debug-file - Finished :entry:default@BuildNativeWithCmake... after 1 ms 
[2026-07-30T10:05:25.999] [DEBUG] debug-file - Executing task :entry:default@MakePackInfo
[2026-07-30T10:05:26.001] [DEBUG] debug-file - Incremental task entry:default@MakePackInfo pre-execution cost: 1 ms .
[2026-07-30T10:05:26.001] [DEBUG] debug-file - entry : default@MakePackInfo cost memory 0.12760162353515625
[2026-07-30T10:05:26.001] [INFO] debug-file - UP-TO-DATE :entry:default@MakePackInfo...  
[2026-07-30T10:05:26.001] [DEBUG] debug-file - Executing task :entry:default@SyscapTransform
[2026-07-30T10:05:26.001] [DEBUG] debug-file - File: 'E:\0730\hongmeng2\entry\src\main\syscap.json' from 'sysCapJsonPath' is not exists, just ignore.
[2026-07-30T10:05:26.002] [DEBUG] debug-file - Task 'entry:default@SyscapTransform' cost while wrapping incremental declarations: 1 ms 
[2026-07-30T10:05:26.002] [DEBUG] debug-file - entry:default@SyscapTransform is not up-to-date, since the output file 'E:\0730\hongmeng2\entry\build\default\intermediates\syscap\default\rpcid.sc' does not exist.
[2026-07-30T10:05:26.003] [DEBUG] debug-file - Incremental task entry:default@SyscapTransform pre-execution cost: 1 ms .
[2026-07-30T10:05:26.003] [DEBUG] debug-file - entry : default@SyscapTransform cost memory 0.15346527099609375
[2026-07-30T10:05:26.003] [DEBUG] debug-file - runTaskFromQueue task cost before running: 98 ms 
[2026-07-30T10:05:26.003] [INFO] debug-file - Finished :entry:default@SyscapTransform... after 2 ms 
[2026-07-30T10:05:26.003] [DEBUG] debug-file - Executing task :entry:default@ProcessProfile
[2026-07-30T10:05:26.004] [DEBUG] debug-file - Task 'entry:default@ProcessProfile' cost while wrapping incremental declarations: 1 ms 
[2026-07-30T10:05:26.004] [DEBUG] debug-file - Incremental task entry:default@ProcessProfile pre-execution cost: 1 ms .
[2026-07-30T10:05:26.004] [DEBUG] debug-file - entry : default@ProcessProfile cost memory 0.13256072998046875
[2026-07-30T10:05:26.004] [INFO] debug-file - UP-TO-DATE :entry:default@ProcessProfile...  
[2026-07-30T10:05:26.005] [DEBUG] debug-file - Executing task :entry:default@ProcessRouterMap
[2026-07-30T10:05:26.006] [DEBUG] debug-file - Incremental task entry:default@ProcessRouterMap pre-execution cost: 1 ms .
[2026-07-30T10:05:26.006] [DEBUG] debug-file - entry : default@ProcessRouterMap cost memory 0.15392303466796875
[2026-07-30T10:05:26.006] [INFO] debug-file - UP-TO-DATE :entry:default@ProcessRouterMap...  
[2026-07-30T10:05:26.007] [DEBUG] debug-file - Executing task :entry:default@ProcessShareConfig
[2026-07-30T10:05:26.008] [DEBUG] debug-file - Incremental task entry:default@ProcessShareConfig pre-execution cost: 1 ms .
[2026-07-30T10:05:26.008] [DEBUG] debug-file - entry : default@ProcessShareConfig cost memory 0.1302642822265625
[2026-07-30T10:05:26.008] [INFO] debug-file - UP-TO-DATE :entry:default@ProcessShareConfig...  
[2026-07-30T10:05:26.009] [DEBUG] debug-file - Executing task :entry:default@ProcessStartupConfig
[2026-07-30T10:05:26.009] [DEBUG] debug-file - Task 'entry:default@ProcessStartupConfig' cost while wrapping incremental declarations: 1 ms 
[2026-07-30T10:05:26.009] [DEBUG] debug-file - entry:default@ProcessStartupConfig is not up-to-date, since the output file 'E:\0730\hongmeng2\entry\build\default\intermediates\startup\default\startup_config.json' does not exist.
[2026-07-30T10:05:26.009] [DEBUG] debug-file - Incremental task entry:default@ProcessStartupConfig pre-execution cost: 1 ms .
[2026-07-30T10:05:26.009] [DEBUG] debug-file - entry : default@ProcessStartupConfig cost memory 0.1297149658203125
[2026-07-30T10:05:26.009] [DEBUG] debug-file - runTaskFromQueue task cost before running: 104 ms 
[2026-07-30T10:05:26.010] [INFO] debug-file - Finished :entry:default@ProcessStartupConfig... after 1 ms 
[2026-07-30T10:05:26.010] [DEBUG] debug-file - Executing task :entry:default@BuildNativeWithNinja
[2026-07-30T10:05:26.010] [DEBUG] debug-file - entry : default@BuildNativeWithNinja cost memory 0.0200042724609375
[2026-07-30T10:05:26.010] [DEBUG] debug-file - runTaskFromQueue task cost before running: 105 ms 
[2026-07-30T10:05:26.010] [INFO] debug-file - Finished :entry:default@BuildNativeWithNinja... after 1 ms 
[2026-07-30T10:05:26.012] [DEBUG] debug-file - restool module names: entry; moduleName=entry, taskName=default@ProcessResource
[2026-07-30T10:05:26.013] [DEBUG] debug-file - Executing task :entry:default@ProcessResource
[2026-07-30T10:05:26.013] [DEBUG] debug-file - Task 'entry:default@ProcessResource' cost while wrapping incremental declarations: 1 ms 
[2026-07-30T10:05:26.013] [DEBUG] debug-file - Incremental task entry:default@ProcessResource pre-execution cost: 1 ms .
[2026-07-30T10:05:26.013] [DEBUG] debug-file - entry : default@ProcessResource cost memory 0.1305084228515625
[2026-07-30T10:05:26.014] [INFO] debug-file - UP-TO-DATE :entry:default@ProcessResource...  
[2026-07-30T10:05:26.015] [DEBUG] debug-file - Executing task :entry:default@GenerateLoaderJson
[2026-07-30T10:05:26.015] [DEBUG] debug-file - Task 'entry:default@GenerateLoaderJson' cost while wrapping incremental declarations: 1 ms 
[2026-07-30T10:05:26.018] [DEBUG] debug-file - Incremental task entry:default@GenerateLoaderJson pre-execution cost: 2 ms .
[2026-07-30T10:05:26.019] [DEBUG] debug-file - entry : default@GenerateLoaderJson cost memory 0.46895599365234375
[2026-07-30T10:05:26.020] [INFO] debug-file - UP-TO-DATE :entry:default@GenerateLoaderJson...  
[2026-07-30T10:05:26.021] [DEBUG] debug-file - Executing task :entry:default@ProcessLibs
[2026-07-30T10:05:26.021] [DEBUG] debug-file - Incremental task entry:default@ProcessLibs pre-execution cost: 1 ms .
[2026-07-30T10:05:26.021] [DEBUG] debug-file - entry : default@ProcessLibs cost memory 0.0966796875
[2026-07-30T10:05:26.022] [INFO] debug-file - UP-TO-DATE :entry:default@ProcessLibs...  
[2026-07-30T10:05:26.022] [DEBUG] debug-file - restool module names: entry; moduleName=entry, taskName=default@CompileResource
[2026-07-30T10:05:26.022] [DEBUG] debug-file - Executing task :entry:default@CompileResource
[2026-07-30T10:05:26.026] [DEBUG] debug-file - Incremental task entry:default@CompileResource pre-execution cost: 4 ms .
[2026-07-30T10:05:26.026] [DEBUG] debug-file - entry : default@CompileResource cost memory 0.9041976928710938
[2026-07-30T10:05:26.027] [INFO] debug-file - UP-TO-DATE :entry:default@CompileResource...  
[2026-07-30T10:05:26.027] [DEBUG] debug-file - Executing task :entry:default@DoNativeStrip
[2026-07-30T10:05:26.027] [DEBUG] debug-file - File: 'E:\0730\hongmeng2\entry\build\default\intermediates\binxo\default' from 'doBinxoNativeLibs' is not exists, just ignore.
[2026-07-30T10:05:26.028] [DEBUG] debug-file - Task 'entry:default@DoNativeStrip' cost while wrapping incremental declarations: 1 ms 
[2026-07-30T10:05:26.028] [DEBUG] debug-file - Incremental task entry:default@DoNativeStrip pre-execution cost: 1 ms .
[2026-07-30T10:05:26.028] [DEBUG] debug-file - entry : default@DoNativeStrip cost memory 0.092926025390625
[2026-07-30T10:05:26.028] [INFO] debug-file - UP-TO-DATE :entry:default@DoNativeStrip...  
[2026-07-30T10:05:26.029] [DEBUG] debug-file - Executing task :entry:default@CompileArkTS
[2026-07-30T10:05:26.029] [DEBUG] debug-file - obfuscationOptions: undefined
[2026-07-30T10:05:26.029] [DEBUG] debug-file - Task 'entry:default@CompileArkTS' cost while wrapping incremental declarations: 1 ms 
[2026-07-30T10:05:26.033] [DEBUG] debug-file - Incremental task entry:default@CompileArkTS pre-execution cost: 4 ms .
[2026-07-30T10:05:26.033] [DEBUG] debug-file - entry : default@CompileArkTS cost memory -1.1784515380859375
[2026-07-30T10:05:26.035] [INFO] debug-file - UP-TO-DATE :entry:default@CompileArkTS...  
[2026-07-30T10:05:26.035] [DEBUG] debug-file - Executing task :entry:default@BuildJS
[2026-07-30T10:05:26.035] [DEBUG] debug-file - Task 'entry:default@BuildJS' cost while wrapping incremental declarations: 1 ms 
[2026-07-30T10:05:26.036] [DEBUG] debug-file - entry : default@BuildJS cost memory 0.15113067626953125
[2026-07-30T10:05:26.036] [DEBUG] debug-file - runTaskFromQueue task cost before running: 131 ms 
[2026-07-30T10:05:26.036] [INFO] debug-file - Finished :entry:default@BuildJS... after 2 ms 
[2026-07-30T10:05:26.037] [DEBUG] debug-file - Executing task :entry:default@CacheNativeLibs
[2026-07-30T10:05:26.037] [DEBUG] debug-file - File: 'E:\0730\hongmeng2\entry\build\default\intermediates\binxo\default' from 'cacheBinxoNativeLibs' is not exists, just ignore.
[2026-07-30T10:05:26.037] [DEBUG] debug-file - Task 'entry:default@CacheNativeLibs' cost while wrapping incremental declarations: 1 ms 
[2026-07-30T10:05:26.038] [DEBUG] debug-file - Incremental task entry:default@CacheNativeLibs pre-execution cost: 1 ms .
[2026-07-30T10:05:26.038] [DEBUG] debug-file - entry : default@CacheNativeLibs cost memory 0.11962127685546875
[2026-07-30T10:05:26.038] [INFO] debug-file - UP-TO-DATE :entry:default@CacheNativeLibs...  
[2026-07-30T10:05:26.038] [DEBUG] debug-file - Executing task :entry:default@GeneratePkgModuleJson
[2026-07-30T10:05:26.038] [DEBUG] debug-file - File: 'E:\0730\hongmeng2\entry\build\default\intermediates\preload\default\preload.json' from 'preloadSoJsonPath' is not exists, just ignore.
[2026-07-30T10:05:26.039] [DEBUG] debug-file - Error occurs while handling @Input 'shouldDeduplicateHar': The "data" argument must be of type string or an instance of Buffer, TypedArray, or DataView. Received undefined
[2026-07-30T10:05:26.039] [DEBUG] debug-file - Task 'entry:default@GeneratePkgModuleJson' cost while wrapping incremental declarations: 1 ms 
[2026-07-30T10:05:26.039] [DEBUG] debug-file - Incremental task entry:default@GeneratePkgModuleJson pre-execution cost: 1 ms .
[2026-07-30T10:05:26.039] [DEBUG] debug-file - entry : default@GeneratePkgModuleJson cost memory 0.10332489013671875
[2026-07-30T10:05:26.039] [INFO] debug-file - UP-TO-DATE :entry:default@GeneratePkgModuleJson...  
[2026-07-30T10:05:26.039] [DEBUG] debug-file - Executing task :entry:default@ProcessCompiledResources
[2026-07-30T10:05:26.039] [DEBUG] debug-file - File: 'E:\0730\hongmeng2\entry\build\default\intermediates\preload\default\preload.json' from 'preloadSoJsonPath' is not exists, just ignore.
[2026-07-30T10:05:26.039] [DEBUG] debug-file - Task 'entry:default@ProcessCompiledResources' cost while wrapping incremental declarations: 1 ms 
[2026-07-30T10:05:26.040] [DEBUG] debug-file - entry : default@ProcessCompiledResources cost memory 0.056610107421875
[2026-07-30T10:05:26.040] [DEBUG] debug-file - runTaskFromQueue task cost before running: 135 ms 
[2026-07-30T10:05:26.040] [INFO] debug-file - Finished :entry:default@ProcessCompiledResources... after 1 ms 
[2026-07-30T10:05:26.041] [DEBUG] debug-file - Executing task :entry:default@PackageHap
[2026-07-30T10:05:26.043] [DEBUG] debug-file - Incremental task entry:default@PackageHap pre-execution cost: 3 ms .
[2026-07-30T10:05:26.043] [DEBUG] debug-file - entry : default@PackageHap cost memory 0.43653106689453125
[2026-07-30T10:05:26.044] [INFO] debug-file - UP-TO-DATE :entry:default@PackageHap...  
[2026-07-30T10:05:26.044] [DEBUG] debug-file - Executing task :entry:default@PackingCheck
[2026-07-30T10:05:26.046] [DEBUG] debug-file - entry : default@PackingCheck cost memory -1.4225845336914062
[2026-07-30T10:05:26.047] [DEBUG] debug-file - runTaskFromQueue task cost before running: 142 ms 
[2026-07-30T10:05:26.047] [INFO] debug-file - Finished :entry:default@PackingCheck... after 3 ms 
[2026-07-30T10:05:26.047] [DEBUG] debug-file - Executing task :entry:default@SignHap
[2026-07-30T10:05:26.047] [WARN] debug-file - Will skip sign 'hos_hap'. No signingConfigs profile is configured in current project.
             If needed, configure the signingConfigs in E:\0730\hongmeng2\build-profile.json5.
[2026-07-30T10:05:26.048] [DEBUG] debug-file - entry:default@SignHap is not up-to-date, since the output file 'E:\0730\hongmeng2\entry\build\default\outputs\default\entry-default-signed.hap' does not exist.
[2026-07-30T10:05:26.048] [DEBUG] debug-file - Incremental task entry:default@SignHap pre-execution cost: 1 ms .
[2026-07-30T10:05:26.048] [DEBUG] debug-file - entry : default@SignHap cost memory 0.0898284912109375
[2026-07-30T10:05:26.048] [DEBUG] debug-file - runTaskFromQueue task cost before running: 143 ms 
[2026-07-30T10:05:26.048] [INFO] debug-file - Finished :entry:default@SignHap... after 1 ms 
[2026-07-30T10:05:26.049] [DEBUG] debug-file - Executing task :entry:default@CollectDebugSymbol
[2026-07-30T10:05:26.049] [DEBUG] debug-file - entry : default@CollectDebugSymbol cost memory 0.08196258544921875
[2026-07-30T10:05:26.049] [DEBUG] debug-file - runTaskFromQueue task cost before running: 144 ms 
[2026-07-30T10:05:26.049] [INFO] debug-file - Finished :entry:default@CollectDebugSymbol... after 1 ms 
[2026-07-30T10:05:26.049] [DEBUG] debug-file - Executing task :entry:assembleHap
[2026-07-30T10:05:26.049] [DEBUG] debug-file - entry : assembleHap cost memory 0.012725830078125
[2026-07-30T10:05:26.049] [DEBUG] debug-file - runTaskFromQueue task cost before running: 144 ms 
[2026-07-30T10:05:26.050] [INFO] debug-file - Finished :entry:assembleHap... after 1 ms 
[2026-07-30T10:05:26.057] [INFO] debug-file - BUILD SUCCESSFUL in 152 ms 
[2026-07-30T10:05:26.057] [DEBUG] debug-file - Update task entry:default@PreBuild input file:E:\0730\hongmeng2\AppScope\app.json5 cache by regenerate.
[2026-07-30T10:05:26.058] [DEBUG] debug-file - Update task entry:default@PreBuild input file:E:\0730\hongmeng2\entry\src\main\module.json5 cache by regenerate.
[2026-07-30T10:05:26.058] [DEBUG] debug-file - Update task entry:default@PreBuild input file:E:\0730\hongmeng2\build-profile.json5 cache by regenerate.
[2026-07-30T10:05:26.058] [DEBUG] debug-file - Update task entry:default@PreBuild input file:E:\0730\hongmeng2\entry\build-profile.json5 cache by regenerate.
[2026-07-30T10:05:26.058] [DEBUG] debug-file - Update task entry:default@PreBuild input file:E:\0730\hongmeng2\entry\src\main\resources\base\profile\main_pages.json cache by regenerate.
[2026-07-30T10:05:26.058] [DEBUG] debug-file - Update task entry:default@PreBuild input file:E:\0730\hongmeng2\hvigor\hvigor-config.json5 cache by regenerate.
[2026-07-30T10:05:26.058] [DEBUG] debug-file - Update task entry:default@PreBuild input file:E:\0730\hongmeng2\entry\src\mock\mock-config.json5 cache by regenerate.
[2026-07-30T10:05:26.058] [DEBUG] debug-file - Update task entry:default@PreBuild input file:E:\0730\hongmeng2\entry\oh-package.json5 cache by regenerate.
[2026-07-30T10:05:26.058] [DEBUG] debug-file - Update task entry:default@PreBuild input file:E:\0730\hongmeng2\oh-package.json5 cache by regenerate.
[2026-07-30T10:05:26.058] [DEBUG] debug-file - Incremental task entry:default@PreBuild post-execution cost:2 ms .
[2026-07-30T10:05:26.059] [DEBUG] debug-file - Update task entry:default@CreateModuleInfo output file:E:\0730\hongmeng2\entry\build\default\generated\profile\default\ModuleInfo.ts cache.
[2026-07-30T10:05:26.059] [DEBUG] debug-file - Incremental task entry:default@CreateModuleInfo post-execution cost:1 ms .
[2026-07-30T10:05:26.059] [DEBUG] debug-file - There is no need to refresh cache, since the incremental task entry:default@GenerateMetadata is up-to-date.
[2026-07-30T10:05:26.059] [DEBUG] debug-file - There is no need to refresh cache, since the incremental task entry:default@MergeProfile is up-to-date.
[2026-07-30T10:05:26.059] [DEBUG] debug-file - There is no need to refresh cache, since the incremental task entry:default@CreateBuildProfile is up-to-date.
[2026-07-30T10:05:26.059] [DEBUG] debug-file - There is no need to refresh cache, since the incremental task entry:default@GeneratePkgContextInfo is up-to-date.
[2026-07-30T10:05:26.059] [DEBUG] debug-file - Update task entry:default@GeneratePkgSdkInfo output file:E:\0730\hongmeng2\entry\build\default\intermediates\loader\default\pkgSdkInfo.json cache.
[2026-07-30T10:05:26.059] [DEBUG] debug-file - Incremental task entry:default@GeneratePkgSdkInfo post-execution cost:1 ms .
[2026-07-30T10:05:26.059] [DEBUG] debug-file - Update task entry:default@ProcessIntegratedHsp output file:E:\0730\hongmeng2\build\cache\default\integrated_hsp\integratedHspCache.json cache.
[2026-07-30T10:05:26.059] [DEBUG] debug-file - Incremental task entry:default@ProcessIntegratedHsp post-execution cost:1 ms .
[2026-07-30T10:05:26.059] [DEBUG] debug-file - There is no need to refresh cache, since the incremental task entry:default@MakePackInfo is up-to-date.
[2026-07-30T10:05:26.059] [DEBUG] debug-file - Update task entry:default@SyscapTransform input file:D:\Program Files\DevEco Studio\sdk\default\openharmony\toolchains\syscap_tool.exe cache by regenerate.
[2026-07-30T10:05:26.060] [DEBUG] debug-file - Update task entry:default@SyscapTransform input file:D:\Program Files\DevEco Studio\sdk\default\openharmony\ets\api\device-define cache by regenerate.
[2026-07-30T10:05:26.060] [DEBUG] debug-file - Update task entry:default@SyscapTransform output file:E:\0730\hongmeng2\entry\build\default\intermediates\syscap\default\rpcid.sc cache.
[2026-07-30T10:05:26.060] [DEBUG] debug-file - Incremental task entry:default@SyscapTransform post-execution cost:1 ms .
[2026-07-30T10:05:26.060] [DEBUG] debug-file - There is no need to refresh cache, since the incremental task entry:default@ProcessProfile is up-to-date.
[2026-07-30T10:05:26.060] [DEBUG] debug-file - There is no need to refresh cache, since the incremental task entry:default@ProcessRouterMap is up-to-date.
[2026-07-30T10:05:26.060] [DEBUG] debug-file - There is no need to refresh cache, since the incremental task entry:default@ProcessShareConfig is up-to-date.
[2026-07-30T10:05:26.061] [DEBUG] debug-file - Update task entry:default@ProcessStartupConfig input file:E:\0730\hongmeng2\entry\build\default\intermediates\loader\default\pkgContextInfo.json cache by regenerate.
[2026-07-30T10:05:26.061] [DEBUG] debug-file - Update task entry:default@ProcessStartupConfig output file:E:\0730\hongmeng2\entry\build\default\intermediates\startup\default\startup_config.json cache.
[2026-07-30T10:05:26.061] [DEBUG] debug-file - Incremental task entry:default@ProcessStartupConfig post-execution cost:1 ms .
[2026-07-30T10:05:26.061] [DEBUG] debug-file - There is no need to refresh cache, since the incremental task entry:default@ProcessResource is up-to-date.
[2026-07-30T10:05:26.061] [DEBUG] debug-file - There is no need to refresh cache, since the incremental task entry:default@GenerateLoaderJson is up-to-date.
[2026-07-30T10:05:26.061] [DEBUG] debug-file - There is no need to refresh cache, since the incremental task entry:default@ProcessLibs is up-to-date.
[2026-07-30T10:05:26.061] [DEBUG] debug-file - There is no need to refresh cache, since the incremental task entry:default@CompileResource is up-to-date.
[2026-07-30T10:05:26.061] [DEBUG] debug-file - There is no need to refresh cache, since the incremental task entry:default@DoNativeStrip is up-to-date.
[2026-07-30T10:05:26.061] [DEBUG] debug-file - There is no need to refresh cache, since the incremental task entry:default@CompileArkTS is up-to-date.
[2026-07-30T10:05:26.062] [DEBUG] debug-file - Update task entry:default@BuildJS input file:E:\0730\hongmeng2\entry\build\default\intermediates\loader\default cache by regenerate.
[2026-07-30T10:05:26.062] [DEBUG] debug-file - Update task entry:default@BuildJS input file:E:\0730\hongmeng2\entry\build\default\intermediates\res\default\resources\rawfile cache by regenerate.
[2026-07-30T10:05:26.062] [DEBUG] debug-file - Update task entry:default@BuildJS input file:E:\0730\hongmeng2\entry\build\default\intermediates\res\default\ResourceTable.txt cache by regenerate.
[2026-07-30T10:05:26.062] [DEBUG] debug-file - Update task entry:default@BuildJS input file:E:\0730\hongmeng2\entry\build\default\intermediates\res\default\ark_module.json cache by regenerate.
[2026-07-30T10:05:26.062] [DEBUG] debug-file - Update task entry:default@BuildJS input file:E:\0730\hongmeng2\entry\build\default\intermediates\res\default\resources\base\profile cache by regenerate.
[2026-07-30T10:05:26.063] [DEBUG] debug-file - Update task entry:default@BuildJS input file:E:\0730\hongmeng2\entry\build\default\intermediates\loader\default\pkgContextInfo.json cache by regenerate.
[2026-07-30T10:05:26.063] [DEBUG] debug-file - Update task entry:default@BuildJS output file:E:\0730\hongmeng2\entry\build\default\intermediates\loader_out\default\js cache.
[2026-07-30T10:05:26.063] [DEBUG] debug-file - Incremental task entry:default@BuildJS post-execution cost:2 ms .
[2026-07-30T10:05:26.063] [DEBUG] debug-file - There is no need to refresh cache, since the incremental task entry:default@CacheNativeLibs is up-to-date.
[2026-07-30T10:05:26.063] [DEBUG] debug-file - There is no need to refresh cache, since the incremental task entry:default@GeneratePkgModuleJson is up-to-date.
[2026-07-30T10:05:26.063] [DEBUG] debug-file - Incremental task entry:default@ProcessCompiledResources post-execution cost:1 ms .
[2026-07-30T10:05:26.063] [DEBUG] debug-file - There is no need to refresh cache, since the incremental task entry:default@PackageHap is up-to-date.
[2026-07-30T10:05:26.063] [DEBUG] debug-file - Update task entry:default@SignHap input file:E:\0730\hongmeng2\entry\build\default\outputs\default\entry-default-unsigned.hap cache by regenerate.
[2026-07-30T10:05:26.063] [DEBUG] debug-file - Update task entry:default@SignHap output file:E:\0730\hongmeng2\entry\build\default\outputs\default\entry-default-signed.hap cache.
[2026-07-30T10:05:26.063] [DEBUG] debug-file - Incremental task entry:default@SignHap post-execution cost:1 ms .
[2026-07-30T10:05:26.063] [DEBUG] debug-file - Update task entry:default@CollectDebugSymbol input file:E:\0730\hongmeng2\entry\build\default\intermediates\loader_out\default\ets\sourceMaps.map cache by regenerate.
[2026-07-30T10:05:26.063] [DEBUG] debug-file - Update task entry:default@CollectDebugSymbol input file:E:\0730\hongmeng2\entry\build\default\intermediates\libs\default cache by regenerate.
[2026-07-30T10:05:26.064] [DEBUG] debug-file - Update task entry:default@CollectDebugSymbol output file:E:\0730\hongmeng2\entry\build\default\outputs\default\symbol cache.
[2026-07-30T10:05:26.064] [DEBUG] debug-file - Incremental task entry:default@CollectDebugSymbol post-execution cost:1 ms .
[2026-07-30T10:05:26.079] [DEBUG] debug-file - hvigor build process will be closed.
[2026-07-30T10:05:26.088] [DEBUG] debug-file - session manager: send message to worker process.
[2026-07-30T10:05:26.088] [DEBUG] debug-file - session manager: send message to worker process.
[2026-07-30T10:05:26.088] [DEBUG] debug-file - watch worker: worker id should be larger than 0. Nothing will be sent to any worker thread.
[2026-07-30T10:05:26.088] [DEBUG] debug-file - watch worker: worker id should be larger than 0. Nothing will be sent to any worker thread.
[2026-07-30T10:07:16.567] [DEBUG] debug-file - session manager: set active socket. socketId=ftHyWVVR8Ax82ybQAAAH
[2026-07-30T10:07:16.571] [DEBUG] debug-file - watch worker: worker id should be larger than 0. Nothing will be sent to any worker thread.
[2026-07-30T10:07:16.573] [DEBUG] debug-file - Workers' log level updated to INFO
[2026-07-30T10:07:16.574] [DEBUG] debug-file - Hvigor init with startParameters:{
  hvigorfileTypeCheck: false,
  parallelExecution: true,
  incrementalExecution: true,
  printStackTrace: false,
  daemon: true,
  analyze: 0,
  logLevel: Level { level: 20000, levelStr: 'INFO', colour: 'green' },
  optimizationStrategy: 'memory',
  hotCompile: undefined,
  hotReloadBuild: undefined,
  customizedParam: undefined
}
[2026-07-30T10:07:16.580] [DEBUG] debug-file - Cache service initialization finished in 6 ms 
[2026-07-30T10:07:16.580] [DEBUG] debug-file - hvigorfile, resolving E:\0730\hongmeng2\hvigorfile.ts
[2026-07-30T10:07:16.585] [DEBUG] debug-file - hvigorfile, require result:  { default: { plugins: [] } }
[2026-07-30T10:07:16.585] [DEBUG] debug-file - hvigorfile, binding system plugins null
[2026-07-30T10:07:16.585] [DEBUG] debug-file - Starting plugin build process
[2026-07-30T10:07:16.585] [DEBUG] debug-file - App plugin prepare start...
[2026-07-30T10:07:16.586] [DEBUG] debug-file - App plugin prepare end...
[2026-07-30T10:07:16.586] [DEBUG] debug-file - App plugin creating...
[2026-07-30T10:07:16.588] [DEBUG] debug-file - App plugin register hook start...
[2026-07-30T10:07:16.588] [DEBUG] debug-file - App plugin register hook end...
[2026-07-30T10:07:16.588] [DEBUG] debug-file - Plugin build process completed
[2026-07-30T10:07:16.588] [DEBUG] debug-file - Start initialize project's product build option map with build mode debug.
[2026-07-30T10:07:16.589] [DEBUG] debug-file - Picking option from product 'default' with build mode 'debug'.
[2026-07-30T10:07:16.589] [DEBUG] debug-file - Product 'default' build option initialized
[2026-07-30T10:07:16.589] [DEBUG] debug-file - End initialize project's product build option map with build mode 'debug'.
[2026-07-30T10:07:16.589] [DEBUG] debug-file - Obtain build option for product 'default'in this build.
[2026-07-30T10:07:16.591] [DEBUG] debug-file - No signingConfig found, initRemoteHspCache failed.
[2026-07-30T10:07:16.593] [DEBUG] debug-file - Start recording SDK configuration permission data.
[2026-07-30T10:07:16.615] [DEBUG] debug-file - Sdk init in 24 ms 
[2026-07-30T10:07:16.617] [DEBUG] debug-file - Project task initialization takes 2 ms 
[2026-07-30T10:07:16.617] [DEBUG] debug-file - hvigorfile, begin to bind custom plugins...
[2026-07-30T10:07:16.617] [DEBUG] debug-file - hvigorfile, no custom plugins were found in E:\0730\hongmeng2\hvigorfile.ts
[2026-07-30T10:07:16.617] [DEBUG] debug-file - hvigorfile, resolve finished E:\0730\hongmeng2\hvigorfile.ts
[2026-07-30T10:07:16.618] [DEBUG] debug-file - hvigorfile, resolving E:\0730\hongmeng2\entry\hvigorfile.ts
[2026-07-30T10:07:16.621] [DEBUG] debug-file - hvigorfile, require result:  { default: { plugins: [] } }
[2026-07-30T10:07:16.621] [DEBUG] debug-file - hvigorfile, binding system plugins null
[2026-07-30T10:07:16.621] [DEBUG] debug-file - Starting plugin build process
[2026-07-30T10:07:16.621] [DEBUG] debug-file - Hap plugin creating...
[2026-07-30T10:07:16.622] [DEBUG] debug-file - failed to load cangjie to dynamically generate schemas: Error: Cannot find module '@ohos/cangjie-build-support/index'
Require stack:
- D:\Program Files\DevEco Studio\tools\hvigor\hvigor-ohos-plugin\src\plugin\hooks\cangjie-register.js
- D:\Program Files\DevEco Studio\tools\hvigor\hvigor-ohos-plugin\src\plugin\strategy\stage-init-strategy.js
- D:\Program Files\DevEco Studio\tools\hvigor\hvigor-ohos-plugin\src\plugin\builder\abstract-plugin-builder.js
- D:\Program Files\DevEco Studio\tools\hvigor\hvigor-ohos-plugin\src\plugin\builder\app-plugin-builder.js
- D:\Program Files\DevEco Studio\tools\hvigor\hvigor-ohos-plugin\src\plugin\factory\plugin-factory.js
- D:\Program Files\DevEco Studio\tools\hvigor\hvigor-ohos-plugin\index.js
- E:\0730\hongmeng2\hvigorfile.ts
- D:\Program Files\DevEco Studio\tools\hvigor\hvigor\src\base\internal\lifecycle\configuration.js
- D:\Program Files\DevEco Studio\tools\hvigor\hvigor\src\base\boot\index.js
- D:\Program Files\DevEco Studio\tools\hvigor\hvigor\src\base\daemon\cluster\worker-process-lifecycle.js
- D:\Program Files\DevEco Studio\tools\hvigor\hvigor\src\base\daemon\process\daemon-process-boot-script.js
[2026-07-30T10:07:16.623] [DEBUG] debug-file - Start initialize module-target build option map, moduleName=entry, buildMode=debug
[2026-07-30T10:07:16.623] [DEBUG] debug-file - Target 'default' config initialized
[2026-07-30T10:07:16.624] [DEBUG] debug-file - Target 'ohosTest' config initialized
[2026-07-30T10:07:16.624] [DEBUG] debug-file - Module 'entry' target 'default' build option initialized
[2026-07-30T10:07:16.624] [DEBUG] debug-file - Module 'entry' target 'ohosTest' build option initialized
[2026-07-30T10:07:16.624] [DEBUG] debug-file - End initialize module-target build option map, moduleName=entry
[2026-07-30T10:07:16.624] [DEBUG] debug-file - Start initialize module-target build option map, moduleName=entry, buildMode=release
[2026-07-30T10:07:16.624] [DEBUG] debug-file - Target 'default' config initialized
[2026-07-30T10:07:16.624] [DEBUG] debug-file - Target 'ohosTest' config initialized
[2026-07-30T10:07:16.625] [DEBUG] debug-file - Module 'entry' target 'default' build option initialized
[2026-07-30T10:07:16.625] [DEBUG] debug-file - Module 'entry' target 'ohosTest' build option initialized
[2026-07-30T10:07:16.625] [DEBUG] debug-file - End initialize module-target build option map, moduleName=entry
[2026-07-30T10:07:16.625] [DEBUG] debug-file - Start initialize module-target build option map, moduleName=entry, buildMode=debug
[2026-07-30T10:07:16.625] [DEBUG] debug-file - Target 'default' config initialized
[2026-07-30T10:07:16.625] [DEBUG] debug-file - Target 'ohosTest' config initialized
[2026-07-30T10:07:16.625] [DEBUG] debug-file - Module 'entry' target 'default' build option initialized
[2026-07-30T10:07:16.625] [DEBUG] debug-file - Module 'entry' target 'ohosTest' build option initialized
[2026-07-30T10:07:16.625] [DEBUG] debug-file - End initialize module-target build option map, moduleName=entry
[2026-07-30T10:07:16.625] [DEBUG] debug-file - Obtain build option for module 'entry' target 'default'in this build.
[2026-07-30T10:07:16.626] [DEBUG] debug-file - Module entry task initialization takes 1 ms 
[2026-07-30T10:07:16.626] [DEBUG] debug-file - Hap plugin register hook start...
[2026-07-30T10:07:16.626] [DEBUG] debug-file - Hap plugin register hook end...
[2026-07-30T10:07:16.626] [DEBUG] debug-file - Plugin build process completed
[2026-07-30T10:07:16.626] [DEBUG] debug-file - hvigorfile, begin to bind custom plugins...
[2026-07-30T10:07:16.626] [DEBUG] debug-file - hvigorfile, no custom plugins were found in E:\0730\hongmeng2\entry\hvigorfile.ts
[2026-07-30T10:07:16.626] [DEBUG] debug-file - hvigorfile, resolve finished E:\0730\hongmeng2\entry\hvigorfile.ts
[2026-07-30T10:07:16.641] [DEBUG] debug-file - hvigorfile, resolve hvigorfile dependencies in 15 ms 
[2026-07-30T10:07:16.641] [DEBUG] debug-file - project has submodules:entry
[2026-07-30T10:07:16.642] [DEBUG] debug-file - start to load updatedOhPackageInfo to the disk
[2026-07-30T10:07:16.643] [DEBUG] debug-file - load to the disk finished
[2026-07-30T10:07:16.643] [DEBUG] debug-file - Start to initialize dependency information.
[2026-07-30T10:07:16.646] [DEBUG] debug-file - Module hongmeng2 Collected Dependency: 
[2026-07-30T10:07:16.646] [DEBUG] debug-file - Module hongmeng2's total dependency: 0
[2026-07-30T10:07:16.646] [DEBUG] debug-file - Start to initialize dependency information.
[2026-07-30T10:07:16.647] [DEBUG] debug-file - Module entry Collected Dependency: 
[2026-07-30T10:07:16.647] [DEBUG] debug-file - Module entry's total dependency: 0
[2026-07-30T10:07:16.648] [DEBUG] debug-file - Configuration phase cost:69 ms 
[2026-07-30T10:07:16.649] [DEBUG] debug-file - Configuration task cost before running: 76 ms 
[2026-07-30T10:07:16.651] [DEBUG] debug-file - Executing task :entry:default@PreBuild
[2026-07-30T10:07:16.653] [DEBUG] debug-file - Task 'entry:default@PreBuild' cost while wrapping incremental declarations: 1 ms 
[2026-07-30T10:07:16.656] [DEBUG] debug-file - Incremental task entry:default@PreBuild pre-execution cost: 2 ms .
[2026-07-30T10:07:16.656] [DEBUG] debug-file - entry : default@PreBuild cost memory 0.5909957885742188
[2026-07-30T10:07:16.657] [INFO] debug-file - UP-TO-DATE :entry:default@PreBuild...  
[2026-07-30T10:07:16.658] [DEBUG] debug-file - Executing task :entry:default@CreateModuleInfo
[2026-07-30T10:07:16.658] [DEBUG] debug-file - Task 'entry:default@CreateModuleInfo' cost while wrapping incremental declarations: 1 ms 
[2026-07-30T10:07:16.658] [DEBUG] debug-file - entry : default@CreateModuleInfo cost memory 0.0434112548828125
[2026-07-30T10:07:16.658] [DEBUG] debug-file - runTaskFromQueue task cost before running: 86 ms 
[2026-07-30T10:07:16.658] [INFO] debug-file - Finished :entry:default@CreateModuleInfo... after 1 ms 
[2026-07-30T10:07:16.659] [DEBUG] debug-file - Executing task :entry:default@GenerateMetadata
[2026-07-30T10:07:16.659] [DEBUG] debug-file - Task 'entry:default@GenerateMetadata' cost while wrapping incremental declarations: 1 ms 
[2026-07-30T10:07:16.660] [DEBUG] debug-file - Incremental task entry:default@GenerateMetadata pre-execution cost: 1 ms .
[2026-07-30T10:07:16.660] [DEBUG] debug-file - entry : default@GenerateMetadata cost memory 0.08409881591796875
[2026-07-30T10:07:16.660] [INFO] debug-file - UP-TO-DATE :entry:default@GenerateMetadata...  
[2026-07-30T10:07:16.660] [DEBUG] debug-file - Executing task :entry:default@ConfigureCmake
[2026-07-30T10:07:16.660] [DEBUG] debug-file - entry : default@ConfigureCmake cost memory 0.01715850830078125
[2026-07-30T10:07:16.661] [DEBUG] debug-file - runTaskFromQueue task cost before running: 88 ms 
[2026-07-30T10:07:16.661] [INFO] debug-file - Finished :entry:default@ConfigureCmake... after 1 ms 
[2026-07-30T10:07:16.661] [DEBUG] debug-file - Executing task :entry:default@MergeProfile
[2026-07-30T10:07:16.661] [DEBUG] debug-file - Task 'entry:default@MergeProfile' cost while wrapping incremental declarations: 1 ms 
[2026-07-30T10:07:16.662] [DEBUG] debug-file - Incremental task entry:default@MergeProfile pre-execution cost: 1 ms .
[2026-07-30T10:07:16.662] [DEBUG] debug-file - entry : default@MergeProfile cost memory 0.1263885498046875
[2026-07-30T10:07:16.662] [INFO] debug-file - UP-TO-DATE :entry:default@MergeProfile...  
[2026-07-30T10:07:16.663] [DEBUG] debug-file - Executing task :entry:default@CreateBuildProfile
[2026-07-30T10:07:16.663] [DEBUG] debug-file - Task 'entry:default@CreateBuildProfile' cost while wrapping incremental declarations: 1 ms 
[2026-07-30T10:07:16.664] [DEBUG] debug-file - Incremental task entry:default@CreateBuildProfile pre-execution cost: 1 ms .
[2026-07-30T10:07:16.664] [DEBUG] debug-file - entry : default@CreateBuildProfile cost memory 0.10430145263671875
[2026-07-30T10:07:16.664] [INFO] debug-file - UP-TO-DATE :entry:default@CreateBuildProfile...  
[2026-07-30T10:07:16.665] [DEBUG] debug-file - Executing task :entry:default@PreCheckSyscap
[2026-07-30T10:07:16.665] [DEBUG] debug-file - entry : default@PreCheckSyscap cost memory 0.0147857666015625
[2026-07-30T10:07:16.665] [DEBUG] debug-file - runTaskFromQueue task cost before running: 92 ms 
[2026-07-30T10:07:16.665] [INFO] debug-file - Finished :entry:default@PreCheckSyscap... after 1 ms 
[2026-07-30T10:07:16.666] [DEBUG] debug-file - Executing task :entry:default@GeneratePkgContextInfo
[2026-07-30T10:07:16.667] [DEBUG] debug-file - Task 'entry:default@GeneratePkgContextInfo' cost while wrapping incremental declarations: 1 ms 
[2026-07-30T10:07:16.668] [DEBUG] debug-file - Incremental task entry:default@GeneratePkgContextInfo pre-execution cost: 1 ms .
[2026-07-30T10:07:16.668] [DEBUG] debug-file - entry : default@GeneratePkgContextInfo cost memory 0.20612335205078125
[2026-07-30T10:07:16.668] [INFO] debug-file - UP-TO-DATE :entry:default@GeneratePkgContextInfo...  
[2026-07-30T10:07:16.668] [DEBUG] debug-file - Executing task :entry:default@GeneratePkgSdkInfo
[2026-07-30T10:07:16.669] [DEBUG] debug-file - Task 'entry:default@GeneratePkgSdkInfo' cost while wrapping incremental declarations: 1 ms 
[2026-07-30T10:07:16.670] [DEBUG] debug-file - entry : default@GeneratePkgSdkInfo cost memory 0.1204376220703125
[2026-07-30T10:07:16.670] [DEBUG] debug-file - runTaskFromQueue task cost before running: 97 ms 
[2026-07-30T10:07:16.670] [INFO] debug-file - Finished :entry:default@GeneratePkgSdkInfo... after 2 ms 
[2026-07-30T10:07:16.671] [DEBUG] debug-file - Executing task :entry:default@ProcessIntegratedHsp
[2026-07-30T10:07:16.671] [DEBUG] debug-file - entry:default@ProcessIntegratedHsp is not up-to-date, since the output file 'E:\0730\hongmeng2\build\cache\default\integrated_hsp\integratedHspCache.json' does not exist.
[2026-07-30T10:07:16.671] [DEBUG] debug-file - Incremental task entry:default@ProcessIntegratedHsp pre-execution cost: 1 ms .
[2026-07-30T10:07:16.671] [DEBUG] debug-file - entry : default@ProcessIntegratedHsp cost memory 0.05469512939453125
[2026-07-30T10:07:16.671] [DEBUG] debug-file - runTaskFromQueue task cost before running: 99 ms 
[2026-07-30T10:07:16.672] [INFO] debug-file - Finished :entry:default@ProcessIntegratedHsp... after 1 ms 
[2026-07-30T10:07:16.672] [DEBUG] debug-file - Executing task :entry:default@BuildNativeWithCmake
[2026-07-30T10:07:16.672] [DEBUG] debug-file - entry : default@BuildNativeWithCmake cost memory 0.0144805908203125
[2026-07-30T10:07:16.672] [DEBUG] debug-file - runTaskFromQueue task cost before running: 100 ms 
[2026-07-30T10:07:16.672] [INFO] debug-file - Finished :entry:default@BuildNativeWithCmake... after 1 ms 
[2026-07-30T10:07:16.673] [DEBUG] debug-file - Executing task :entry:default@MakePackInfo
[2026-07-30T10:07:16.675] [DEBUG] debug-file - Incremental task entry:default@MakePackInfo pre-execution cost: 1 ms .
[2026-07-30T10:07:16.675] [DEBUG] debug-file - entry : default@MakePackInfo cost memory 0.1231231689453125
[2026-07-30T10:07:16.675] [INFO] debug-file - UP-TO-DATE :entry:default@MakePackInfo...  
[2026-07-30T10:07:16.676] [DEBUG] debug-file - Executing task :entry:default@SyscapTransform
[2026-07-30T10:07:16.676] [DEBUG] debug-file - File: 'E:\0730\hongmeng2\entry\src\main\syscap.json' from 'sysCapJsonPath' is not exists, just ignore.
[2026-07-30T10:07:16.676] [DEBUG] debug-file - Task 'entry:default@SyscapTransform' cost while wrapping incremental declarations: 1 ms 
[2026-07-30T10:07:16.677] [DEBUG] debug-file - entry:default@SyscapTransform is not up-to-date, since the output file 'E:\0730\hongmeng2\entry\build\default\intermediates\syscap\default\rpcid.sc' does not exist.
[2026-07-30T10:07:16.677] [DEBUG] debug-file - Incremental task entry:default@SyscapTransform pre-execution cost: 1 ms .
[2026-07-30T10:07:16.678] [DEBUG] debug-file - entry : default@SyscapTransform cost memory 0.16667938232421875
[2026-07-30T10:07:16.678] [DEBUG] debug-file - runTaskFromQueue task cost before running: 105 ms 
[2026-07-30T10:07:16.678] [INFO] debug-file - Finished :entry:default@SyscapTransform... after 2 ms 
[2026-07-30T10:07:16.678] [DEBUG] debug-file - Executing task :entry:default@ProcessProfile
[2026-07-30T10:07:16.679] [DEBUG] debug-file - Task 'entry:default@ProcessProfile' cost while wrapping incremental declarations: 1 ms 
[2026-07-30T10:07:16.679] [DEBUG] debug-file - Incremental task entry:default@ProcessProfile pre-execution cost: 1 ms .
[2026-07-30T10:07:16.679] [DEBUG] debug-file - entry : default@ProcessProfile cost memory 0.13875579833984375
[2026-07-30T10:07:16.680] [INFO] debug-file - UP-TO-DATE :entry:default@ProcessProfile...  
[2026-07-30T10:07:16.681] [DEBUG] debug-file - Executing task :entry:default@ProcessRouterMap
[2026-07-30T10:07:16.682] [DEBUG] debug-file - Incremental task entry:default@ProcessRouterMap pre-execution cost: 1 ms .
[2026-07-30T10:07:16.682] [DEBUG] debug-file - entry : default@ProcessRouterMap cost memory 0.148529052734375
[2026-07-30T10:07:16.682] [INFO] debug-file - UP-TO-DATE :entry:default@ProcessRouterMap...  
[2026-07-30T10:07:16.683] [DEBUG] debug-file - Executing task :entry:default@ProcessShareConfig
[2026-07-30T10:07:16.683] [DEBUG] debug-file - Incremental task entry:default@ProcessShareConfig pre-execution cost: 1 ms .
[2026-07-30T10:07:16.683] [DEBUG] debug-file - entry : default@ProcessShareConfig cost memory 0.125701904296875
[2026-07-30T10:07:16.684] [INFO] debug-file - UP-TO-DATE :entry:default@ProcessShareConfig...  
[2026-07-30T10:07:16.684] [DEBUG] debug-file - Executing task :entry:default@ProcessStartupConfig
[2026-07-30T10:07:16.684] [DEBUG] debug-file - Task 'entry:default@ProcessStartupConfig' cost while wrapping incremental declarations: 1 ms 
[2026-07-30T10:07:16.685] [DEBUG] debug-file - entry:default@ProcessStartupConfig is not up-to-date, since the output file 'E:\0730\hongmeng2\entry\build\default\intermediates\startup\default\startup_config.json' does not exist.
[2026-07-30T10:07:16.685] [DEBUG] debug-file - Incremental task entry:default@ProcessStartupConfig pre-execution cost: 1 ms .
[2026-07-30T10:07:16.685] [DEBUG] debug-file - entry : default@ProcessStartupConfig cost memory 0.13100433349609375
[2026-07-30T10:07:16.685] [DEBUG] debug-file - runTaskFromQueue task cost before running: 113 ms 
[2026-07-30T10:07:16.685] [INFO] debug-file - Finished :entry:default@ProcessStartupConfig... after 1 ms 
[2026-07-30T10:07:16.686] [DEBUG] debug-file - Executing task :entry:default@BuildNativeWithNinja
[2026-07-30T10:07:16.686] [DEBUG] debug-file - entry : default@BuildNativeWithNinja cost memory 0.02286529541015625
[2026-07-30T10:07:16.686] [DEBUG] debug-file - runTaskFromQueue task cost before running: 114 ms 
[2026-07-30T10:07:16.686] [INFO] debug-file - Finished :entry:default@BuildNativeWithNinja... after 1 ms 
[2026-07-30T10:07:16.687] [DEBUG] debug-file - restool module names: entry; moduleName=entry, taskName=default@ProcessResource
[2026-07-30T10:07:16.688] [DEBUG] debug-file - Executing task :entry:default@ProcessResource
[2026-07-30T10:07:16.688] [DEBUG] debug-file - Task 'entry:default@ProcessResource' cost while wrapping incremental declarations: 1 ms 
[2026-07-30T10:07:16.688] [DEBUG] debug-file - Incremental task entry:default@ProcessResource pre-execution cost: 1 ms .
[2026-07-30T10:07:16.688] [DEBUG] debug-file - entry : default@ProcessResource cost memory 0.134552001953125
[2026-07-30T10:07:16.689] [INFO] debug-file - UP-TO-DATE :entry:default@ProcessResource...  
[2026-07-30T10:07:16.690] [DEBUG] debug-file - Executing task :entry:default@GenerateLoaderJson
[2026-07-30T10:07:16.690] [DEBUG] debug-file - Task 'entry:default@GenerateLoaderJson' cost while wrapping incremental declarations: 1 ms 
[2026-07-30T10:07:16.693] [DEBUG] debug-file - Incremental task entry:default@GenerateLoaderJson pre-execution cost: 2 ms .
[2026-07-30T10:07:16.693] [DEBUG] debug-file - entry : default@GenerateLoaderJson cost memory 0.4689788818359375
[2026-07-30T10:07:16.695] [INFO] debug-file - UP-TO-DATE :entry:default@GenerateLoaderJson...  
[2026-07-30T10:07:16.696] [DEBUG] debug-file - Executing task :entry:default@ProcessLibs
[2026-07-30T10:07:16.697] [DEBUG] debug-file - Incremental task entry:default@ProcessLibs pre-execution cost: 1 ms .
[2026-07-30T10:07:16.697] [DEBUG] debug-file - entry : default@ProcessLibs cost memory 0.09746551513671875
[2026-07-30T10:07:16.697] [INFO] debug-file - UP-TO-DATE :entry:default@ProcessLibs...  
[2026-07-30T10:07:16.698] [DEBUG] debug-file - restool module names: entry; moduleName=entry, taskName=default@CompileResource
[2026-07-30T10:07:16.698] [DEBUG] debug-file - Executing task :entry:default@CompileResource
[2026-07-30T10:07:16.702] [DEBUG] debug-file - Incremental task entry:default@CompileResource pre-execution cost: 4 ms .
[2026-07-30T10:07:16.702] [DEBUG] debug-file - entry : default@CompileResource cost memory 0.6554489135742188
[2026-07-30T10:07:16.702] [INFO] debug-file - UP-TO-DATE :entry:default@CompileResource...  
[2026-07-30T10:07:16.703] [DEBUG] debug-file - Executing task :entry:default@DoNativeStrip
[2026-07-30T10:07:16.703] [DEBUG] debug-file - File: 'E:\0730\hongmeng2\entry\build\default\intermediates\binxo\default' from 'doBinxoNativeLibs' is not exists, just ignore.
[2026-07-30T10:07:16.703] [DEBUG] debug-file - Task 'entry:default@DoNativeStrip' cost while wrapping incremental declarations: 1 ms 
[2026-07-30T10:07:16.703] [DEBUG] debug-file - Incremental task entry:default@DoNativeStrip pre-execution cost: 1 ms .
[2026-07-30T10:07:16.703] [DEBUG] debug-file - entry : default@DoNativeStrip cost memory 0.091094970703125
[2026-07-30T10:07:16.703] [INFO] debug-file - UP-TO-DATE :entry:default@DoNativeStrip...  
[2026-07-30T10:07:16.704] [DEBUG] debug-file - Executing task :entry:default@CompileArkTS
[2026-07-30T10:07:16.704] [DEBUG] debug-file - obfuscationOptions: undefined
[2026-07-30T10:07:16.705] [DEBUG] debug-file - Task 'entry:default@CompileArkTS' cost while wrapping incremental declarations: 1 ms 
[2026-07-30T10:07:16.709] [DEBUG] debug-file - Incremental task entry:default@CompileArkTS pre-execution cost: 4 ms .
[2026-07-30T10:07:16.709] [DEBUG] debug-file - entry : default@CompileArkTS cost memory -1.1829910278320312
[2026-07-30T10:07:16.710] [INFO] debug-file - UP-TO-DATE :entry:default@CompileArkTS...  
[2026-07-30T10:07:16.711] [DEBUG] debug-file - Executing task :entry:default@BuildJS
[2026-07-30T10:07:16.711] [DEBUG] debug-file - Task 'entry:default@BuildJS' cost while wrapping incremental declarations: 1 ms 
[2026-07-30T10:07:16.712] [DEBUG] debug-file - entry : default@BuildJS cost memory 0.151123046875
[2026-07-30T10:07:16.712] [DEBUG] debug-file - runTaskFromQueue task cost before running: 139 ms 
[2026-07-30T10:07:16.712] [INFO] debug-file - Finished :entry:default@BuildJS... after 2 ms 
[2026-07-30T10:07:16.712] [DEBUG] debug-file - Executing task :entry:default@CacheNativeLibs
[2026-07-30T10:07:16.713] [DEBUG] debug-file - File: 'E:\0730\hongmeng2\entry\build\default\intermediates\binxo\default' from 'cacheBinxoNativeLibs' is not exists, just ignore.
[2026-07-30T10:07:16.713] [DEBUG] debug-file - Task 'entry:default@CacheNativeLibs' cost while wrapping incremental declarations: 1 ms 
[2026-07-30T10:07:16.713] [DEBUG] debug-file - Incremental task entry:default@CacheNativeLibs pre-execution cost: 1 ms .
[2026-07-30T10:07:16.713] [DEBUG] debug-file - entry : default@CacheNativeLibs cost memory 0.1200714111328125
[2026-07-30T10:07:16.713] [INFO] debug-file - UP-TO-DATE :entry:default@CacheNativeLibs...  
[2026-07-30T10:07:16.714] [DEBUG] debug-file - Executing task :entry:default@GeneratePkgModuleJson
[2026-07-30T10:07:16.714] [DEBUG] debug-file - File: 'E:\0730\hongmeng2\entry\build\default\intermediates\preload\default\preload.json' from 'preloadSoJsonPath' is not exists, just ignore.
[2026-07-30T10:07:16.714] [DEBUG] debug-file - Error occurs while handling @Input 'shouldDeduplicateHar': The "data" argument must be of type string or an instance of Buffer, TypedArray, or DataView. Received undefined
[2026-07-30T10:07:16.714] [DEBUG] debug-file - Task 'entry:default@GeneratePkgModuleJson' cost while wrapping incremental declarations: 1 ms 
[2026-07-30T10:07:16.714] [DEBUG] debug-file - Incremental task entry:default@GeneratePkgModuleJson pre-execution cost: 1 ms .
[2026-07-30T10:07:16.715] [DEBUG] debug-file - entry : default@GeneratePkgModuleJson cost memory 0.10480499267578125
[2026-07-30T10:07:16.715] [INFO] debug-file - UP-TO-DATE :entry:default@GeneratePkgModuleJson...  
[2026-07-30T10:07:16.715] [DEBUG] debug-file - Executing task :entry:default@ProcessCompiledResources
[2026-07-30T10:07:16.715] [DEBUG] debug-file - File: 'E:\0730\hongmeng2\entry\build\default\intermediates\preload\default\preload.json' from 'preloadSoJsonPath' is not exists, just ignore.
[2026-07-30T10:07:16.715] [DEBUG] debug-file - Task 'entry:default@ProcessCompiledResources' cost while wrapping incremental declarations: 1 ms 
[2026-07-30T10:07:16.715] [DEBUG] debug-file - entry : default@ProcessCompiledResources cost memory 0.056610107421875
[2026-07-30T10:07:16.715] [DEBUG] debug-file - runTaskFromQueue task cost before running: 143 ms 
[2026-07-30T10:07:16.715] [INFO] debug-file - Finished :entry:default@ProcessCompiledResources... after 1 ms 
[2026-07-30T10:07:16.716] [DEBUG] debug-file - Executing task :entry:default@PackageHap
[2026-07-30T10:07:16.718] [DEBUG] debug-file - entry:default@PackageHap is not up-to-date, since the output file 'E:\0730\hongmeng2\entry\build\default\outputs\default\entry-default-unsigned.hap' does not exist.
[2026-07-30T10:07:16.719] [DEBUG] debug-file - Incremental task entry:default@PackageHap pre-execution cost: 2 ms .
[2026-07-30T10:07:16.719] [DEBUG] debug-file - Use tool [D:\Program Files\DevEco Studio\sdk\default\openharmony\toolchains\lib\app_packing_tool.jar]
 [
  'java',
  '-Dfile.encoding=GBK',
  '-jar',
  'D:\\Program Files\\DevEco Studio\\sdk\\default\\openharmony\\toolchains\\lib\\app_packing_tool.jar',
  '--mode',
  'hap',
  '--force',
  'true',
  '--lib-path',
  'E:\\0730\\hongmeng2\\entry\\build\\default\\intermediates\\stripped_native_libs\\default',
  '--json-path',
  'E:\\0730\\hongmeng2\\entry\\build\\default\\intermediates\\package\\default\\module.json',
  '--resources-path',
  'E:\\0730\\hongmeng2\\entry\\build\\default\\intermediates\\res\\default\\resources',
  '--index-path',
  'E:\\0730\\hongmeng2\\entry\\build\\default\\intermediates\\res\\default\\resources.index',
  '--pack-info-path',
  'E:\\0730\\hongmeng2\\entry\\build\\default\\outputs\\default\\pack.info',
  '--out-path',
  'E:\\0730\\hongmeng2\\entry\\build\\default\\outputs\\default\\entry-default-unsigned.hap',
  '--ets-path',
  'E:\\0730\\hongmeng2\\entry\\build\\default\\intermediates\\loader_out\\default\\ets',
  '--pkg-context-path',
  'E:\\0730\\hongmeng2\\entry\\build\\default\\intermediates\\loader\\default\\pkgContextInfo.json'
]
[2026-07-30T10:07:16.720] [DEBUG] debug-file - default@PackageHap work[3] is submitted.
[2026-07-30T10:07:16.720] [DEBUG] debug-file - default@PackageHap work[3] is pushed to ready queue.
[2026-07-30T10:07:16.720] [DEBUG] debug-file - A work dispatched to worker[15] failed because unable to get work from ready queue.
[2026-07-30T10:07:16.721] [DEBUG] debug-file - Create  resident worker with id: 14.
[2026-07-30T10:07:16.722] [DEBUG] debug-file - default@PackageHap work[3] has been dispatched to worker[14].
[2026-07-30T10:07:16.722] [DEBUG] debug-file - default@PackageHap work[3] is dispatched.
[2026-07-30T10:07:16.724] [DEBUG] debug-file - entry : default@PackageHap cost memory -0.9899063110351562
[2026-07-30T10:07:17.353] [DEBUG] debug-file - current process  memoryUsage: {
  rss: 436891648,
  heapTotal: 81035264,
  heapUsed: 51191960,
  external: 2357796,
  arrayBuffers: 116119
} os memoryUsage :18.544597625732422
[2026-07-30T10:07:17.688] [DEBUG] debug-file - worker[14] has one work done.
[2026-07-30T10:07:17.688] [DEBUG] debug-file - default@PackageHap work[3] done.
[2026-07-30T10:07:17.688] [DEBUG] debug-file - A work dispatched to worker[14] failed because unable to get work from ready queue.
[2026-07-30T10:07:17.688] [INFO] debug-file - Finished :entry:default@PackageHap... after 344 ms 
[2026-07-30T10:07:17.689] [DEBUG] debug-file - Executing task :entry:default@PackingCheck
[2026-07-30T10:07:17.691] [DEBUG] debug-file - entry : default@PackingCheck cost memory 0.30817413330078125
[2026-07-30T10:07:17.691] [DEBUG] debug-file - runTaskFromQueue task cost before running: 1 s 118 ms 
[2026-07-30T10:07:17.691] [INFO] debug-file - Finished :entry:default@PackingCheck... after 2 ms 
[2026-07-30T10:07:17.691] [DEBUG] debug-file - Executing task :entry:default@SignHap
[2026-07-30T10:07:17.692] [WARN] debug-file - Will skip sign 'hos_hap'. No signingConfigs profile is configured in current project.
             If needed, configure the signingConfigs in E:\0730\hongmeng2\build-profile.json5.
[2026-07-30T10:07:17.692] [DEBUG] debug-file - entry:default@SignHap is not up-to-date, since the input file 'E:\0730\hongmeng2\entry\build\default\outputs\default\entry-default-unsigned.hap' has been changed.
[2026-07-30T10:07:17.692] [DEBUG] debug-file - Incremental task entry:default@SignHap pre-execution cost: 1 ms .
[2026-07-30T10:07:17.692] [DEBUG] debug-file - entry : default@SignHap cost memory 0.0892181396484375
[2026-07-30T10:07:17.692] [DEBUG] debug-file - runTaskFromQueue task cost before running: 1 s 120 ms 
[2026-07-30T10:07:17.692] [INFO] debug-file - Finished :entry:default@SignHap... after 1 ms 
[2026-07-30T10:07:17.693] [DEBUG] debug-file - Executing task :entry:default@CollectDebugSymbol
[2026-07-30T10:07:17.693] [DEBUG] debug-file - entry : default@CollectDebugSymbol cost memory 0.08191680908203125
[2026-07-30T10:07:17.694] [DEBUG] debug-file - runTaskFromQueue task cost before running: 1 s 121 ms 
[2026-07-30T10:07:17.694] [INFO] debug-file - Finished :entry:default@CollectDebugSymbol... after 1 ms 
[2026-07-30T10:07:17.694] [DEBUG] debug-file - Executing task :entry:assembleHap
[2026-07-30T10:07:17.694] [DEBUG] debug-file - entry : assembleHap cost memory 0.0195465087890625
[2026-07-30T10:07:17.694] [DEBUG] debug-file - runTaskFromQueue task cost before running: 1 s 121 ms 
[2026-07-30T10:07:17.694] [INFO] debug-file - Finished :entry:assembleHap... after 1 ms 
[2026-07-30T10:07:17.700] [INFO] debug-file - BUILD SUCCESSFUL in 1 s 128 ms 
[2026-07-30T10:07:17.700] [DEBUG] debug-file - There is no need to refresh cache, since the incremental task entry:default@PreBuild is up-to-date.
[2026-07-30T10:07:17.701] [DEBUG] debug-file - Update task entry:default@CreateModuleInfo output file:E:\0730\hongmeng2\entry\build\default\generated\profile\default\ModuleInfo.ts cache.
[2026-07-30T10:07:17.701] [DEBUG] debug-file - Incremental task entry:default@CreateModuleInfo post-execution cost:1 ms .
[2026-07-30T10:07:17.701] [DEBUG] debug-file - There is no need to refresh cache, since the incremental task entry:default@GenerateMetadata is up-to-date.
[2026-07-30T10:07:17.701] [DEBUG] debug-file - There is no need to refresh cache, since the incremental task entry:default@MergeProfile is up-to-date.
[2026-07-30T10:07:17.701] [DEBUG] debug-file - There is no need to refresh cache, since the incremental task entry:default@CreateBuildProfile is up-to-date.
[2026-07-30T10:07:17.701] [DEBUG] debug-file - There is no need to refresh cache, since the incremental task entry:default@GeneratePkgContextInfo is up-to-date.
[2026-07-30T10:07:17.701] [DEBUG] debug-file - Update task entry:default@GeneratePkgSdkInfo output file:E:\0730\hongmeng2\entry\build\default\intermediates\loader\default\pkgSdkInfo.json cache.
[2026-07-30T10:07:17.701] [DEBUG] debug-file - Incremental task entry:default@GeneratePkgSdkInfo post-execution cost:1 ms .
[2026-07-30T10:07:17.701] [DEBUG] debug-file - Update task entry:default@ProcessIntegratedHsp output file:E:\0730\hongmeng2\build\cache\default\integrated_hsp\integratedHspCache.json cache.
[2026-07-30T10:07:17.701] [DEBUG] debug-file - Incremental task entry:default@ProcessIntegratedHsp post-execution cost:1 ms .
[2026-07-30T10:07:17.701] [DEBUG] debug-file - There is no need to refresh cache, since the incremental task entry:default@MakePackInfo is up-to-date.
[2026-07-30T10:07:17.701] [DEBUG] debug-file - Update task entry:default@SyscapTransform input file:D:\Program Files\DevEco Studio\sdk\default\openharmony\toolchains\syscap_tool.exe cache by regenerate.
[2026-07-30T10:07:17.701] [DEBUG] debug-file - Update task entry:default@SyscapTransform input file:D:\Program Files\DevEco Studio\sdk\default\openharmony\ets\api\device-define cache by regenerate.
[2026-07-30T10:07:17.702] [DEBUG] debug-file - Update task entry:default@SyscapTransform output file:E:\0730\hongmeng2\entry\build\default\intermediates\syscap\default\rpcid.sc cache.
[2026-07-30T10:07:17.702] [DEBUG] debug-file - Incremental task entry:default@SyscapTransform post-execution cost:1 ms .
[2026-07-30T10:07:17.702] [DEBUG] debug-file - There is no need to refresh cache, since the incremental task entry:default@ProcessProfile is up-to-date.
[2026-07-30T10:07:17.702] [DEBUG] debug-file - There is no need to refresh cache, since the incremental task entry:default@ProcessRouterMap is up-to-date.
[2026-07-30T10:07:17.702] [DEBUG] debug-file - There is no need to refresh cache, since the incremental task entry:default@ProcessShareConfig is up-to-date.
[2026-07-30T10:07:17.702] [DEBUG] debug-file - Update task entry:default@ProcessStartupConfig input file:E:\0730\hongmeng2\entry\build\default\intermediates\loader\default\pkgContextInfo.json cache by regenerate.
[2026-07-30T10:07:17.702] [DEBUG] debug-file - Update task entry:default@ProcessStartupConfig output file:E:\0730\hongmeng2\entry\build\default\intermediates\startup\default\startup_config.json cache.
[2026-07-30T10:07:17.702] [DEBUG] debug-file - Incremental task entry:default@ProcessStartupConfig post-execution cost:1 ms .
[2026-07-30T10:07:17.702] [DEBUG] debug-file - There is no need to refresh cache, since the incremental task entry:default@ProcessResource is up-to-date.
[2026-07-30T10:07:17.703] [DEBUG] debug-file - There is no need to refresh cache, since the incremental task entry:default@GenerateLoaderJson is up-to-date.
[2026-07-30T10:07:17.703] [DEBUG] debug-file - There is no need to refresh cache, since the incremental task entry:default@ProcessLibs is up-to-date.
[2026-07-30T10:07:17.703] [DEBUG] debug-file - There is no need to refresh cache, since the incremental task entry:default@CompileResource is up-to-date.
[2026-07-30T10:07:17.703] [DEBUG] debug-file - There is no need to refresh cache, since the incremental task entry:default@DoNativeStrip is up-to-date.
[2026-07-30T10:07:17.703] [DEBUG] debug-file - There is no need to refresh cache, since the incremental task entry:default@CompileArkTS is up-to-date.
[2026-07-30T10:07:17.703] [DEBUG] debug-file - Update task entry:default@BuildJS input file:E:\0730\hongmeng2\entry\build\default\intermediates\loader\default cache by regenerate.
[2026-07-30T10:07:17.703] [DEBUG] debug-file - Update task entry:default@BuildJS input file:E:\0730\hongmeng2\entry\build\default\intermediates\res\default\resources\rawfile cache by regenerate.
[2026-07-30T10:07:17.703] [DEBUG] debug-file - Update task entry:default@BuildJS input file:E:\0730\hongmeng2\entry\build\default\intermediates\res\default\ResourceTable.txt cache by regenerate.
[2026-07-30T10:07:17.703] [DEBUG] debug-file - Update task entry:default@BuildJS input file:E:\0730\hongmeng2\entry\build\default\intermediates\res\default\ark_module.json cache by regenerate.
[2026-07-30T10:07:17.704] [DEBUG] debug-file - Update task entry:default@BuildJS input file:E:\0730\hongmeng2\entry\build\default\intermediates\res\default\resources\base\profile cache by regenerate.
[2026-07-30T10:07:17.704] [DEBUG] debug-file - Update task entry:default@BuildJS input file:E:\0730\hongmeng2\entry\build\default\intermediates\loader\default\pkgContextInfo.json cache by regenerate.
[2026-07-30T10:07:17.704] [DEBUG] debug-file - Update task entry:default@BuildJS output file:E:\0730\hongmeng2\entry\build\default\intermediates\loader_out\default\js cache.
[2026-07-30T10:07:17.704] [DEBUG] debug-file - Incremental task entry:default@BuildJS post-execution cost:2 ms .
[2026-07-30T10:07:17.704] [DEBUG] debug-file - There is no need to refresh cache, since the incremental task entry:default@CacheNativeLibs is up-to-date.
[2026-07-30T10:07:17.705] [DEBUG] debug-file - There is no need to refresh cache, since the incremental task entry:default@GeneratePkgModuleJson is up-to-date.
[2026-07-30T10:07:17.705] [DEBUG] debug-file - Incremental task entry:default@ProcessCompiledResources post-execution cost:1 ms .
[2026-07-30T10:07:17.705] [DEBUG] debug-file - Update task entry:default@PackageHap input file:E:\0730\hongmeng2\entry\build\default\intermediates\stripped_native_libs\default cache by regenerate.
[2026-07-30T10:07:17.705] [DEBUG] debug-file - Update task entry:default@PackageHap input file:E:\0730\hongmeng2\entry\build\default\intermediates\res\default\module.json cache by regenerate.
[2026-07-30T10:07:17.705] [DEBUG] debug-file - Update task entry:default@PackageHap input file:E:\0730\hongmeng2\entry\build\default\intermediates\res\default\resources cache by regenerate.
[2026-07-30T10:07:17.706] [DEBUG] debug-file - Update task entry:default@PackageHap input file:E:\0730\hongmeng2\entry\build\default\intermediates\res\default\resources.index cache by regenerate.
[2026-07-30T10:07:17.706] [DEBUG] debug-file - Update task entry:default@PackageHap input file:E:\0730\hongmeng2\entry\build\default\outputs\default\pack.info cache by regenerate.
[2026-07-30T10:07:17.706] [DEBUG] debug-file - Update task entry:default@PackageHap input file:E:\0730\hongmeng2\entry\build\default\intermediates\loader_out\default\ets cache by regenerate.
[2026-07-30T10:07:17.706] [DEBUG] debug-file - Update task entry:default@PackageHap input file:E:\0730\hongmeng2\entry\build\default\intermediates\loader\default\pkgContextInfo.json cache by regenerate.
[2026-07-30T10:07:17.706] [DEBUG] debug-file - Update task entry:default@PackageHap input file:E:\0730\hongmeng2\entry\build\default\intermediates\loader_out\default\ets\sourceMaps.map cache by regenerate.
[2026-07-30T10:07:17.706] [DEBUG] debug-file - Update task entry:default@PackageHap input file:E:\0730\hongmeng2\entry\build\default\generated\profile\default\BuildProfile.ets cache by regenerate.
[2026-07-30T10:07:17.706] [DEBUG] debug-file - Update task entry:default@PackageHap output file:E:\0730\hongmeng2\entry\build\default\outputs\default\entry-default-unsigned.hap cache.
[2026-07-30T10:07:17.706] [DEBUG] debug-file - Update task entry:default@PackageHap output file:E:\0730\hongmeng2\entry\build\default\intermediates\source_map\default\sourceMaps.map cache.
[2026-07-30T10:07:17.706] [DEBUG] debug-file - Update task entry:default@PackageHap output file:E:\0730\hongmeng2\entry\build\default\outputs\default\mapping\sourceMaps.map cache.
[2026-07-30T10:07:17.706] [DEBUG] debug-file - Incremental task entry:default@PackageHap post-execution cost:2 ms .
[2026-07-30T10:07:17.706] [DEBUG] debug-file - Update task entry:default@SignHap input file:E:\0730\hongmeng2\entry\build\default\outputs\default\entry-default-unsigned.hap cache from map.
[2026-07-30T10:07:17.706] [DEBUG] debug-file - Update task entry:default@SignHap output file:E:\0730\hongmeng2\entry\build\default\outputs\default\entry-default-signed.hap cache.
[2026-07-30T10:07:17.707] [DEBUG] debug-file - Incremental task entry:default@SignHap post-execution cost:1 ms .
[2026-07-30T10:07:17.707] [DEBUG] debug-file - Update task entry:default@CollectDebugSymbol input file:E:\0730\hongmeng2\entry\build\default\intermediates\loader_out\default\ets\sourceMaps.map cache by regenerate.
[2026-07-30T10:07:17.707] [DEBUG] debug-file - Update task entry:default@CollectDebugSymbol input file:E:\0730\hongmeng2\entry\build\default\intermediates\libs\default cache by regenerate.
[2026-07-30T10:07:17.707] [DEBUG] debug-file - Update task entry:default@CollectDebugSymbol output file:E:\0730\hongmeng2\entry\build\default\outputs\default\symbol cache.
[2026-07-30T10:07:17.707] [DEBUG] debug-file - Incremental task entry:default@CollectDebugSymbol post-execution cost:1 ms .
[2026-07-30T10:07:17.722] [DEBUG] debug-file - Cleanup worker 14.
[2026-07-30T10:07:17.722] [DEBUG] debug-file - Worker 14 has been cleaned up.
[2026-07-30T10:07:17.723] [DEBUG] debug-file - Current idle worker size: 1.
[2026-07-30T10:07:17.723] [DEBUG] debug-file - Current resident worker size: 2.
[2026-07-30T10:07:17.723] [DEBUG] debug-file - hvigor build process will be closed.
[2026-07-30T10:07:17.730] [DEBUG] debug-file - session manager: send message to worker process.
[2026-07-30T10:07:17.731] [DEBUG] debug-file - session manager: send message to worker process.
[2026-07-30T10:07:17.730] [DEBUG] debug-file - watch worker: worker id should be larger than 0. Nothing will be sent to any worker thread.
[2026-07-30T10:07:17.731] [DEBUG] debug-file - worker[14] exits with exit code 1.
[2026-07-30T10:07:17.731] [DEBUG] debug-file - watch worker: worker id should be larger than 0. Nothing will be sent to any worker thread.
